row_id,target,role,split_seed
0,7,train,42
1,3,train,42
2,2,train,42
3,1,train,42
4,4,validation,42
5,4,train,42
6,7,train,42
7,7,train,42
8,0,train,42
9,0,validation,42
10,4,train,42
11,5,train,42
12,5,train,42
13,1,train,42
14,3,train,42
15,7,validation,42
16,2,train,42
17,2,validation,42
18,7,validation,42
19,6,train,42
20,9,train,42
21,7,validation,42
22,8,validation,42
23,4,train,42
24,1,validation,42
25,4,train,42
26,2,train,42
27,5,validation,42
28,3,train,42
29,7,train,42
30,6,train,42
31,5,train,42
32,9,train,42
33,8,train,42
34,4,train,42
35,8,train,42
36,7,train,42
37,1,train,42
38,8,train,42
39,6,validation,42
40,1,validation,42
41,8,train,42
42,1,train,42
43,8,train,42
44,5,validation,42
45,1,validation,42
46,5,train,42
47,4,train,42
48,8,train,42
49,7,train,42
50,9,train,42
51,5,train,42
52,4,validation,42
53,5,validation,42
54,0,train,42
55,3,train,42
56,0,train,42
57,9,train,42
58,2,train,42
59,8,train,42
60,0,validation,42
61,2,train,42
62,1,validation,42
63,1,train,42
64,4,train,42
65,0,train,42
66,7,train,42
67,2,validation,42
68,0,train,42
69,4,train,42
70,8,validation,42
71,9,train,42
72,4,train,42
73,3,train,42
74,9,train,42
75,0,train,42
76,3,train,42
77,7,train,42
78,5,train,42
79,1,train,42
80,6,train,42
81,8,train,42
82,4,train,42
83,1,train,42
84,6,train,42
85,2,train,42
86,0,train,42
87,6,train,42
88,5,train,42
89,0,train,42
90,7,train,42
91,8,train,42
92,3,validation,42
93,4,train,42
94,6,validation,42
95,8,validation,42
96,5,train,42
97,8,train,42
98,8,validation,42
99,3,train,42
100,2,train,42
101,0,train,42
102,3,train,42
103,7,validation,42
104,2,train,42
105,5,validation,42
106,0,train,42
107,4,train,42
108,3,train,42
109,7,train,42
110,2,train,42
111,3,train,42
112,3,validation,42
113,5,train,42
114,8,validation,42
115,5,train,42
116,4,train,42
117,7,train,42
118,6,train,42
119,3,train,42
120,9,train,42
121,4,validation,42
122,5,validation,42
123,3,train,42
124,9,train,42
125,8,validation,42
126,5,train,42
127,3,train,42
128,7,train,42
129,9,train,42
130,3,train,42
131,0,train,42
132,5,train,42
133,7,train,42
134,5,train,42
135,1,train,42
136,2,train,42
137,0,validation,42
138,2,train,42
139,0,validation,42
140,0,train,42
141,5,validation,42
142,1,train,42
143,7,train,42
144,3,train,42
145,8,train,42
146,1,train,42
147,3,train,42
148,8,train,42
149,1,validation,42
150,7,validation,42
151,5,train,42
152,8,train,42
153,6,train,42
154,8,train,42
155,6,train,42
156,4,train,42
157,6,train,42
158,9,train,42
159,8,train,42
160,0,train,42
161,2,train,42
162,8,validation,42
163,5,train,42
164,4,train,42
165,5,train,42
166,7,train,42
167,0,train,42
168,7,train,42
169,4,train,42
170,3,train,42
171,4,train,42
172,6,train,42
173,7,train,42
174,3,train,42
175,5,train,42
176,0,train,42
177,0,train,42
178,8,train,42
179,1,train,42
180,0,validation,42
181,2,train,42
182,7,train,42
183,3,train,42
184,6,train,42
185,1,train,42
186,9,train,42
187,7,train,42
188,6,train,42
189,8,train,42
190,5,train,42
191,3,train,42
192,0,validation,42
193,2,train,42
194,9,train,42
195,7,train,42
196,3,train,42
197,2,validation,42
198,6,train,42
199,0,train,42
200,8,validation,42
201,9,validation,42
202,9,validation,42
203,4,train,42
204,0,train,42
205,1,train,42
206,3,train,42
207,5,validation,42
208,7,validation,42
209,7,train,42
210,9,train,42
211,3,validation,42
212,0,train,42
213,3,train,42
214,7,train,42
215,4,train,42
216,0,train,42
217,9,train,42
218,9,train,42
219,7,train,42
220,6,train,42
221,3,train,42
222,2,train,42
223,3,train,42
224,3,train,42
225,1,train,42
226,8,train,42
227,5,validation,42
228,3,train,42
229,2,train,42
230,6,validation,42
231,8,train,42
232,1,train,42
233,7,validation,42
234,4,train,42
235,9,train,42
236,7,train,42
237,0,train,42
238,3,train,42
239,0,validation,42
240,8,train,42
241,3,train,42
242,7,train,42
243,3,train,42
244,0,train,42
245,5,train,42
246,8,validation,42
247,5,train,42
248,8,train,42
249,9,train,42
250,9,train,42
251,0,train,42
252,2,validation,42
253,7,train,42
254,3,train,42
255,2,train,42
256,2,validation,42
257,8,train,42
258,2,train,42
259,3,train,42
260,9,train,42
261,7,train,42
262,0,train,42
263,9,train,42
264,4,train,42
265,4,train,42
266,4,validation,42
267,6,train,42
268,5,train,42
269,1,train,42
270,0,train,42
271,8,train,42
272,8,train,42
273,7,train,42
274,5,train,42
275,8,train,42
276,9,train,42
277,3,train,42
278,8,validation,42
279,4,train,42
280,7,train,42
281,2,train,42
282,7,train,42
283,1,train,42
284,6,train,42
285,6,train,42
286,7,train,42
287,8,train,42
288,1,train,42
289,5,train,42
290,5,train,42
291,3,train,42
292,6,train,42
293,2,train,42
294,9,train,42
295,5,train,42
296,2,train,42
297,7,train,42
298,4,train,42
299,8,validation,42
300,2,train,42
301,2,train,42
302,4,train,42
303,0,validation,42
304,6,train,42
305,2,validation,42
306,8,train,42
307,9,train,42
308,9,train,42
309,7,train,42
310,7,train,42
311,5,train,42
312,2,train,42
313,8,train,42
314,9,train,42
315,5,train,42
316,9,train,42
317,0,train,42
318,7,train,42
319,6,train,42
320,2,validation,42
321,4,train,42
322,6,train,42
323,1,train,42
324,0,validation,42
325,2,train,42
326,6,validation,42
327,9,train,42
328,6,train,42
329,8,train,42
330,8,train,42
331,8,train,42
332,1,validation,42
333,0,validation,42
334,7,train,42
335,1,validation,42
336,7,validation,42
337,2,validation,42
338,7,train,42
339,9,train,42
340,5,train,42
341,3,train,42
342,2,train,42
343,8,train,42
344,6,train,42
345,2,train,42
346,1,train,42
347,4,train,42
348,9,train,42
349,1,validation,42
350,6,train,42
351,4,train,42
352,5,train,42
353,3,train,42
354,6,train,42
355,4,train,42
356,9,train,42
357,6,train,42
358,0,train,42
359,5,train,42
360,6,train,42
361,8,train,42
362,4,train,42
363,8,train,42
364,9,train,42
365,5,validation,42
366,3,train,42
367,2,train,42
368,6,train,42
369,6,train,42
370,5,train,42
371,2,validation,42
372,7,train,42
373,7,validation,42
374,6,train,42
375,0,train,42
376,6,train,42
377,6,train,42
378,2,validation,42
379,8,train,42
380,4,validation,42
381,3,train,42
382,4,train,42
383,6,train,42
384,6,train,42
385,3,validation,42
386,7,train,42
387,5,train,42
388,1,train,42
389,8,train,42
390,5,train,42
391,4,train,42
392,8,train,42
393,3,validation,42
394,0,train,42
395,3,train,42
396,6,train,42
397,9,train,42
398,8,train,42
399,0,train,42
400,8,train,42
401,8,train,42
402,1,train,42
403,7,train,42
404,6,validation,42
405,9,train,42
406,7,validation,42
407,8,train,42
408,2,train,42
409,2,validation,42
410,7,train,42
411,8,validation,42
412,3,train,42
413,3,train,42
414,8,train,42
415,6,train,42
416,8,train,42
417,9,train,42
418,2,train,42
419,3,train,42
420,1,train,42
421,8,validation,42
422,6,train,42
423,7,train,42
424,3,train,42
425,4,train,42
426,8,train,42
427,7,train,42
428,2,train,42
429,2,train,42
430,4,train,42
431,0,validation,42
432,0,train,42
433,2,train,42
434,9,train,42
435,2,train,42
436,9,train,42
437,5,train,42
438,9,train,42
439,9,train,42
440,9,validation,42
441,8,train,42
442,8,train,42
443,4,train,42
444,9,train,42
445,8,train,42
446,6,train,42
447,7,train,42
448,0,train,42
449,0,train,42
450,5,train,42
451,4,validation,42
452,4,train,42
453,5,validation,42
454,1,train,42
455,5,train,42
456,5,train,42
457,4,train,42
458,7,train,42
459,5,train,42
460,5,validation,42
461,0,train,42
462,3,train,42
463,0,train,42
464,5,validation,42
465,3,train,42
466,7,train,42
467,6,validation,42
468,6,train,42
469,9,train,42
470,6,train,42
471,0,train,42
472,3,train,42
473,3,train,42
474,7,train,42
475,2,validation,42
476,9,train,42
477,8,train,42
478,9,train,42
479,5,train,42
480,2,validation,42
481,6,train,42
482,0,validation,42
483,8,train,42
484,4,train,42
485,0,train,42
486,6,validation,42
487,8,train,42
488,0,train,42
489,1,train,42
490,5,train,42
491,1,validation,42
492,9,validation,42
493,8,train,42
494,8,train,42
495,4,train,42
496,2,train,42
497,4,train,42
498,8,validation,42
499,6,validation,42
500,2,train,42
501,0,train,42
502,4,validation,42
503,7,train,42
504,1,train,42
505,6,train,42
506,3,train,42
507,7,train,42
508,8,validation,42
509,7,validation,42
510,3,train,42
511,1,train,42
512,7,train,42
513,3,validation,42
514,0,train,42
515,2,train,42
516,1,train,42
517,6,train,42
518,8,validation,42
519,0,validation,42
520,6,train,42
521,8,train,42
522,8,train,42
523,6,train,42
524,6,validation,42
525,5,train,42
526,7,train,42
527,9,train,42
528,8,train,42
529,6,train,42
530,6,train,42
531,3,validation,42
532,8,train,42
533,9,train,42
534,9,validation,42
535,0,train,42
536,4,train,42
537,5,train,42
538,5,train,42
539,5,train,42
540,0,train,42
541,6,validation,42
542,1,train,42
543,9,train,42
544,4,train,42
545,3,train,42
546,7,train,42
547,3,train,42
548,8,train,42
549,2,train,42
550,2,train,42
551,0,train,42
552,8,train,42
553,8,train,42
554,3,train,42
555,4,train,42
556,0,train,42
557,9,train,42
558,9,train,42
559,9,train,42
560,3,validation,42
561,0,train,42
562,6,train,42
563,1,validation,42
564,9,train,42
565,4,train,42
566,6,validation,42
567,1,train,42
568,9,train,42
569,7,train,42
570,4,train,42
571,6,train,42
572,0,validation,42
573,4,train,42
574,9,train,42
575,9,train,42
576,6,validation,42
577,4,train,42
578,4,train,42
579,5,train,42
580,2,train,42
581,1,train,42
582,7,validation,42
583,9,train,42
584,2,validation,42
585,4,train,42
586,8,validation,42
587,8,train,42
588,6,validation,42
589,2,train,42
590,0,train,42
591,8,train,42
592,7,train,42
593,0,train,42
594,7,train,42
595,5,train,42
596,8,train,42
597,9,train,42
598,0,train,42
599,9,train,42
600,4,train,42
601,1,train,42
602,2,train,42
603,2,train,42
604,3,train,42
605,4,train,42
606,6,train,42
607,6,train,42
608,6,train,42
609,7,train,42
610,2,train,42
611,1,validation,42
612,4,train,42
613,7,validation,42
614,3,train,42
615,9,train,42
616,7,train,42
617,4,train,42
618,1,train,42
619,7,train,42
620,4,train,42
621,9,train,42
622,7,validation,42
623,1,train,42
624,1,validation,42
625,0,validation,42
626,1,validation,42
627,3,validation,42
628,5,validation,42
629,9,train,42
630,2,train,42
631,2,train,42
632,5,train,42
633,9,train,42
634,7,train,42
635,9,train,42
636,4,validation,42
637,8,train,42
638,1,validation,42
639,3,train,42
640,2,train,42
641,4,validation,42
642,7,train,42
643,0,train,42
644,0,validation,42
645,9,train,42
646,0,train,42
647,5,train,42
648,1,train,42
649,3,train,42
650,9,train,42
651,8,train,42
652,5,train,42
653,5,train,42
654,6,train,42
655,5,train,42
656,1,train,42
657,5,train,42
658,4,train,42
659,2,validation,42
660,8,train,42
661,3,train,42
662,3,validation,42
663,3,train,42
664,9,validation,42
665,1,validation,42
666,1,train,42
667,0,train,42
668,4,validation,42
669,7,train,42
670,0,train,42
671,7,validation,42
672,8,train,42
673,1,validation,42
674,9,train,42
675,0,train,42
676,3,train,42
677,1,validation,42
678,2,train,42
679,4,validation,42
680,1,train,42
681,3,train,42
682,9,train,42
683,4,train,42
684,6,train,42
685,7,train,42
686,5,train,42
687,8,train,42
688,8,validation,42
689,4,validation,42
690,0,train,42
691,2,train,42
692,2,train,42
693,3,train,42
694,2,train,42
695,1,validation,42
696,4,train,42
697,9,validation,42
698,8,train,42
699,3,train,42
700,4,train,42
701,4,train,42
702,2,train,42
703,4,train,42
704,6,train,42
705,1,train,42
706,1,train,42
707,9,train,42
708,1,train,42
709,6,train,42
710,5,train,42
711,1,train,42
712,4,validation,42
713,6,train,42
714,6,validation,42
715,4,train,42
716,5,validation,42
717,0,train,42
718,7,train,42
719,6,train,42
720,4,validation,42
721,5,train,42
722,5,train,42
723,6,validation,42
724,8,train,42
725,3,validation,42
726,6,train,42
727,5,train,42
728,5,train,42
729,4,train,42
730,2,train,42
731,9,validation,42
732,9,validation,42
733,8,train,42
734,4,train,42
735,6,train,42
736,9,train,42
737,8,train,42
738,4,train,42
739,2,train,42
740,7,train,42
741,2,train,42
742,1,validation,42
743,6,train,42
744,5,train,42
745,8,train,42
746,2,train,42
747,2,train,42
748,8,train,42
749,1,train,42
750,3,train,42
751,7,train,42
752,5,train,42
753,2,train,42
754,1,train,42
755,0,validation,42
756,6,train,42
757,3,train,42
758,0,train,42
759,0,train,42
760,2,train,42
761,2,train,42
762,1,train,42
763,4,train,42
764,3,train,42
765,4,train,42
766,9,train,42
767,0,train,42
768,9,train,42
769,3,train,42
770,9,validation,42
771,1,train,42
772,7,train,42
773,0,train,42
774,1,train,42
775,7,train,42
776,0,train,42
777,8,validation,42
778,3,train,42
779,5,train,42
780,8,train,42
781,3,validation,42
782,0,train,42
783,2,train,42
784,7,validation,42
785,3,validation,42
786,8,train,42
787,3,train,42
788,5,train,42
789,3,train,42
790,7,train,42
791,2,train,42
792,1,validation,42
793,2,train,42
794,4,train,42
795,5,train,42
796,7,train,42
797,1,train,42
798,2,validation,42
799,5,train,42
800,4,train,42
801,4,validation,42
802,4,train,42
803,7,train,42
804,7,train,42
805,9,validation,42
806,3,validation,42
807,7,train,42
808,8,train,42
809,8,train,42
810,6,train,42
811,5,validation,42
812,4,train,42
813,5,train,42
814,6,train,42
815,1,validation,42
816,8,train,42
817,3,validation,42
818,7,train,42
819,7,train,42
820,5,train,42
821,6,train,42
822,4,train,42
823,0,train,42
824,3,train,42
825,3,train,42
826,0,train,42
827,7,train,42
828,8,train,42
829,0,validation,42
830,4,train,42
831,1,train,42
832,5,train,42
833,3,train,42
834,5,train,42
835,7,train,42
836,4,train,42
837,1,train,42
838,8,train,42
839,3,train,42
840,7,validation,42
841,1,train,42
842,6,train,42
843,7,train,42
844,5,train,42
845,2,train,42
846,4,validation,42
847,5,train,42
848,1,validation,42
849,9,train,42
850,1,train,42
851,3,train,42
852,0,train,42
853,5,train,42
854,5,train,42
855,0,train,42
856,8,train,42
857,3,train,42
858,7,train,42
859,4,train,42
860,6,validation,42
861,2,train,42
862,8,train,42
863,3,train,42
864,5,train,42
865,4,train,42
866,6,train,42
867,0,train,42
868,6,train,42
869,8,train,42
870,2,validation,42
871,8,train,42
872,6,train,42
873,5,train,42
874,5,validation,42
875,7,validation,42
876,5,train,42
877,7,train,42
878,0,train,42
879,3,validation,42
880,5,train,42
881,4,train,42
882,0,validation,42
883,0,train,42
884,9,train,42
885,1,validation,42
886,6,train,42
887,5,validation,42
888,0,validation,42
889,1,train,42
890,2,train,42
891,3,train,42
892,7,train,42
893,5,train,42
894,2,train,42
895,8,train,42
896,2,train,42
897,4,train,42
898,5,train,42
899,4,train,42
900,1,train,42
901,7,train,42
902,4,train,42
903,2,train,42
904,7,train,42
905,7,train,42
906,4,train,42
907,7,train,42
908,1,validation,42
909,0,train,42
910,9,validation,42
911,4,train,42
912,0,train,42
913,5,train,42
914,8,train,42
915,1,train,42
916,3,train,42
917,4,train,42
918,7,validation,42
919,8,train,42
920,5,train,42
921,0,train,42
922,2,train,42
923,0,validation,42
924,0,train,42
925,9,train,42
926,9,train,42
927,0,train,42
928,4,train,42
929,7,train,42
930,1,train,42
931,7,train,42
932,0,train,42
933,4,train,42
934,1,validation,42
935,0,validation,42
936,2,train,42
937,2,validation,42
938,8,train,42
939,5,train,42
940,5,train,42
941,2,train,42
942,7,validation,42
943,7,train,42
944,6,train,42
945,5,train,42
946,9,train,42
947,4,train,42
948,3,validation,42
949,6,train,42
950,0,train,42
951,3,train,42
952,6,train,42
953,2,train,42
954,8,train,42
955,7,train,42
956,0,train,42
957,3,train,42
958,0,validation,42
959,6,train,42
960,9,train,42
961,6,train,42
962,4,train,42
963,9,validation,42
964,3,train,42
965,1,train,42
966,5,train,42
967,8,train,42
968,6,validation,42
969,5,validation,42
970,4,train,42
971,9,train,42
972,3,validation,42
973,3,train,42
974,3,validation,42
975,3,train,42
976,9,train,42
977,4,train,42
978,3,train,42
979,3,validation,42
980,6,validation,42
981,2,validation,42
982,3,train,42
983,8,train,42
984,8,validation,42
985,8,train,42
986,0,validation,42
987,0,train,42
988,2,train,42
989,4,train,42
990,5,train,42
991,3,train,42
992,0,train,42
993,3,train,42
994,2,train,42
995,2,train,42
996,4,train,42
997,5,validation,42
998,1,train,42
999,1,train,42
1000,7,train,42
1001,8,validation,42
1002,3,train,42
1003,6,train,42
1004,9,validation,42
1005,6,train,42
1006,3,train,42
1007,7,train,42
1008,8,validation,42
1009,5,train,42
1010,5,train,42
1011,6,validation,42
1012,3,validation,42
1013,8,train,42
1014,8,train,42
1015,1,train,42
1016,7,train,42
1017,7,train,42
1018,2,train,42
1019,7,validation,42
1020,4,train,42
1021,4,train,42
1022,6,train,42
1023,5,train,42
1024,4,train,42
1025,3,train,42
1026,6,train,42
1027,7,train,42
1028,4,train,42
1029,5,train,42
1030,2,train,42
1031,0,train,42
1032,3,train,42
1033,2,train,42
1034,4,train,42
1035,1,validation,42
1036,3,train,42
1037,1,train,42
1038,2,validation,42
1039,3,validation,42
1040,2,train,42
1041,1,train,42
1042,6,train,42
1043,0,train,42
1044,5,train,42
1045,2,train,42
1046,3,train,42
1047,4,train,42
1048,8,train,42
1049,5,train,42
1050,5,train,42
1051,2,train,42
1052,2,train,42
1053,5,train,42
1054,1,train,42
1055,7,train,42
1056,2,train,42
1057,0,train,42
1058,0,validation,42
1059,5,train,42
1060,1,train,42
1061,4,train,42
1062,2,train,42
1063,8,validation,42
1064,7,train,42
1065,6,train,42
1066,8,train,42
1067,3,train,42
1068,8,train,42
1069,4,train,42
1070,6,train,42
1071,9,train,42
1072,4,validation,42
1073,2,train,42
1074,5,train,42
1075,4,train,42
1076,7,train,42
1077,4,train,42
1078,4,train,42
1079,8,train,42
1080,9,validation,42
1081,1,train,42
1082,8,validation,42
1083,7,train,42
1084,8,validation,42
1085,2,train,42
1086,6,train,42
1087,7,train,42
1088,8,train,42
1089,0,validation,42
1090,7,train,42
1091,4,train,42
1092,9,train,42
1093,4,validation,42
1094,4,train,42
1095,5,train,42
1096,3,validation,42
1097,8,train,42
1098,2,train,42
1099,3,train,42
1100,5,train,42
1101,1,train,42
1102,7,train,42
1103,1,validation,42
1104,8,validation,42
1105,8,validation,42
1106,3,train,42
1107,8,train,42
1108,1,train,42
1109,1,validation,42
1110,1,train,42
1111,4,train,42
1112,9,validation,42
1113,0,train,42
1114,9,train,42
1115,3,train,42
1116,0,train,42
1117,6,validation,42
1118,6,train,42
1119,0,train,42
1120,8,train,42
1121,7,validation,42
1122,8,train,42
1123,6,train,42
1124,3,train,42
1125,1,train,42
1126,6,train,42
1127,4,train,42
1128,3,train,42
1129,0,train,42
1130,6,train,42
1131,6,train,42
1132,8,train,42
1133,8,train,42
1134,9,train,42
1135,0,train,42
1136,5,train,42
1137,8,train,42
1138,1,validation,42
1139,4,validation,42
1140,3,train,42
1141,1,train,42
1142,1,train,42
1143,3,validation,42
1144,0,train,42
1145,5,train,42
1146,5,train,42
1147,9,train,42
1148,4,train,42
1149,1,train,42
1150,6,train,42
1151,4,train,42
1152,1,train,42
1153,4,validation,42
1154,3,train,42
1155,2,train,42
1156,6,train,42
1157,5,train,42
1158,7,train,42
1159,7,train,42
1160,7,validation,42
1161,9,train,42
1162,2,train,42
1163,9,train,42
1164,8,validation,42
1165,6,train,42
1166,3,train,42
1167,8,train,42
1168,7,train,42
1169,6,train,42
1170,9,train,42
1171,4,train,42
1172,6,train,42
1173,1,validation,42
1174,1,train,42
1175,4,train,42
1176,6,train,42
1177,6,train,42
1178,1,train,42
1179,0,train,42
1180,5,train,42
1181,1,validation,42
1182,3,train,42
1183,9,validation,42
1184,4,train,42
1185,3,validation,42
1186,2,train,42
1187,3,train,42
1188,4,train,42
1189,4,validation,42
1190,9,train,42
1191,4,train,42
1192,5,validation,42
1193,0,train,42
1194,0,train,42
1195,3,validation,42
1196,1,validation,42
1197,7,train,42
1198,8,validation,42
1199,0,train,42
1200,7,validation,42
1201,5,train,42
1202,0,train,42
1203,7,train,42
1204,8,validation,42
1205,6,validation,42
1206,3,train,42
1207,7,train,42
1208,2,train,42
1209,5,validation,42
1210,9,train,42
1211,0,train,42
1212,6,train,42
1213,2,validation,42
1214,8,train,42
1215,6,train,42
1216,9,train,42
1217,6,train,42
1218,1,train,42
1219,9,train,42
1220,1,validation,42
1221,0,train,42
1222,9,train,42
1223,3,train,42
1224,2,validation,42
1225,1,train,42
1226,3,train,42
1227,8,train,42
1228,1,validation,42
1229,8,train,42
1230,9,validation,42
1231,9,train,42
1232,2,validation,42
1233,3,validation,42
1234,4,train,42
1235,2,train,42
1236,0,train,42
1237,3,train,42
1238,3,train,42
1239,3,train,42
1240,8,validation,42
1241,5,validation,42
1242,7,train,42
1243,2,train,42
1244,0,validation,42
1245,0,train,42
1246,8,train,42
1247,8,train,42
1248,9,train,42
1249,8,validation,42
1250,7,train,42
1251,6,train,42
1252,3,train,42
1253,4,train,42
1254,3,train,42
1255,3,train,42
1256,7,train,42
1257,8,train,42
1258,2,train,42
1259,0,train,42
1260,5,train,42
1261,6,train,42
1262,4,train,42
1263,4,train,42
1264,2,train,42
1265,3,train,42
1266,9,train,42
1267,7,train,42
1268,1,train,42
1269,4,train,42
1270,1,train,42
1271,8,train,42
1272,2,validation,42
1273,9,train,42
1274,3,train,42
1275,1,train,42
1276,3,validation,42
1277,0,train,42
1278,5,train,42
1279,9,train,42
1280,8,validation,42
1281,9,train,42
1282,5,train,42
1283,0,train,42
1284,3,train,42
1285,9,validation,42
1286,7,train,42
1287,0,train,42
1288,1,train,42
1289,0,train,42
1290,2,train,42
1291,0,validation,42
1292,4,train,42
1293,2,train,42
1294,6,validation,42
1295,8,validation,42
1296,6,train,42
1297,6,validation,42
1298,9,train,42
1299,7,validation,42
1300,9,train,42
1301,0,train,42
1302,6,train,42
1303,5,train,42
1304,0,validation,42
1305,7,train,42
1306,7,train,42
1307,4,train,42
1308,3,train,42
1309,6,train,42
1310,2,train,42
1311,7,train,42
1312,7,train,42
1313,2,validation,42
1314,9,validation,42
1315,2,train,42
1316,2,train,42
1317,0,train,42
1318,6,train,42
1319,3,train,42
1320,7,validation,42
1321,7,train,42
1322,8,train,42
1323,8,train,42
1324,6,train,42
1325,8,train,42
1326,5,train,42
1327,4,train,42
1328,4,validation,42
1329,8,train,42
1330,5,train,42
1331,0,train,42
1332,8,train,42
1333,4,validation,42
1334,9,validation,42
1335,4,train,42
1336,2,train,42
1337,5,train,42
1338,3,train,42
1339,2,train,42
1340,8,train,42
1341,5,train,42
1342,9,train,42
1343,5,train,42
1344,6,train,42
1345,0,train,42
1346,7,train,42
1347,6,train,42
1348,6,train,42
1349,2,train,42
1350,4,train,42
1351,8,validation,42
1352,3,train,42
1353,8,train,42
1354,1,train,42
1355,3,validation,42
1356,1,train,42
1357,1,validation,42
1358,5,train,42
1359,0,validation,42
1360,0,train,42
1361,3,train,42
1362,4,train,42
1363,2,train,42
1364,5,train,42
1365,3,train,42
1366,9,validation,42
1367,2,train,42
1368,8,train,42
1369,7,train,42
1370,9,validation,42
1371,6,train,42
1372,2,train,42
1373,8,train,42
1374,6,train,42
1375,4,train,42
1376,2,validation,42
1377,4,train,42
1378,0,train,42
1379,4,train,42
1380,1,train,42
1381,8,train,42
1382,0,train,42
1383,8,train,42
1384,4,train,42
1385,3,train,42
1386,7,validation,42
1387,8,train,42
1388,5,train,42
1389,3,train,42
1390,7,validation,42
1391,2,train,42
1392,6,train,42
1393,3,train,42
1394,1,train,42
1395,6,train,42
1396,9,train,42
1397,4,train,42
1398,2,train,42
1399,5,train,42
1400,1,validation,42
1401,9,train,42
1402,8,train,42
1403,5,validation,42
1404,6,validation,42
1405,7,train,42
1406,0,validation,42
1407,2,train,42
1408,5,train,42
1409,5,validation,42
1410,2,train,42
1411,0,train,42
1412,7,train,42
1413,9,train,42
1414,1,train,42
1415,1,train,42
1416,3,validation,42
1417,2,train,42
1418,9,train,42
1419,2,train,42
1420,5,train,42
1421,5,validation,42
1422,6,train,42
1423,6,train,42
1424,3,validation,42
1425,2,train,42
1426,2,train,42
1427,4,train,42
1428,2,train,42
1429,2,train,42
1430,6,validation,42
1431,1,train,42
1432,7,train,42
1433,6,train,42
1434,4,train,42
1435,5,train,42
1436,0,train,42
1437,9,train,42
1438,4,validation,42
1439,9,train,42
1440,2,train,42
1441,1,train,42
1442,0,train,42
1443,1,validation,42
1444,0,train,42
1445,7,validation,42
1446,0,train,42
1447,4,train,42
1448,6,train,42
1449,5,train,42
1450,9,train,42
1451,0,train,42
1452,2,validation,42
1453,1,train,42
1454,3,train,42
1455,8,train,42
1456,1,train,42
1457,2,train,42
1458,0,train,42
1459,6,train,42
1460,5,train,42
1461,1,train,42
1462,4,validation,42
1463,5,train,42
1464,8,train,42
1465,8,train,42
1466,8,train,42
1467,6,train,42
1468,4,train,42
1469,4,train,42
1470,3,validation,42
1471,3,train,42
1472,0,train,42
1473,8,train,42
1474,4,train,42
1475,7,train,42
1476,8,train,42
1477,3,train,42
1478,5,train,42
1479,7,train,42
1480,9,validation,42
1481,0,train,42
1482,1,train,42
1483,1,train,42
1484,5,train,42
1485,7,train,42
1486,5,train,42
1487,6,validation,42
1488,8,train,42
1489,6,train,42
1490,6,train,42
1491,2,validation,42
1492,2,train,42
1493,6,train,42
1494,3,validation,42
1495,6,train,42
1496,0,train,42
1497,9,validation,42
1498,3,train,42
1499,0,train,42
1500,3,train,42
1501,8,train,42
1502,9,validation,42
1503,1,train,42
1504,1,validation,42
1505,1,train,42
1506,4,train,42
1507,8,validation,42
1508,1,train,42
1509,6,train,42
1510,7,train,42
1511,4,train,42
1512,8,validation,42
1513,7,train,42
1514,9,validation,42
1515,6,train,42
1516,0,train,42
1517,0,train,42
1518,4,train,42
1519,2,train,42
1520,6,train,42
1521,0,train,42
1522,8,train,42
1523,2,train,42
1524,9,train,42
1525,5,train,42
1526,8,train,42
1527,0,train,42
1528,3,validation,42
1529,2,train,42
1530,7,train,42
1531,9,validation,42
1532,1,train,42
1533,6,train,42
1534,5,train,42
1535,7,train,42
1536,3,train,42
1537,3,train,42
1538,3,train,42
1539,5,train,42
1540,2,train,42
1541,9,train,42
1542,5,validation,42
1543,1,train,42
1544,0,train,42
1545,1,validation,42
1546,0,train,42
1547,9,train,42
1548,5,train,42
1549,8,validation,42
1550,7,train,42
1551,5,train,42
1552,4,train,42
1553,0,validation,42
1554,2,train,42
1555,2,train,42
1556,9,train,42
1557,0,train,42
1558,6,train,42
1559,3,train,42
1560,8,train,42
1561,2,train,42
1562,2,train,42
1563,5,validation,42
1564,6,train,42
1565,3,train,42
1566,8,validation,42
1567,5,train,42
1568,1,train,42
1569,3,train,42
1570,4,train,42
1571,7,validation,42
1572,0,train,42
1573,5,validation,42
1574,3,train,42
1575,5,validation,42
1576,0,validation,42
1577,0,validation,42
1578,3,train,42
1579,4,train,42
1580,0,validation,42
1581,4,train,42
1582,1,train,42
1583,1,train,42
1584,8,train,42
1585,3,validation,42
1586,7,train,42
1587,8,validation,42
1588,9,train,42
1589,0,train,42
1590,4,train,42
1591,2,train,42
1592,3,train,42
1593,6,train,42
1594,9,train,42
1595,1,train,42
1596,0,train,42
1597,1,train,42
1598,1,train,42
1599,4,train,42
1600,2,train,42
1601,6,train,42
1602,6,train,42
1603,5,validation,42
1604,7,train,42
1605,5,train,42
1606,4,train,42
1607,2,train,42
1608,6,train,42
1609,6,train,42
1610,5,train,42
1611,3,train,42
1612,7,train,42
1613,7,validation,42
1614,9,validation,42
1615,7,validation,42
1616,1,validation,42
1617,7,train,42
1618,3,train,42
1619,2,validation,42
1620,7,validation,42
1621,9,train,42
1622,9,train,42
1623,6,train,42
1624,8,train,42
1625,0,train,42
1626,8,train,42
1627,8,train,42
1628,6,train,42
1629,7,train,42
1630,2,train,42
1631,9,train,42
1632,9,validation,42
1633,8,train,42
1634,0,train,42
1635,5,train,42
1636,3,train,42
1637,1,validation,42
1638,4,train,42
1639,5,train,42
1640,7,train,42
1641,8,train,42
1642,3,train,42
1643,5,train,42
1644,9,train,42
1645,0,validation,42
1646,2,train,42
1647,3,train,42
1648,0,train,42
1649,3,validation,42
1650,8,validation,42
1651,5,train,42
1652,9,train,42
1653,5,train,42
1654,6,train,42
1655,5,train,42
1656,0,train,42
1657,7,train,42
1658,0,train,42
1659,3,train,42
1660,2,train,42
1661,3,train,42
1662,4,train,42
1663,8,train,42
1664,9,train,42
1665,1,train,42
1666,5,train,42
1667,1,train,42
1668,4,train,42
1669,4,validation,42
1670,8,train,42
1671,9,validation,42
1672,9,train,42
1673,9,train,42
1674,8,train,42
1675,8,train,42
1676,0,validation,42
1677,7,train,42
1678,1,train,42
1679,2,train,42
1680,6,train,42
1681,7,validation,42
1682,3,train,42
1683,0,train,42
1684,6,train,42
1685,1,train,42
1686,2,train,42
1687,4,validation,42
1688,6,train,42
1689,9,train,42
1690,0,train,42
1691,8,validation,42
1692,3,train,42
1693,0,train,42
1694,3,train,42
1695,8,train,42
1696,4,train,42
1697,5,train,42
1698,5,train,42
1699,7,train,42
1700,6,train,42
1701,6,train,42
1702,5,train,42
1703,9,validation,42
1704,3,train,42
1705,4,validation,42
1706,5,train,42
1707,3,train,42
1708,3,train,42
1709,2,train,42
1710,4,train,42
1711,3,train,42
1712,3,validation,42
1713,7,validation,42
1714,7,train,42
1715,8,train,42
1716,2,train,42
1717,6,train,42
1718,0,train,42
1719,4,train,42
1720,2,validation,42
1721,7,validation,42
1722,3,train,42
1723,2,train,42
1724,5,train,42
1725,5,train,42
1726,6,train,42
1727,9,train,42
1728,6,train,42
1729,8,train,42
1730,9,validation,42
1731,5,train,42
1732,1,train,42
1733,0,train,42
1734,9,validation,42
1735,3,train,42
1736,9,train,42
1737,9,validation,42
1738,0,train,42
1739,0,train,42
1740,3,train,42
1741,1,train,42
1742,1,train,42
1743,7,train,42
1744,8,train,42
1745,0,train,42
1746,2,validation,42
1747,1,validation,42
1748,2,train,42
1749,2,train,42
1750,5,train,42
1751,1,train,42
1752,9,train,42
1753,0,train,42
1754,5,train,42
1755,0,train,42
1756,3,train,42
1757,9,train,42
1758,8,validation,42
1759,2,train,42
1760,1,train,42
1761,6,validation,42
1762,1,train,42
1763,7,train,42
1764,2,train,42
1765,5,train,42
1766,4,validation,42
1767,6,train,42
1768,5,train,42
1769,8,train,42
1770,3,train,42
1771,0,train,42
1772,5,train,42
1773,3,validation,42
1774,0,train,42
1775,8,validation,42
1776,1,train,42
1777,5,train,42
1778,4,train,42
1779,3,train,42
1780,1,train,42
1781,5,train,42
1782,2,train,42
1783,3,train,42
1784,0,train,42
1785,4,train,42
1786,8,train,42
1787,5,train,42
1788,5,train,42
1789,6,train,42
1790,8,train,42
1791,7,train,42
1792,9,train,42
1793,3,train,42
1794,8,train,42
1795,8,train,42
1796,2,validation,42
1797,1,train,42
1798,0,train,42
1799,7,train,42
1800,9,validation,42
1801,4,train,42
1802,2,train,42
1803,0,train,42
1804,7,train,42
1805,1,train,42
1806,0,train,42
1807,9,train,42
1808,7,train,42
1809,6,train,42
1810,1,train,42
1811,2,train,42
1812,1,train,42
1813,4,train,42
1814,9,train,42
1815,8,train,42
1816,7,train,42
1817,0,validation,42
1818,5,validation,42
1819,8,train,42
1820,6,train,42
1821,2,train,42
1822,6,train,42
1823,6,train,42
1824,7,train,42
1825,0,train,42
1826,5,train,42
1827,0,validation,42
1828,2,train,42
1829,0,train,42
1830,7,train,42
1831,6,validation,42
1832,5,train,42
1833,2,train,42
1834,5,train,42
1835,9,train,42
1836,9,train,42
1837,6,train,42
1838,9,validation,42
1839,0,validation,42
1840,4,train,42
1841,6,train,42
1842,1,train,42
1843,7,train,42
1844,7,train,42
1845,2,train,42
1846,6,train,42
1847,5,train,42
1848,7,validation,42
1849,8,train,42
1850,5,train,42
1851,0,train,42
1852,8,train,42
1853,9,train,42
1854,9,validation,42
1855,8,train,42
1856,9,train,42
1857,0,train,42
1858,9,train,42
1859,6,train,42
1860,0,train,42
1861,9,train,42
1862,1,train,42
1863,5,train,42
1864,3,train,42
1865,8,train,42
1866,3,train,42
1867,4,train,42
1868,0,train,42
1869,6,train,42
1870,7,train,42
1871,2,train,42
1872,6,train,42
1873,8,validation,42
1874,8,train,42
1875,1,validation,42
1876,1,train,42
1877,5,train,42
1878,3,train,42
1879,4,train,42
1880,3,train,42
1881,8,train,42
1882,1,train,42
1883,6,validation,42
1884,9,train,42
1885,3,train,42
1886,2,train,42
1887,3,train,42
1888,1,train,42
1889,2,train,42
1890,1,train,42
1891,7,train,42
1892,3,validation,42
1893,2,train,42
1894,2,train,42
1895,8,train,42
1896,0,train,42
1897,3,train,42
1898,8,train,42
1899,7,validation,42
1900,2,train,42
1901,2,train,42
1902,0,train,42
1903,3,train,42
1904,3,train,42
1905,3,train,42
1906,9,train,42
1907,6,train,42
1908,1,train,42
1909,1,train,42
1910,8,train,42
1911,5,validation,42
1912,2,train,42
1913,1,train,42
1914,1,train,42
1915,5,train,42
1916,6,train,42
1917,8,train,42
1918,4,train,42
1919,3,train,42
1920,0,train,42
1921,6,train,42
1922,7,train,42
1923,3,train,42
1924,0,train,42
1925,6,train,42
1926,6,train,42
1927,1,train,42
1928,8,train,42
1929,8,train,42
1930,0,validation,42
1931,3,train,42
1932,7,train,42
1933,5,train,42
1934,4,train,42
1935,2,validation,42
1936,3,train,42
1937,9,train,42
1938,4,train,42
1939,5,train,42
1940,3,train,42
1941,1,train,42
1942,9,train,42
1943,6,train,42
1944,8,train,42
1945,3,validation,42
1946,8,train,42
1947,0,validation,42
1948,3,train,42
1949,0,train,42
1950,7,validation,42
1951,1,train,42
1952,7,validation,42
1953,3,train,42
1954,5,validation,42
1955,5,train,42
1956,9,validation,42
1957,3,train,42
1958,0,train,42
1959,7,train,42
1960,8,train,42
1961,1,train,42
1962,9,validation,42
1963,2,validation,42
1964,8,validation,42
1965,9,train,42
1966,6,train,42
1967,8,train,42
1968,5,train,42
1969,7,train,42
1970,5,train,42
1971,0,train,42
1972,0,validation,42
1973,6,validation,42
1974,7,validation,42
1975,1,train,42
1976,3,train,42
1977,5,train,42
1978,6,validation,42
1979,1,train,42
1980,1,train,42
1981,6,validation,42
1982,9,train,42
1983,0,validation,42
1984,4,validation,42
1985,8,train,42
1986,8,train,42
1987,9,train,42
1988,6,train,42
1989,7,train,42
1990,7,train,42
1991,5,train,42
1992,3,validation,42
1993,6,train,42
1994,8,validation,42
1995,8,train,42
1996,1,train,42
1997,0,train,42
1998,7,train,42
1999,3,train,42
2000,2,train,42
2001,7,validation,42
2002,6,train,42
2003,2,train,42
2004,1,validation,42
2005,1,validation,42
2006,9,train,42
2007,3,train,42
2008,3,train,42
2009,4,validation,42
2010,8,validation,42
2011,5,validation,42
2012,7,validation,42
2013,9,train,42
2014,2,validation,42
2015,0,train,42
2016,1,train,42
2017,2,validation,42
2018,3,train,42
2019,9,validation,42
2020,9,train,42
2021,3,train,42
2022,0,train,42
2023,8,train,42
2024,7,train,42
2025,7,train,42
2026,5,train,42
2027,2,train,42
2028,2,train,42
2029,4,train,42
2030,6,validation,42
2031,3,train,42
2032,8,train,42
2033,0,train,42
2034,9,train,42
2035,1,train,42
2036,3,train,42
2037,8,train,42
2038,2,train,42
2039,2,train,42
2040,4,train,42
2041,2,train,42
2042,5,train,42
2043,7,train,42
2044,7,train,42
2045,7,train,42
2046,0,train,42
2047,9,train,42
2048,4,train,42
2049,5,train,42
2050,1,train,42
2051,6,train,42
2052,7,train,42
2053,7,train,42
2054,0,train,42
2055,4,train,42
2056,6,validation,42
2057,1,train,42
2058,1,train,42
2059,7,train,42
2060,5,train,42
2061,6,train,42
2062,4,train,42
2063,5,validation,42
2064,5,train,42
2065,2,train,42
2066,2,train,42
2067,9,train,42
2068,6,train,42
2069,3,train,42
2070,9,train,42
2071,4,train,42
2072,1,train,42
2073,7,train,42
2074,3,train,42
2075,5,train,42
2076,6,train,42
2077,5,train,42
2078,3,validation,42
2079,6,train,42
2080,3,train,42
2081,7,validation,42
2082,8,train,42
2083,8,train,42
2084,4,train,42
2085,7,train,42
2086,2,train,42
2087,8,validation,42
2088,5,validation,42
2089,3,train,42
2090,8,validation,42
2091,0,train,42
2092,0,validation,42
2093,7,train,42
2094,9,validation,42
2095,0,train,42
2096,6,validation,42
2097,2,train,42
2098,5,train,42
2099,0,validation,42
2100,9,train,42
2101,7,train,42
2102,6,validation,42
2103,2,train,42
2104,2,train,42
2105,2,train,42
2106,1,train,42
2107,5,validation,42
2108,7,train,42
2109,8,train,42
2110,7,validation,42
2111,8,train,42
2112,8,train,42
2113,2,train,42
2114,9,train,42
2115,4,train,42
2116,5,train,42
2117,6,train,42
2118,5,validation,42
2119,7,train,42
2120,2,validation,42
2121,5,train,42
2122,7,train,42
2123,8,train,42
2124,3,train,42
2125,5,train,42
2126,0,validation,42
2127,0,train,42
2128,2,train,42
2129,0,train,42
2130,1,validation,42
2131,5,train,42
2132,2,train,42
2133,8,train,42
2134,5,train,42
2135,7,train,42
2136,2,train,42
2137,4,train,42
2138,6,train,42
2139,3,train,42
2140,3,train,42
2141,2,train,42
2142,4,validation,42
2143,0,train,42
2144,8,train,42
2145,1,train,42
2146,9,train,42
2147,9,train,42
2148,6,train,42
2149,2,train,42
2150,6,validation,42
2151,1,train,42
2152,2,validation,42
2153,5,validation,42
2154,1,validation,42
2155,7,train,42
2156,2,train,42
2157,7,train,42
2158,2,train,42
2159,1,train,42
2160,3,validation,42
2161,6,train,42
2162,7,train,42
2163,7,train,42
2164,1,train,42
2165,8,train,42
2166,1,train,42
2167,4,train,42
2168,2,train,42
2169,5,train,42
2170,7,validation,42
2171,3,validation,42
2172,0,train,42
2173,2,train,42
2174,1,train,42
2175,3,validation,42
2176,3,train,42
2177,0,train,42
2178,2,train,42
2179,4,validation,42
2180,5,validation,42
2181,7,train,42
2182,7,train,42
2183,6,train,42
2184,2,validation,42
2185,3,train,42
2186,5,validation,42
2187,9,train,42
2188,4,train,42
2189,7,train,42
2190,7,train,42
2191,9,train,42
2192,2,validation,42
2193,1,train,42
2194,5,train,42
2195,3,train,42
2196,2,validation,42
2197,1,train,42
2198,4,train,42
2199,1,train,42
2200,1,train,42
2201,8,train,42
2202,0,train,42
2203,1,train,42
2204,4,train,42
2205,5,validation,42
2206,9,train,42
2207,3,train,42
2208,0,train,42
2209,0,train,42
2210,3,validation,42
2211,7,validation,42
2212,2,train,42
2213,2,validation,42
2214,1,validation,42
2215,6,train,42
2216,0,train,42
2217,3,train,42
2218,6,train,42
2219,8,train,42
2220,2,validation,42
2221,4,validation,42
2222,1,train,42
2223,2,train,42
2224,9,train,42
2225,8,train,42
2226,7,train,42
2227,3,train,42
2228,7,train,42
2229,0,train,42
2230,8,train,42
2231,0,train,42
2232,6,train,42
2233,5,train,42
2234,6,train,42
2235,6,train,42
2236,1,validation,42
2237,5,train,42
2238,0,train,42
2239,7,validation,42
2240,5,train,42
2241,4,train,42
2242,6,train,42
2243,2,train,42
2244,2,train,42
2245,9,train,42
2246,0,validation,42
2247,6,validation,42
2248,7,train,42
2249,4,train,42
2250,3,train,42
2251,2,train,42
2252,4,validation,42
2253,1,train,42
2254,0,train,42
2255,5,train,42
2256,3,validation,42
2257,4,train,42
2258,2,train,42
2259,6,validation,42
2260,4,train,42
2261,9,validation,42
2262,7,train,42
2263,1,train,42
2264,3,train,42
2265,5,validation,42
2266,6,validation,42
2267,6,train,42
2268,5,train,42
2269,9,validation,42
2270,4,train,42
2271,1,train,42
2272,2,validation,42
2273,0,train,42
2274,1,train,42
2275,1,validation,42
2276,3,train,42
2277,5,validation,42
2278,9,train,42
2279,7,train,42
2280,5,train,42
2281,9,train,42
2282,8,train,42
2283,2,train,42
2284,8,train,42
2285,5,train,42
2286,2,train,42
2287,4,train,42
2288,8,train,42
2289,0,train,42
2290,7,validation,42
2291,2,train,42
2292,8,train,42
2293,5,train,42
2294,4,train,42
2295,2,train,42
2296,1,train,42
2297,7,train,42
2298,9,train,42
2299,5,train,42
2300,2,train,42
2301,8,validation,42
2302,1,validation,42
2303,1,train,42
2304,5,train,42
2305,7,validation,42
2306,5,train,42
2307,2,train,42
2308,8,train,42
2309,2,train,42
2310,6,train,42
2311,1,validation,42
2312,1,train,42
2313,4,train,42
2314,4,train,42
2315,4,validation,42
2316,1,train,42
2317,8,validation,42
2318,7,train,42
2319,7,train,42
2320,4,validation,42
2321,7,train,42
2322,5,validation,42
2323,8,train,42
2324,3,train,42
2325,8,validation,42
2326,4,train,42
2327,6,train,42
2328,1,train,42
2329,5,train,42
2330,6,train,42
2331,9,train,42
2332,3,train,42
2333,1,train,42
2334,4,train,42
2335,7,train,42
2336,4,validation,42
2337,8,train,42
2338,3,validation,42
2339,5,train,42
2340,6,train,42
2341,7,train,42
2342,0,train,42
2343,6,train,42
2344,7,validation,42
2345,8,train,42
2346,5,validation,42
2347,0,train,42
2348,1,train,42
2349,0,train,42
2350,6,train,42
2351,0,train,42
2352,2,train,42
2353,2,validation,42
2354,5,train,42
2355,3,validation,42
2356,7,train,42
2357,8,train,42
2358,3,train,42
2359,3,train,42
2360,0,train,42
2361,0,train,42
2362,3,train,42
2363,3,train,42
2364,9,validation,42
2365,0,validation,42
2366,6,train,42
2367,2,train,42
2368,7,train,42
2369,6,train,42
2370,5,validation,42
2371,3,train,42
2372,5,validation,42
2373,0,validation,42
2374,2,train,42
2375,0,validation,42
2376,8,train,42
2377,4,train,42
2378,9,train,42
2379,1,train,42
2380,1,train,42
2381,0,validation,42
2382,9,train,42
2383,1,train,42
2384,5,train,42
2385,0,train,42
2386,8,train,42
2387,4,train,42
2388,0,train,42
2389,0,train,42
2390,8,train,42
2391,7,validation,42
2392,8,train,42
2393,0,train,42
2394,3,validation,42
2395,4,train,42
2396,4,train,42
2397,3,train,42
2398,7,validation,42
2399,3,validation,42
2400,6,validation,42
2401,3,validation,42
2402,0,train,42
2403,1,train,42
2404,4,validation,42
2405,9,train,42
2406,9,train,42
2407,7,train,42
2408,3,train,42
2409,2,train,42
2410,6,train,42
2411,9,train,42
2412,9,train,42
2413,7,validation,42
2414,2,train,42
2415,3,train,42
2416,6,train,42
2417,8,train,42
2418,0,train,42
2419,9,train,42
2420,8,train,42
2421,7,train,42
2422,5,train,42
2423,4,train,42
2424,5,train,42
2425,5,validation,42
2426,8,train,42
2427,2,train,42
2428,1,train,42
2429,2,train,42
2430,2,train,42
2431,2,train,42
2432,6,validation,42
2433,2,validation,42
2434,4,train,42
2435,2,train,42
2436,5,train,42
2437,0,train,42
2438,4,train,42
2439,0,validation,42
2440,8,train,42
2441,3,validation,42
2442,1,train,42
2443,0,validation,42
2444,9,train,42
2445,4,train,42
2446,8,validation,42
2447,3,train,42
2448,2,train,42
2449,9,train,42
2450,9,validation,42
2451,9,train,42
2452,2,train,42
2453,0,train,42
2454,8,validation,42
2455,3,train,42
2456,3,train,42
2457,5,train,42
2458,1,validation,42
2459,0,train,42
2460,4,validation,42
2461,1,validation,42
2462,7,train,42
2463,4,train,42
2464,0,train,42
2465,9,train,42
2466,5,train,42
2467,0,train,42
2468,3,train,42
2469,8,train,42
2470,2,train,42
2471,6,train,42
2472,7,train,42
2473,4,train,42
2474,1,train,42
2475,3,train,42
2476,5,train,42
2477,8,train,42
2478,8,validation,42
2479,6,validation,42
2480,5,train,42
2481,2,train,42
2482,9,train,42
2483,2,train,42
2484,1,validation,42
2485,5,train,42
2486,4,train,42
2487,8,train,42
2488,9,train,42
2489,5,train,42
2490,5,validation,42
2491,9,train,42
2492,7,train,42
2493,4,train,42
2494,4,train,42
2495,6,train,42
2496,7,validation,42
2497,6,validation,42
2498,7,train,42
2499,8,train,42
2500,1,train,42
2501,4,train,42
2502,4,train,42
2503,3,train,42
2504,4,train,42
2505,1,validation,42
2506,5,train,42
2507,8,train,42
2508,4,train,42
2509,4,train,42
2510,1,train,42
2511,7,train,42
2512,1,train,42
2513,8,train,42
2514,3,train,42
2515,5,train,42
2516,5,train,42
2517,2,validation,42
2518,6,train,42
2519,4,train,42
2520,8,train,42
2521,4,train,42
2522,1,validation,42
2523,8,validation,42
2524,3,train,42
2525,6,train,42
2526,2,train,42
2527,3,train,42
2528,6,train,42
2529,7,train,42
2530,3,train,42
2531,1,train,42
2532,1,train,42
2533,0,train,42
2534,5,train,42
2535,7,train,42
2536,8,train,42
2537,8,train,42
2538,9,train,42
2539,9,train,42
2540,4,train,42
2541,5,train,42
2542,6,train,42
2543,7,train,42
2544,2,train,42
2545,5,train,42
2546,8,train,42
2547,8,train,42
2548,4,train,42
2549,4,train,42
2550,6,train,42
2551,9,train,42
2552,6,train,42
2553,2,validation,42
2554,1,validation,42
2555,7,train,42
2556,1,train,42
2557,6,train,42
2558,9,train,42
2559,8,train,42
2560,6,train,42
2561,3,train,42
2562,9,train,42
2563,0,train,42
2564,5,validation,42
2565,2,validation,42
2566,9,train,42
2567,2,train,42
2568,0,train,42
2569,2,train,42
2570,5,train,42
2571,7,train,42
2572,8,train,42
2573,2,train,42
2574,2,train,42
2575,5,train,42
2576,6,train,42
2577,0,train,42
2578,5,train,42
2579,5,train,42
2580,5,validation,42
2581,2,validation,42
2582,4,validation,42
2583,7,train,42
2584,7,train,42
2585,8,train,42
2586,2,train,42
2587,2,train,42
2588,0,train,42
2589,2,validation,42
2590,0,train,42
2591,3,train,42
2592,8,train,42
2593,0,train,42
2594,2,train,42
2595,2,train,42
2596,4,train,42
2597,9,train,42
2598,7,train,42
2599,7,train,42
2600,8,train,42
2601,7,train,42
2602,8,train,42
2603,2,train,42
2604,2,train,42
2605,8,train,42
2606,4,train,42
2607,4,validation,42
2608,9,train,42
2609,5,validation,42
2610,5,validation,42
2611,5,train,42
2612,4,train,42
2613,0,train,42
2614,4,train,42
2615,2,train,42
2616,0,train,42
2617,6,train,42
2618,4,train,42
2619,2,train,42
2620,5,train,42
2621,3,validation,42
2622,1,train,42
2623,7,validation,42
2624,5,validation,42
2625,0,train,42
2626,0,train,42
2627,5,validation,42
2628,6,validation,42
2629,1,train,42
2630,1,train,42
2631,8,train,42
2632,7,validation,42
2633,4,validation,42
2634,4,train,42
2635,3,train,42
2636,5,train,42
2637,9,validation,42
2638,1,train,42
2639,6,validation,42
2640,7,train,42
2641,9,train,42
2642,4,train,42
2643,4,train,42
2644,1,train,42
2645,0,train,42
2646,5,train,42
2647,1,train,42
2648,7,train,42
2649,6,train,42
2650,7,train,42
2651,0,validation,42
2652,1,train,42
2653,1,train,42
2654,3,train,42
2655,3,train,42
2656,1,validation,42
2657,2,train,42
2658,2,validation,42
2659,1,validation,42
2660,1,train,42
2661,6,train,42
2662,2,train,42
2663,3,train,42
2664,8,train,42
2665,6,train,42
2666,8,validation,42
2667,2,train,42
2668,7,train,42
2669,4,train,42
2670,6,train,42
2671,6,validation,42
2672,4,train,42
2673,9,train,42
2674,3,train,42
2675,6,train,42
2676,7,train,42
2677,1,train,42
2678,8,train,42
2679,5,train,42
2680,9,train,42
2681,7,train,42
2682,8,train,42
2683,5,train,42
2684,4,train,42
2685,3,train,42
2686,6,train,42
2687,1,validation,42
2688,2,train,42
2689,6,train,42
2690,2,train,42
2691,1,train,42
2692,0,validation,42
2693,6,train,42
2694,4,train,42
2695,3,validation,42
2696,9,validation,42
2697,6,train,42
2698,9,train,42
2699,8,train,42
2700,6,train,42
2701,4,train,42
2702,5,train,42
2703,3,validation,42
2704,5,train,42
2705,7,train,42
2706,1,train,42
2707,3,train,42
2708,6,train,42
2709,8,train,42
2710,6,train,42
2711,4,train,42
2712,1,train,42
2713,6,validation,42
2714,3,validation,42
2715,0,train,42
2716,7,train,42
2717,4,validation,42
2718,6,train,42
2719,7,train,42
2720,1,validation,42
2721,5,train,42
2722,9,train,42
2723,6,validation,42
2724,9,train,42
2725,0,train,42
2726,8,validation,42
2727,7,train,42
2728,1,train,42
2729,1,train,42
2730,9,train,42
2731,2,train,42
2732,6,train,42
2733,9,validation,42
2734,3,train,42
2735,7,validation,42
2736,9,train,42
2737,4,train,42
2738,8,train,42
2739,4,train,42
2740,5,train,42
2741,8,train,42
2742,7,train,42
2743,2,train,42
2744,7,train,42
2745,4,validation,42
2746,0,validation,42
2747,2,validation,42
2748,8,train,42
2749,9,train,42
2750,8,train,42
2751,3,train,42
2752,1,train,42
2753,1,train,42
2754,5,train,42
2755,4,train,42
2756,5,train,42
2757,6,validation,42
2758,3,train,42
2759,7,validation,42
2760,2,train,42
2761,5,train,42
2762,8,train,42
2763,9,train,42
2764,0,train,42
2765,7,train,42
2766,0,train,42
2767,4,validation,42
2768,8,train,42
2769,0,validation,42
2770,6,train,42
2771,8,train,42
2772,9,train,42
2773,2,train,42
2774,5,train,42
2775,3,train,42
2776,7,train,42
2777,2,train,42
2778,3,train,42
2779,0,train,42
2780,2,validation,42
2781,9,train,42
2782,1,train,42
2783,6,train,42
2784,4,train,42
2785,6,train,42
2786,2,train,42
2787,7,validation,42
2788,7,validation,42
2789,3,train,42
2790,0,train,42
2791,3,train,42
2792,4,validation,42
2793,0,train,42
2794,8,train,42
2795,4,validation,42
2796,4,train,42
2797,0,train,42
2798,6,train,42
2799,6,train,42
2800,6,train,42
2801,8,train,42
2802,9,train,42
2803,6,train,42
2804,0,train,42
2805,9,train,42
2806,9,train,42
2807,6,train,42
2808,8,train,42
2809,8,train,42
2810,5,train,42
2811,5,train,42
2812,5,train,42
2813,1,train,42
2814,2,train,42
2815,4,validation,42
2816,7,train,42
2817,4,validation,42
2818,5,validation,42
2819,5,train,42
2820,6,train,42
2821,4,train,42
2822,1,train,42
2823,4,train,42
2824,1,train,42
2825,4,validation,42
2826,7,train,42
2827,1,train,42
2828,4,train,42
2829,8,validation,42
2830,0,train,42
2831,4,validation,42
2832,9,validation,42
2833,8,train,42
2834,1,train,42
2835,1,validation,42
2836,4,train,42
2837,7,validation,42
2838,3,train,42
2839,9,train,42
2840,4,train,42
2841,0,train,42
2842,0,train,42
2843,5,train,42
2844,3,train,42
2845,7,train,42
2846,4,validation,42
2847,0,train,42
2848,6,train,42
2849,2,train,42
2850,3,train,42
2851,1,train,42
2852,0,train,42
2853,9,train,42
2854,9,train,42
2855,4,train,42
2856,6,train,42
2857,0,train,42
2858,6,train,42
2859,7,train,42
2860,3,train,42
2861,3,train,42
2862,0,validation,42
2863,8,train,42
2864,9,train,42
2865,0,train,42
2866,4,validation,42
2867,7,train,42
2868,3,train,42
2869,1,train,42
2870,5,train,42
2871,3,train,42
2872,7,train,42
2873,2,train,42
2874,3,train,42
2875,9,train,42
2876,3,train,42
2877,7,train,42
2878,5,train,42
2879,9,train,42
2880,7,train,42
2881,2,train,42
2882,9,validation,42
2883,4,train,42
2884,7,train,42
2885,3,train,42
2886,4,train,42
2887,9,train,42
2888,0,train,42
2889,2,validation,42
2890,9,train,42
2891,7,train,42
2892,5,train,42
2893,1,train,42
2894,5,train,42
2895,5,validation,42
2896,4,validation,42
2897,1,train,42
2898,7,train,42
2899,0,train,42
2900,5,validation,42
2901,0,train,42
2902,3,train,42
2903,8,validation,42
2904,0,train,42
2905,0,train,42
2906,9,train,42
2907,9,train,42
2908,1,validation,42
2909,1,validation,42
2910,8,train,42
2911,7,train,42
2912,7,train,42
2913,4,train,42
2914,8,train,42
2915,8,train,42
2916,1,train,42
2917,6,validation,42
2918,6,train,42
2919,7,train,42
2920,0,validation,42
2921,7,train,42
2922,5,train,42
2923,5,train,42
2924,1,train,42
2925,7,train,42
2926,9,train,42
2927,0,train,42
2928,9,train,42
2929,2,train,42
2930,2,train,42
2931,1,train,42
2932,5,train,42
2933,3,train,42
2934,9,train,42
2935,0,train,42
2936,3,train,42
2937,6,train,42
2938,3,train,42
2939,6,train,42
2940,5,train,42
2941,3,validation,42
2942,5,validation,42
2943,2,train,42
2944,9,train,42
2945,9,train,42
2946,6,train,42
2947,3,train,42
2948,5,train,42
2949,8,train,42
2950,4,train,42
2951,3,train,42
2952,6,train,42
2953,9,train,42
2954,1,train,42
2955,9,validation,42
2956,2,train,42
2957,4,train,42
2958,2,train,42
2959,1,train,42
2960,3,train,42
2961,0,train,42
2962,5,train,42
2963,4,train,42
2964,1,train,42
2965,0,train,42
2966,5,train,42
2967,0,train,42
2968,6,train,42
2969,2,validation,42
2970,3,train,42
2971,6,train,42
2972,4,train,42
2973,8,train,42
2974,2,train,42
2975,7,train,42
2976,6,train,42
2977,5,validation,42
2978,1,validation,42
2979,4,train,42
2980,6,train,42
2981,3,validation,42
2982,0,train,42
2983,5,train,42
2984,6,validation,42
2985,0,train,42
2986,4,train,42
2987,6,train,42
2988,0,train,42
2989,1,validation,42
2990,8,validation,42
2991,7,train,42
2992,5,train,42
2993,9,validation,42
2994,8,train,42
2995,4,train,42
2996,2,train,42
2997,6,train,42
2998,4,train,42
2999,7,train,42
3000,6,validation,42
3001,8,train,42
3002,2,train,42
3003,5,train,42
3004,7,train,42
3005,0,train,42
3006,0,train,42
3007,0,train,42
3008,2,train,42
3009,5,train,42
3010,6,train,42
3011,3,train,42
3012,1,train,42
3013,8,train,42
3014,2,validation,42
3015,2,train,42
3016,0,train,42
3017,0,validation,42
3018,1,train,42
3019,4,train,42
3020,6,train,42
3021,1,train,42
3022,3,train,42
3023,9,train,42
3024,6,train,42
3025,0,train,42
3026,5,train,42
3027,5,train,42
3028,1,train,42
3029,3,train,42
3030,7,train,42
3031,6,train,42
3032,5,train,42
3033,9,validation,42
3034,4,train,42
3035,1,train,42
3036,4,validation,42
3037,2,train,42
3038,4,validation,42
3039,9,train,42
3040,7,train,42
3041,9,train,42
3042,2,train,42
3043,0,train,42
3044,8,validation,42
3045,6,validation,42
3046,5,train,42
3047,4,train,42
3048,4,validation,42
3049,4,train,42
3050,0,train,42
3051,3,train,42
3052,8,train,42
3053,4,train,42
3054,6,train,42
3055,7,train,42
3056,5,train,42
3057,2,train,42
3058,5,train,42
3059,5,train,42
3060,4,validation,42
3061,4,train,42
3062,4,train,42
3063,4,train,42
3064,8,train,42
3065,2,train,42
3066,0,train,42
3067,2,train,42
3068,0,validation,42
3069,7,validation,42
3070,6,train,42
3071,2,train,42
3072,6,train,42
3073,2,train,42
3074,0,train,42
3075,8,train,42
3076,7,train,42
3077,1,train,42
3078,9,validation,42
3079,1,train,42
3080,6,train,42
3081,4,train,42
3082,0,validation,42
3083,8,validation,42
3084,5,train,42
3085,9,train,42
3086,5,train,42
3087,7,train,42
3088,4,train,42
3089,4,validation,42
3090,9,validation,42
3091,7,validation,42
3092,7,validation,42
3093,7,train,42
3094,5,train,42
3095,3,validation,42
3096,0,train,42
3097,6,validation,42
3098,1,train,42
3099,7,train,42
3100,5,train,42
3101,2,train,42
3102,6,train,42
3103,4,validation,42
3104,0,train,42
3105,0,train,42
3106,5,train,42
3107,4,train,42
3108,2,validation,42
3109,2,train,42
3110,6,train,42
3111,0,train,42
3112,2,validation,42
3113,1,train,42
3114,8,train,42
3115,4,train,42
3116,9,validation,42
3117,3,train,42
3118,1,train,42
3119,4,train,42
3120,6,train,42
3121,4,train,42
3122,8,train,42
3123,0,train,42
3124,0,train,42
3125,3,train,42
3126,2,train,42
3127,3,train,42
3128,0,train,42
3129,6,train,42
3130,7,train,42
3131,0,train,42
3132,3,train,42
3133,3,train,42
3134,2,train,42
3135,3,train,42
3136,1,train,42
3137,7,train,42
3138,4,train,42
3139,7,train,42
3140,7,train,42
3141,4,validation,42
3142,8,train,42
3143,1,train,42
3144,9,train,42
3145,0,train,42
3146,3,train,42
3147,7,train,42
3148,9,validation,42
3149,5,train,42
3150,8,validation,42
3151,3,validation,42
3152,2,train,42
3153,9,train,42
3154,6,train,42
3155,5,train,42
3156,2,train,42
3157,5,train,42
3158,3,train,42
3159,5,validation,42
3160,6,train,42
3161,3,train,42
3162,5,validation,42
3163,0,train,42
3164,1,train,42
3165,3,train,42
3166,5,validation,42
3167,0,train,42
3168,3,train,42
3169,5,train,42
3170,3,train,42
3171,2,validation,42
3172,5,train,42
3173,5,train,42
3174,1,train,42
3175,6,train,42
3176,8,train,42
3177,7,train,42
3178,3,train,42
3179,7,train,42
3180,2,validation,42
3181,9,train,42
3182,9,train,42
3183,9,train,42
3184,1,train,42
3185,9,train,42
3186,7,validation,42
3187,2,train,42
3188,8,train,42
3189,1,train,42
3190,4,train,42
3191,4,train,42
3192,0,train,42
3193,3,validation,42
3194,4,train,42
3195,7,train,42
3196,0,train,42
3197,1,train,42
3198,5,train,42
3199,9,validation,42
3200,8,validation,42
3201,9,train,42
3202,8,train,42
3203,6,train,42
3204,0,train,42
3205,0,validation,42
3206,1,train,42
3207,1,train,42
3208,5,train,42
3209,8,train,42
3210,6,validation,42
3211,9,train,42
3212,1,train,42
3213,8,validation,42
3214,4,validation,42
3215,0,train,42
3216,8,validation,42
3217,3,train,42
3218,7,train,42
3219,2,validation,42
3220,3,train,42
3221,2,train,42
3222,4,validation,42
3223,6,train,42
3224,5,validation,42
3225,7,train,42
3226,7,train,42
3227,2,validation,42
3228,2,validation,42
3229,9,train,42
3230,2,train,42
3231,3,train,42
3232,5,train,42
3233,7,train,42
3234,9,validation,42
3235,9,train,42
3236,8,train,42
3237,4,train,42
3238,5,train,42
3239,6,train,42
3240,6,validation,42
3241,2,train,42
3242,9,train,42
3243,1,validation,42
3244,2,validation,42
3245,2,train,42
3246,6,validation,42
3247,8,train,42
3248,7,train,42
3249,9,train,42
3250,0,train,42
3251,6,train,42
3252,3,train,42
3253,3,validation,42
3254,8,train,42
3255,8,train,42
3256,1,train,42
3257,9,train,42
3258,6,train,42
3259,8,validation,42
3260,3,validation,42
3261,3,train,42
3262,8,validation,42
3263,5,train,42
3264,6,train,42
3265,7,train,42
3266,9,train,42
3267,2,train,42
3268,0,train,42
3269,9,validation,42
3270,2,validation,42
3271,4,validation,42
3272,7,train,42
3273,9,train,42
3274,9,train,42
3275,9,train,42
3276,9,train,42
3277,7,train,42
3278,6,train,42
3279,0,train,42
3280,6,validation,42
3281,9,train,42
3282,0,train,42
3283,1,train,42
3284,3,train,42
3285,1,validation,42
3286,2,validation,42
3287,3,validation,42
3288,5,train,42
3289,1,train,42
3290,3,train,42
3291,8,train,42
3292,4,train,42
3293,1,validation,42
3294,6,train,42
3295,0,train,42
3296,3,train,42
3297,6,validation,42
3298,2,train,42
3299,5,train,42
3300,6,train,42
3301,9,train,42
3302,4,train,42
3303,4,train,42
3304,1,train,42
3305,9,train,42
3306,8,train,42
3307,0,validation,42
3308,9,train,42
3309,2,train,42
3310,0,train,42
3311,9,validation,42
3312,9,validation,42
3313,8,train,42
3314,1,train,42
3315,1,train,42
3316,3,validation,42
3317,6,train,42
3318,9,train,42
3319,7,validation,42
3320,4,train,42
3321,0,validation,42
3322,8,train,42
3323,0,train,42
3324,1,validation,42
3325,7,train,42
3326,0,train,42
3327,7,train,42
3328,2,train,42
3329,8,validation,42
3330,9,validation,42
3331,6,train,42
3332,3,train,42
3333,5,train,42
3334,2,train,42
3335,4,validation,42
3336,9,train,42
3337,1,train,42
3338,9,train,42
3339,1,train,42
3340,5,train,42
3341,2,train,42
3342,2,train,42
3343,2,train,42
3344,6,train,42
3345,3,train,42
3346,5,train,42
3347,4,train,42
3348,7,train,42
3349,4,validation,42
3350,4,train,42
3351,2,train,42
3352,9,train,42
3353,7,train,42
3354,8,train,42
3355,6,train,42
3356,2,validation,42
3357,6,train,42
3358,8,train,42
3359,9,validation,42
3360,6,train,42
3361,0,train,42
3362,2,train,42
3363,0,validation,42
3364,4,train,42
3365,1,train,42
3366,2,train,42
3367,7,train,42
3368,1,train,42
3369,5,train,42
3370,6,validation,42
3371,9,train,42
3372,4,train,42
3373,6,train,42
3374,2,train,42
3375,3,train,42
3376,2,validation,42
3377,4,validation,42
3378,1,train,42
3379,2,train,42
3380,2,train,42
3381,4,train,42
3382,6,validation,42
3383,2,train,42
3384,0,train,42
3385,5,train,42
3386,9,train,42
3387,7,train,42
3388,1,train,42
3389,7,train,42
3390,6,validation,42
3391,0,validation,42
3392,6,train,42
3393,1,train,42
3394,0,train,42
3395,7,train,42
3396,3,train,42
3397,8,validation,42
3398,6,train,42
3399,5,train,42
3400,5,train,42
3401,8,validation,42
3402,5,validation,42
3403,2,validation,42
3404,0,train,42
3405,7,train,42
3406,6,validation,42
3407,8,train,42
3408,1,validation,42
3409,9,train,42
3410,1,train,42
3411,3,train,42
3412,9,train,42
3413,8,train,42
3414,2,train,42
3415,3,train,42
3416,1,train,42
3417,0,train,42
3418,4,train,42
3419,6,train,42
3420,6,train,42
3421,5,train,42
3422,7,train,42
3423,3,train,42
3424,7,train,42
3425,9,train,42
3426,6,train,42
3427,5,validation,42
3428,7,train,42
3429,1,train,42
3430,3,train,42
3431,0,train,42
3432,6,train,42
3433,2,train,42
3434,9,train,42
3435,5,train,42
3436,6,train,42
3437,9,train,42
3438,1,train,42
3439,3,train,42
3440,3,train,42
3441,7,validation,42
3442,1,train,42
3443,4,train,42
3444,9,train,42
3445,0,train,42
3446,9,train,42
3447,1,train,42
3448,9,validation,42
3449,8,train,42
3450,3,validation,42
3451,4,train,42
3452,8,train,42
3453,3,train,42
3454,0,train,42
3455,5,train,42
3456,1,train,42
3457,3,validation,42
3458,7,train,42
3459,8,train,42
3460,4,validation,42
3461,9,train,42
3462,9,train,42
3463,1,train,42
3464,0,train,42
3465,8,train,42
3466,7,train,42
3467,1,train,42
3468,7,train,42
3469,2,validation,42
3470,2,validation,42
3471,2,train,42
3472,6,train,42
3473,0,train,42
3474,1,validation,42
3475,3,train,42
3476,4,train,42
3477,6,train,42
3478,8,train,42
3479,3,train,42
3480,1,train,42
3481,1,train,42
3482,4,train,42
3483,1,train,42
3484,2,train,42
3485,1,train,42
3486,5,validation,42
3487,5,train,42
3488,0,train,42
3489,2,validation,42
3490,6,train,42
3491,9,train,42
3492,2,train,42
3493,1,validation,42
3494,2,train,42
3495,8,train,42
3496,4,train,42
3497,0,train,42
3498,9,validation,42
3499,4,train,42
3500,6,validation,42
3501,1,train,42
3502,2,validation,42
3503,1,validation,42
3504,6,train,42
3505,5,train,42
3506,8,train,42
3507,7,train,42
3508,3,validation,42
3509,9,train,42
3510,9,train,42
3511,5,validation,42
3512,0,train,42
3513,0,train,42
3514,4,validation,42
3515,4,train,42
3516,9,train,42
3517,9,train,42
3518,2,train,42
3519,8,train,42
3520,2,validation,42
3521,6,train,42
3522,8,train,42
3523,9,train,42
3524,9,train,42
3525,4,train,42
3526,8,train,42
3527,3,train,42
3528,1,train,42
3529,4,train,42
3530,1,train,42
3531,6,train,42
3532,8,train,42
3533,6,train,42
3534,7,validation,42
3535,4,train,42
3536,4,train,42
3537,4,validation,42
3538,1,train,42
3539,7,train,42
3540,9,train,42
3541,4,train,42
3542,2,train,42
3543,7,train,42
3544,6,train,42
3545,8,train,42
3546,8,train,42
3547,8,train,42
3548,8,train,42
3549,8,validation,42
3550,0,train,42
3551,3,train,42
3552,8,validation,42
3553,1,train,42
3554,2,train,42
3555,0,train,42
3556,8,validation,42
3557,0,train,42
3558,6,train,42
3559,5,validation,42
3560,6,validation,42
3561,0,train,42
3562,4,train,42
3563,6,train,42
3564,0,train,42
3565,8,validation,42
3566,4,train,42
3567,5,validation,42
3568,7,train,42
3569,9,train,42
3570,8,train,42
3571,1,train,42
3572,1,train,42
3573,2,train,42
3574,0,train,42
3575,0,train,42
3576,6,train,42
3577,9,train,42
3578,1,train,42
3579,9,train,42
3580,4,train,42
3581,2,train,42
3582,2,train,42
3583,7,train,42
3584,7,train,42
3585,0,train,42
3586,6,train,42
3587,9,train,42
3588,7,train,42
3589,9,validation,42
3590,5,train,42
3591,6,train,42
3592,3,train,42
3593,1,train,42
3594,1,validation,42
3595,6,train,42
3596,5,train,42
3597,8,train,42
3598,3,train,42
3599,2,train,42
3600,9,train,42
3601,1,train,42
3602,5,train,42
3603,7,train,42
3604,2,train,42
3605,1,train,42
3606,7,validation,42
3607,5,train,42
3608,6,train,42
3609,4,train,42
3610,2,train,42
3611,2,train,42
3612,1,train,42
3613,3,train,42
3614,6,train,42
3615,4,train,42
3616,6,train,42
3617,3,train,42
3618,3,train,42
3619,0,validation,42
3620,6,validation,42
3621,7,train,42
3622,8,train,42
3623,5,train,42
3624,1,validation,42
3625,6,train,42
3626,9,validation,42
3627,2,train,42
3628,5,train,42
3629,5,train,42
3630,4,train,42
3631,5,train,42
3632,8,validation,42
3633,4,train,42
3634,9,validation,42
3635,1,train,42
3636,5,train,42
3637,1,train,42
3638,1,train,42
3639,8,train,42
3640,3,train,42
3641,1,train,42
3642,1,train,42
3643,2,train,42
3644,5,train,42
3645,9,validation,42
3646,1,train,42
3647,8,train,42
3648,6,train,42
3649,9,validation,42
3650,9,train,42
3651,7,train,42
3652,9,validation,42
3653,7,validation,42
3654,0,train,42
3655,1,train,42
3656,7,train,42
3657,9,train,42
3658,5,validation,42
3659,7,validation,42
3660,0,train,42
3661,9,train,42
3662,7,train,42
3663,3,train,42
3664,8,train,42
3665,4,train,42
3666,8,train,42
3667,5,train,42
3668,2,train,42
3669,5,train,42
3670,5,train,42
3671,5,train,42
3672,7,train,42
3673,7,validation,42
3674,4,train,42
3675,5,train,42
3676,7,train,42
3677,1,train,42
3678,4,train,42
3679,5,train,42
3680,2,train,42
3681,1,train,42
3682,6,train,42
3683,4,train,42
3684,2,train,42
3685,4,train,42
3686,3,train,42
3687,9,validation,42
3688,0,train,42
3689,2,train,42
3690,9,train,42
3691,6,validation,42
3692,1,validation,42
3693,0,train,42
3694,1,train,42
3695,0,train,42
3696,1,train,42
3697,4,train,42
3698,0,validation,42
3699,9,train,42
3700,3,train,42
3701,4,train,42
3702,5,train,42
3703,7,train,42
3704,2,validation,42
3705,7,train,42
3706,6,validation,42
3707,8,train,42
3708,6,train,42
3709,2,train,42
3710,1,validation,42
3711,1,train,42
3712,6,validation,42
3713,1,validation,42
3714,8,train,42
3715,1,train,42
3716,8,train,42
3717,3,train,42
3718,9,train,42
3719,4,train,42
3720,5,train,42
3721,9,train,42
3722,2,train,42
3723,0,train,42
3724,8,train,42
3725,2,train,42
3726,7,train,42
3727,5,train,42
3728,6,train,42
3729,9,train,42
3730,1,train,42
3731,6,train,42
3732,5,train,42
3733,4,train,42
3734,4,train,42
3735,9,train,42
3736,2,train,42
3737,9,train,42
3738,6,train,42
3739,4,train,42
3740,5,train,42
3741,5,train,42
3742,2,train,42
3743,8,validation,42
3744,5,train,42
3745,7,validation,42
3746,8,train,42
3747,4,train,42
3748,1,train,42
3749,3,train,42
3750,4,validation,42
3751,8,train,42
3752,6,train,42
3753,5,train,42
3754,3,train,42
3755,0,train,42
3756,2,train,42
3757,9,validation,42
3758,9,train,42
3759,4,validation,42
3760,5,train,42
3761,8,train,42
3762,6,train,42
3763,0,train,42
3764,2,train,42
3765,7,train,42
3766,0,train,42
3767,5,train,42
3768,4,train,42
3769,9,train,42
3770,1,validation,42
3771,7,train,42
3772,2,train,42
3773,4,train,42
3774,4,train,42
3775,6,train,42
3776,6,train,42
3777,1,train,42
3778,0,train,42
3779,5,validation,42
3780,8,validation,42
3781,4,train,42
3782,7,train,42
3783,2,train,42
3784,2,train,42
3785,2,train,42
3786,9,validation,42
3787,4,train,42
3788,6,train,42
3789,1,train,42
3790,0,validation,42
3791,1,train,42
3792,2,train,42
3793,1,train,42
3794,6,validation,42
3795,7,train,42
3796,6,train,42
3797,2,validation,42
3798,8,train,42
3799,5,train,42
3800,3,train,42
3801,9,train,42
3802,0,validation,42
3803,1,validation,42
3804,2,validation,42
3805,0,train,42
3806,2,train,42
3807,7,validation,42
3808,4,train,42
3809,3,validation,42
3810,5,train,42
3811,0,train,42
3812,3,validation,42
3813,1,train,42
3814,9,train,42
3815,2,validation,42
3816,5,validation,42
3817,0,train,42
3818,0,train,42
3819,3,validation,42
3820,6,train,42
3821,5,validation,42
3822,3,train,42
3823,0,train,42
3824,2,train,42
3825,9,train,42
3826,0,validation,42
3827,9,train,42
3828,3,train,42
3829,4,train,42
3830,1,train,42
3831,9,train,42
3832,7,validation,42
3833,2,train,42
3834,5,train,42
3835,6,train,42
3836,5,train,42
3837,4,train,42
3838,4,train,42
3839,0,train,42
3840,6,validation,42
3841,5,train,42
3842,5,train,42
3843,8,train,42
3844,2,train,42
3845,1,train,42
3846,5,train,42
3847,0,validation,42
3848,1,train,42
3849,2,validation,42
3850,1,train,42
3851,7,train,42
3852,2,train,42
3853,1,train,42
3854,4,train,42
3855,4,train,42
3856,7,validation,42
3857,2,train,42
3858,3,train,42
3859,6,train,42
3860,6,validation,42
3861,2,train,42
3862,2,train,42
3863,2,train,42
3864,0,train,42
3865,4,train,42
3866,5,train,42
3867,5,train,42
3868,2,train,42
3869,2,train,42
3870,3,train,42
3871,4,train,42
3872,1,train,42
3873,6,validation,42
3874,8,train,42
3875,9,train,42
3876,1,train,42
3877,3,train,42
3878,8,train,42
3879,2,train,42
3880,3,train,42
3881,8,train,42
3882,6,train,42
3883,8,train,42
3884,7,train,42
3885,8,train,42
3886,1,train,42
3887,5,train,42
3888,3,train,42
3889,7,train,42
3890,1,train,42
3891,0,validation,42
3892,9,train,42
3893,6,train,42
3894,3,validation,42
3895,6,train,42
3896,6,train,42
3897,8,train,42
3898,4,train,42
3899,4,train,42
3900,0,train,42
3901,9,train,42
3902,9,train,42
3903,0,validation,42
3904,9,train,42
3905,0,validation,42
3906,9,validation,42
3907,1,train,42
3908,8,validation,42
3909,1,validation,42
3910,7,train,42
3911,0,train,42
3912,2,train,42
3913,7,validation,42
3914,3,train,42
3915,0,train,42
3916,6,train,42
3917,0,train,42
3918,7,train,42
3919,8,train,42
3920,3,validation,42
3921,2,train,42
3922,5,train,42
3923,3,train,42
3924,8,train,42
3925,3,train,42
3926,4,train,42
3927,7,validation,42
3928,1,train,42
3929,4,validation,42
3930,1,train,42
3931,0,train,42
3932,1,validation,42
3933,2,validation,42
3934,0,validation,42
3935,5,train,42
3936,4,train,42
3937,2,train,42
3938,4,train,42
3939,8,train,42
3940,9,train,42
3941,6,train,42
3942,7,train,42
3943,0,train,42
3944,1,train,42
3945,9,validation,42
3946,9,train,42
3947,5,train,42
3948,6,train,42
3949,2,validation,42
3950,4,train,42
3951,0,train,42
3952,5,train,42
3953,8,train,42
3954,2,train,42
3955,6,validation,42
3956,1,train,42
3957,5,train,42
3958,9,train,42
3959,5,train,42
3960,4,train,42
3961,2,train,42
3962,9,train,42
3963,0,train,42
3964,2,train,42
3965,1,train,42
3966,7,train,42
3967,6,validation,42
3968,7,validation,42
3969,5,train,42
3970,7,train,42
3971,0,validation,42
3972,6,train,42
3973,4,validation,42
3974,7,train,42
3975,4,train,42
3976,3,train,42
3977,6,train,42
3978,8,train,42
3979,3,train,42
3980,7,train,42
3981,7,train,42
3982,7,validation,42
3983,7,validation,42
3984,3,train,42
3985,7,train,42
3986,7,validation,42
3987,7,train,42
3988,3,train,42
3989,5,train,42
3990,4,train,42
3991,6,train,42
3992,3,validation,42
3993,1,train,42
3994,3,validation,42
3995,6,validation,42
3996,8,train,42
3997,4,validation,42
3998,9,train,42
3999,4,train,42
4000,7,train,42
4001,4,train,42
4002,1,validation,42
4003,0,train,42
4004,1,train,42
4005,6,validation,42
4006,8,train,42
4007,2,train,42
4008,0,train,42
4009,5,train,42
4010,5,validation,42
4011,0,train,42
4012,0,train,42
4013,1,train,42
4014,7,train,42
4015,6,train,42
4016,5,train,42
4017,0,validation,42
4018,9,train,42
4019,1,train,42
4020,3,train,42
4021,2,validation,42
4022,0,train,42
4023,6,train,42
4024,4,train,42
4025,4,train,42
4026,3,train,42
4027,2,train,42
4028,1,train,42
4029,7,train,42
4030,6,train,42
4031,0,train,42
4032,9,train,42
4033,8,train,42
4034,4,validation,42
4035,8,train,42
4036,6,train,42
4037,9,train,42
4038,0,train,42
4039,8,train,42
4040,3,train,42
4041,4,validation,42
4042,5,train,42
4043,8,train,42
4044,5,train,42
4045,2,train,42
4046,7,train,42
4047,8,validation,42
4048,7,validation,42
4049,2,validation,42
4050,6,train,42
4051,7,train,42
4052,6,train,42
4053,1,train,42
4054,1,train,42
4055,4,train,42
4056,0,train,42
4057,3,train,42
4058,7,train,42
4059,2,train,42
4060,2,train,42
4061,2,train,42
4062,1,validation,42
4063,2,validation,42
4064,2,train,42
4065,4,train,42
4066,9,validation,42
4067,5,train,42
4068,2,train,42
4069,3,validation,42
4070,8,train,42
4071,6,train,42
4072,7,train,42
4073,6,validation,42
4074,2,train,42
4075,9,train,42
4076,9,train,42
4077,3,validation,42
4078,1,train,42
4079,4,train,42
4080,8,validation,42
4081,1,validation,42
4082,6,train,42
4083,4,train,42
4084,0,train,42
4085,5,train,42
4086,4,train,42
4087,8,train,42
4088,6,train,42
4089,4,train,42
4090,4,train,42
4091,6,train,42
4092,8,validation,42
4093,3,validation,42
4094,5,train,42
4095,5,train,42
4096,7,train,42
4097,3,train,42
4098,5,train,42
4099,6,validation,42
4100,0,train,42
4101,3,train,42
4102,1,train,42
4103,2,validation,42
4104,2,train,42
4105,8,train,42
4106,4,train,42
4107,0,validation,42
4108,0,train,42
4109,0,train,42
4110,5,train,42
4111,0,train,42
4112,8,train,42
4113,5,validation,42
4114,4,train,42
4115,2,train,42
4116,6,validation,42
4117,7,train,42
4118,7,train,42
4119,3,train,42
4120,8,train,42
4121,3,train,42
4122,9,train,42
4123,3,train,42
4124,4,validation,42
4125,2,train,42
4126,2,train,42
4127,8,validation,42
4128,0,train,42
4129,3,train,42
4130,5,train,42
4131,6,train,42
4132,9,validation,42
4133,6,validation,42
4134,0,validation,42
4135,9,train,42
4136,3,train,42
4137,4,train,42
4138,9,train,42
4139,0,train,42
4140,8,train,42
4141,4,train,42
4142,3,train,42
4143,0,train,42
4144,5,train,42
4145,5,train,42
4146,2,train,42
4147,4,train,42
4148,5,train,42
4149,9,train,42
4150,7,train,42
4151,4,train,42
4152,0,train,42
4153,9,train,42
4154,1,validation,42
4155,8,train,42
4156,7,validation,42
4157,1,train,42
4158,1,train,42
4159,5,validation,42
4160,0,train,42
4161,1,train,42
4162,1,train,42
4163,1,train,42
4164,5,validation,42
4165,9,train,42
4166,7,validation,42
4167,8,train,42
4168,4,train,42
4169,8,validation,42
4170,3,train,42
4171,8,train,42
4172,7,train,42
4173,4,train,42
4174,2,train,42
4175,7,train,42
4176,9,train,42
4177,1,train,42
4178,4,validation,42
4179,6,train,42
4180,1,train,42
4181,4,train,42
4182,4,validation,42
4183,3,train,42
4184,1,train,42
4185,7,validation,42
4186,0,train,42
4187,7,train,42
4188,9,train,42
4189,1,train,42
4190,9,train,42
4191,9,train,42
4192,3,train,42
4193,1,train,42
4194,1,train,42
4195,1,train,42
4196,3,validation,42
4197,9,train,42
4198,6,train,42
4199,1,train,42
4200,7,train,42
4201,3,validation,42
4202,5,train,42
4203,3,train,42
4204,3,validation,42
4205,3,train,42
4206,9,train,42
4207,7,train,42
4208,5,train,42
4209,6,train,42
4210,8,train,42
4211,7,validation,42
4212,3,train,42
4213,3,train,42
4214,0,train,42
4215,4,train,42
4216,8,train,42
4217,6,train,42
4218,7,validation,42
4219,7,train,42
4220,1,train,42
4221,9,train,42
4222,8,train,42
4223,4,train,42
4224,5,train,42
4225,1,train,42
4226,5,train,42
4227,8,validation,42
4228,3,train,42
4229,6,train,42
4230,5,train,42
4231,9,train,42
4232,4,train,42
4233,4,train,42
4234,6,train,42
4235,9,train,42
4236,2,validation,42
4237,3,train,42
4238,4,validation,42
4239,7,train,42
4240,6,train,42
4241,2,train,42
4242,5,validation,42
4243,2,train,42
4244,5,train,42
4245,0,train,42
4246,5,train,42
4247,1,train,42
4248,6,train,42
4249,4,validation,42
4250,2,train,42
4251,0,train,42
4252,9,train,42
4253,6,validation,42
4254,4,train,42
4255,3,train,42
4256,2,train,42
4257,4,train,42
4258,9,train,42
4259,7,train,42
4260,6,train,42
4261,5,train,42
4262,6,train,42
4263,0,validation,42
4264,4,train,42
4265,8,validation,42
4266,1,validation,42
4267,0,train,42
4268,5,validation,42
4269,3,validation,42
4270,1,train,42
4271,9,train,42
4272,8,validation,42
4273,5,train,42
4274,3,train,42
4275,4,train,42
4276,9,validation,42
4277,0,train,42
4278,3,train,42
4279,9,train,42
4280,4,validation,42
4281,0,train,42
4282,1,train,42
4283,5,train,42
4284,3,train,42
4285,7,train,42
4286,6,train,42
4287,2,train,42
4288,1,validation,42
4289,9,train,42
4290,3,train,42
4291,7,validation,42
4292,3,train,42
4293,9,train,42
4294,0,train,42
4295,1,train,42
4296,5,validation,42
4297,5,train,42
4298,7,train,42
4299,8,validation,42
4300,8,validation,42
4301,5,train,42
4302,1,train,42
4303,0,train,42
4304,7,train,42
4305,8,train,42
4306,0,train,42
4307,1,train,42
4308,9,train,42
4309,2,train,42
4310,1,train,42
4311,6,validation,42
4312,1,train,42
4313,3,train,42
4314,5,train,42
4315,2,train,42
4316,9,train,42
4317,1,train,42
4318,5,train,42
4319,9,validation,42
4320,1,train,42
4321,0,train,42
4322,1,train,42
4323,2,train,42
4324,6,train,42
4325,0,validation,42
4326,9,train,42
4327,1,train,42
4328,6,train,42
4329,7,validation,42
4330,0,train,42
4331,4,validation,42
4332,0,train,42
4333,8,train,42
4334,6,train,42
4335,6,train,42
4336,1,validation,42
4337,4,train,42
4338,8,validation,42
4339,3,validation,42
4340,4,train,42
4341,0,train,42
4342,9,train,42
4343,9,train,42
4344,3,train,42
4345,2,train,42
4346,2,train,42
4347,1,train,42
4348,6,train,42
4349,6,validation,42
4350,3,train,42
4351,3,train,42
4352,9,validation,42
4353,5,validation,42
4354,1,train,42
4355,4,train,42
4356,6,train,42
4357,8,validation,42
4358,7,train,42
4359,5,train,42
4360,5,train,42
4361,2,validation,42
4362,6,train,42
4363,0,train,42
4364,3,train,42
4365,7,train,42
4366,8,train,42
4367,4,validation,42
4368,9,train,42
4369,3,train,42
4370,5,train,42
4371,0,train,42
4372,9,train,42
4373,5,validation,42
4374,6,train,42
4375,2,train,42
4376,3,train,42
4377,8,train,42
4378,1,validation,42
4379,3,train,42
4380,0,train,42
4381,0,train,42
4382,8,train,42
4383,9,train,42
4384,4,validation,42
4385,8,train,42
4386,7,train,42
4387,3,train,42
4388,4,train,42
4389,3,train,42
4390,9,train,42
4391,4,validation,42
4392,4,train,42
4393,3,train,42
4394,2,train,42
4395,1,train,42
4396,1,train,42
4397,6,train,42
4398,6,train,42
4399,3,validation,42
4400,0,train,42
4401,3,train,42
4402,0,train,42
4403,7,train,42
4404,5,train,42
4405,7,train,42
4406,4,train,42
4407,1,train,42
4408,5,train,42
4409,2,train,42
4410,5,validation,42
4411,8,train,42
4412,5,train,42
4413,2,train,42
4414,6,train,42
4415,1,train,42
4416,1,train,42
4417,8,validation,42
4418,5,train,42
4419,6,validation,42
4420,6,train,42
4421,6,train,42
4422,4,train,42
4423,0,train,42
4424,2,train,42
4425,3,validation,42
4426,5,validation,42
4427,9,train,42
4428,7,train,42
4429,3,train,42
4430,2,validation,42
4431,8,validation,42
4432,0,train,42
4433,7,train,42
4434,2,validation,42
4435,0,train,42
4436,1,train,42
4437,4,train,42
4438,0,train,42
4439,7,train,42
4440,1,train,42
4441,9,train,42
4442,5,validation,42
4443,2,train,42
4444,8,validation,42
4445,1,train,42
4446,1,validation,42
4447,0,train,42
4448,8,train,42
4449,0,train,42
4450,0,train,42
4451,4,train,42
4452,9,train,42
4453,7,train,42
4454,9,train,42
4455,9,train,42
4456,6,validation,42
4457,1,train,42
4458,0,train,42
4459,2,train,42
4460,3,train,42
4461,2,train,42
4462,2,validation,42
4463,9,train,42
4464,2,validation,42
4465,5,train,42
4466,1,train,42
4467,7,train,42
4468,3,train,42
4469,0,train,42
4470,4,train,42
4471,5,validation,42
4472,8,validation,42
4473,4,train,42
4474,0,validation,42
4475,8,validation,42
4476,0,validation,42
4477,7,train,42
4478,1,validation,42
4479,9,train,42
4480,1,train,42
4481,9,train,42
4482,5,train,42
4483,8,train,42
4484,2,train,42
4485,2,train,42
4486,1,train,42
4487,4,train,42
4488,5,validation,42
4489,5,train,42
4490,6,train,42
4491,2,validation,42
4492,4,validation,42
4493,7,train,42
4494,0,train,42
4495,2,train,42
4496,7,validation,42
4497,2,train,42
4498,2,train,42
4499,3,train,42
4500,0,train,42
4501,4,validation,42
4502,2,validation,42
4503,9,train,42
4504,9,train,42
4505,9,train,42
4506,4,train,42
4507,3,train,42
4508,3,train,42
4509,4,train,42
4510,5,train,42
4511,3,validation,42
4512,6,train,42
4513,1,train,42
4514,1,train,42
4515,3,validation,42
4516,1,train,42
4517,9,validation,42
4518,1,train,42
4519,9,train,42
4520,9,train,42
4521,8,train,42
4522,9,validation,42
4523,5,train,42
4524,1,train,42
4525,8,train,42
4526,3,train,42
4527,4,train,42
4528,5,train,42
4529,8,train,42
4530,1,train,42
4531,9,train,42
4532,6,train,42
4533,9,validation,42
4534,7,train,42
4535,6,train,42
4536,5,train,42
4537,8,train,42
4538,2,train,42
4539,2,train,42
4540,2,train,42
4541,9,train,42
4542,0,validation,42
4543,7,validation,42
4544,5,train,42
4545,2,train,42
4546,9,train,42
4547,4,train,42
4548,7,validation,42
4549,4,validation,42
4550,4,train,42
4551,5,train,42
4552,1,train,42
4553,5,train,42
4554,6,train,42
4555,3,train,42
4556,2,train,42
4557,5,train,42
4558,0,validation,42
4559,1,train,42
4560,8,validation,42
4561,3,validation,42
4562,5,validation,42
4563,9,train,42
4564,3,train,42
4565,2,train,42
4566,9,validation,42
4567,1,train,42
4568,1,train,42
4569,6,validation,42
4570,7,train,42
4571,2,validation,42
4572,6,train,42
4573,7,train,42
4574,5,train,42
4575,0,validation,42
4576,8,validation,42
4577,1,train,42
4578,3,validation,42
4579,7,train,42
4580,2,train,42
4581,9,train,42
4582,7,validation,42
4583,2,train,42
4584,0,validation,42
4585,1,train,42
4586,6,train,42
4587,6,train,42
4588,2,train,42
4589,2,train,42
4590,5,train,42
4591,9,train,42
4592,3,validation,42
4593,0,train,42
4594,9,validation,42
4595,7,validation,42
4596,3,train,42
4597,5,train,42
4598,4,train,42
4599,3,train,42
4600,3,validation,42
4601,8,train,42
4602,3,validation,42
4603,0,train,42
4604,1,train,42
4605,2,train,42
4606,9,train,42
4607,5,train,42
4608,3,train,42
4609,7,validation,42
4610,1,validation,42
4611,0,train,42
4612,9,train,42
4613,2,train,42
4614,4,train,42
4615,8,validation,42
4616,8,train,42
4617,8,train,42
4618,6,train,42
4619,4,train,42
4620,2,train,42
4621,8,train,42
4622,5,train,42
4623,0,train,42
4624,9,train,42
4625,9,train,42
4626,4,validation,42
4627,8,train,42
4628,5,train,42
4629,2,validation,42
4630,1,train,42
4631,4,train,42
4632,3,train,42
4633,2,train,42
4634,8,train,42
4635,3,train,42
4636,8,train,42
4637,9,train,42
4638,8,train,42
4639,0,validation,42
4640,7,train,42
4641,7,train,42
4642,0,train,42
4643,7,validation,42
4644,1,train,42
4645,8,train,42
4646,8,train,42
4647,8,train,42
4648,5,validation,42
4649,8,train,42
4650,0,train,42
4651,2,validation,42
4652,9,validation,42
4653,8,validation,42
4654,8,train,42
4655,3,train,42
4656,1,train,42
4657,8,train,42
4658,1,validation,42
4659,5,train,42
4660,3,train,42
4661,4,train,42
4662,4,train,42
4663,9,train,42
4664,1,train,42
4665,4,validation,42
4666,9,validation,42
4667,3,train,42
4668,4,train,42
4669,3,train,42
4670,6,train,42
4671,0,train,42
4672,4,train,42
4673,6,train,42
4674,8,validation,42
4675,2,train,42
4676,1,train,42
4677,6,train,42
4678,1,train,42
4679,4,train,42
4680,7,validation,42
4681,2,train,42
4682,2,train,42
4683,9,train,42
4684,9,train,42
4685,7,train,42
4686,0,train,42
4687,1,validation,42
4688,0,validation,42
4689,9,validation,42
4690,2,train,42
4691,9,train,42
4692,2,train,42
4693,8,train,42
4694,6,train,42
4695,6,train,42
4696,5,train,42
4697,6,train,42
4698,1,train,42
4699,6,train,42
4700,9,train,42
4701,4,train,42
4702,1,train,42
4703,9,validation,42
4704,3,train,42
4705,2,validation,42
4706,9,train,42
4707,4,train,42
4708,8,train,42
4709,9,train,42
4710,2,train,42
4711,4,train,42
4712,9,train,42
4713,6,train,42
4714,7,train,42
4715,6,train,42
4716,3,train,42
4717,9,train,42
4718,2,train,42
4719,6,train,42
4720,0,train,42
4721,1,train,42
4722,3,train,42
4723,8,train,42
4724,4,train,42
4725,1,train,42
4726,0,train,42
4727,0,validation,42
4728,3,train,42
4729,7,train,42
4730,7,validation,42
4731,3,train,42
4732,9,train,42
4733,6,train,42
4734,5,train,42
4735,3,train,42
4736,9,train,42
4737,6,train,42
4738,9,validation,42
4739,0,validation,42
4740,3,validation,42
4741,7,validation,42
4742,8,train,42
4743,0,validation,42
4744,6,train,42
4745,3,validation,42
4746,2,train,42
4747,3,validation,42
4748,0,train,42
4749,5,train,42
4750,8,train,42
4751,3,train,42
4752,9,train,42
4753,8,train,42
4754,3,validation,42
4755,3,train,42
4756,6,train,42
4757,8,train,42
4758,7,train,42
4759,8,train,42
4760,9,validation,42
4761,6,validation,42
4762,0,train,42
4763,6,train,42
4764,5,train,42
4765,6,train,42
4766,6,train,42
4767,0,train,42
4768,1,train,42
4769,3,train,42
4770,4,validation,42
4771,6,train,42
4772,1,train,42
4773,3,train,42
4774,0,train,42
4775,2,train,42
4776,1,validation,42
4777,2,train,42
4778,4,train,42
4779,4,train,42
4780,0,train,42
4781,1,train,42
4782,0,train,42
4783,7,train,42
4784,8,train,42
4785,7,train,42
4786,3,train,42
4787,0,train,42
4788,9,train,42
4789,7,train,42
4790,8,train,42
4791,8,train,42
4792,3,validation,42
4793,6,train,42
4794,6,train,42
4795,3,train,42
4796,9,train,42
4797,3,train,42
4798,5,validation,42
4799,4,validation,42
4800,2,train,42
4801,5,train,42
4802,0,validation,42
4803,7,train,42
4804,7,train,42
4805,8,validation,42
4806,9,train,42
4807,4,train,42
4808,3,train,42
4809,5,train,42
4810,8,validation,42
4811,7,train,42
4812,7,train,42
4813,2,train,42
4814,9,train,42
4815,8,train,42
4816,0,train,42
4817,3,validation,42
4818,0,train,42
4819,0,train,42
4820,2,train,42
4821,5,train,42
4822,6,train,42
4823,3,train,42
4824,4,validation,42
4825,3,train,42
4826,4,validation,42
4827,3,train,42
4828,0,train,42
4829,8,validation,42
4830,8,train,42
4831,5,train,42
4832,1,train,42
4833,4,train,42
4834,4,train,42
4835,9,validation,42
4836,1,train,42
4837,4,train,42
4838,3,train,42
4839,5,validation,42
4840,7,train,42
4841,2,train,42
4842,7,train,42
4843,3,train,42
4844,0,validation,42
4845,2,train,42
4846,6,train,42
4847,7,train,42
4848,6,validation,42
4849,3,validation,42
4850,0,train,42
4851,6,validation,42
4852,6,train,42
4853,4,train,42
4854,0,validation,42
4855,2,train,42
4856,2,train,42
4857,1,validation,42
4858,2,train,42
4859,2,train,42
4860,2,train,42
4861,7,train,42
4862,3,train,42
4863,5,train,42
4864,0,validation,42
4865,1,train,42
4866,6,validation,42
4867,7,train,42
4868,6,train,42
4869,6,train,42
4870,0,train,42
4871,4,train,42
4872,8,train,42
4873,4,train,42
4874,6,validation,42
4875,7,train,42
4876,9,train,42
4877,1,train,42
4878,4,train,42
4879,7,train,42
4880,7,train,42
4881,9,train,42
4882,2,train,42
4883,8,train,42
4884,9,train,42
4885,3,train,42
4886,5,validation,42
4887,4,train,42
4888,9,train,42
4889,7,train,42
4890,5,validation,42
4891,0,train,42
4892,8,validation,42
4893,6,train,42
4894,4,train,42
4895,2,train,42
4896,6,train,42
4897,8,train,42
4898,8,train,42
4899,9,train,42
4900,3,train,42
4901,7,train,42
4902,7,train,42
4903,3,train,42
4904,8,train,42
4905,7,train,42
4906,8,validation,42
4907,0,train,42
4908,7,train,42
4909,8,train,42
4910,7,train,42
4911,3,train,42
4912,6,train,42
4913,7,train,42
4914,4,train,42
4915,9,train,42
4916,3,train,42
4917,0,train,42
4918,3,train,42
4919,4,validation,42
4920,2,train,42
4921,4,train,42
4922,7,validation,42
4923,4,train,42
4924,7,train,42
4925,1,train,42
4926,6,train,42
4927,8,train,42
4928,8,validation,42
4929,1,train,42
4930,0,train,42
4931,8,validation,42
4932,5,validation,42
4933,0,validation,42
4934,5,train,42
4935,8,validation,42
4936,3,train,42
4937,3,validation,42
4938,8,train,42
4939,8,train,42
4940,3,train,42
4941,8,train,42
4942,9,train,42
4943,5,validation,42
4944,3,train,42
4945,4,train,42
4946,8,train,42
4947,6,validation,42
4948,4,train,42
4949,7,train,42
4950,2,train,42
4951,8,train,42
4952,7,train,42
4953,7,validation,42
4954,0,train,42
4955,8,validation,42
4956,5,train,42
4957,8,validation,42
4958,8,train,42
4959,9,train,42
4960,7,train,42
4961,3,train,42
4962,9,train,42
4963,4,train,42
4964,8,train,42
4965,5,train,42
4966,5,train,42
4967,1,train,42
4968,9,train,42
4969,9,train,42
4970,2,train,42
4971,9,train,42
4972,2,train,42
4973,7,train,42
4974,5,train,42
4975,8,train,42
4976,8,train,42
4977,0,train,42
4978,2,train,42
4979,8,train,42
4980,6,train,42
4981,6,train,42
4982,7,validation,42
4983,0,train,42
4984,5,train,42
4985,9,train,42
4986,4,train,42
4987,8,train,42
4988,1,train,42
4989,3,train,42
4990,2,train,42
4991,3,train,42
4992,6,train,42
4993,6,train,42
4994,0,validation,42
4995,6,train,42
4996,3,validation,42
4997,1,train,42
4998,4,validation,42
4999,9,train,42
5000,0,train,42
5001,1,train,42
5002,0,validation,42
5003,0,train,42
5004,4,train,42
5005,3,train,42
5006,4,train,42
5007,8,train,42
5008,1,train,42
5009,5,train,42
5010,0,train,42
5011,9,train,42
5012,2,train,42
5013,5,train,42
5014,9,validation,42
5015,0,train,42
5016,7,validation,42
5017,2,train,42
5018,0,validation,42
5019,3,validation,42
5020,4,train,42
5021,3,train,42
5022,5,train,42
5023,1,train,42
5024,3,validation,42
5025,4,validation,42
5026,9,train,42
5027,2,validation,42
5028,7,validation,42
5029,3,train,42
5030,1,train,42
5031,4,train,42
5032,3,train,42
5033,7,train,42
5034,3,train,42
5035,3,train,42
5036,4,validation,42
5037,6,train,42
5038,6,train,42
5039,7,train,42
5040,1,train,42
5041,5,validation,42
5042,3,train,42
5043,3,train,42
5044,4,validation,42
5045,7,train,42
5046,4,train,42
5047,0,train,42
5048,6,train,42
5049,3,validation,42
5050,6,validation,42
5051,6,validation,42
5052,0,validation,42
5053,0,train,42
5054,3,train,42
5055,9,train,42
5056,6,train,42
5057,7,train,42
5058,2,train,42
5059,6,train,42
5060,0,train,42
5061,2,train,42
5062,5,train,42
5063,0,train,42
5064,7,train,42
5065,8,train,42
5066,4,train,42
5067,1,train,42
5068,3,train,42
5069,0,train,42
5070,8,train,42
5071,6,train,42
5072,7,train,42
5073,6,validation,42
5074,6,validation,42
5075,9,train,42
5076,3,train,42
5077,0,train,42
5078,5,train,42
5079,6,train,42
5080,0,train,42
5081,8,train,42
5082,8,train,42
5083,9,train,42
5084,7,train,42
5085,7,validation,42
5086,3,train,42
5087,8,train,42
5088,6,validation,42
5089,9,train,42
5090,8,train,42
5091,6,train,42
5092,6,train,42
5093,3,train,42
5094,2,train,42
5095,6,train,42
5096,3,validation,42
5097,2,train,42
5098,9,train,42
5099,0,train,42
5100,6,train,42
5101,9,validation,42
5102,7,train,42
5103,4,train,42
5104,8,train,42
5105,1,train,42
5106,4,train,42
5107,4,train,42
5108,9,train,42
5109,8,validation,42
5110,7,train,42
5111,4,validation,42
5112,3,train,42
5113,6,train,42
5114,0,train,42
5115,2,validation,42
5116,3,train,42
5117,6,train,42
5118,8,train,42
5119,7,train,42
5120,2,train,42
5121,9,train,42
5122,5,validation,42
5123,5,train,42
5124,5,train,42
5125,5,train,42
5126,4,train,42
5127,4,validation,42
5128,3,train,42
5129,0,train,42
5130,8,validation,42
5131,2,train,42
5132,9,train,42
5133,7,train,42
5134,6,validation,42
5135,4,train,42
5136,0,validation,42
5137,7,validation,42
5138,5,train,42
5139,3,train,42
5140,2,validation,42
5141,5,train,42
5142,0,train,42
5143,5,train,42
5144,0,train,42
5145,4,train,42
5146,2,validation,42
5147,9,train,42
5148,5,train,42
5149,7,train,42
5150,5,train,42
5151,5,validation,42
5152,8,train,42
5153,3,validation,42
5154,7,train,42
5155,6,train,42
5156,5,train,42
5157,3,train,42
5158,1,train,42
5159,8,train,42
5160,9,train,42
5161,2,train,42
5162,8,train,42
5163,0,train,42
5164,8,train,42
5165,8,train,42
5166,1,train,42
5167,5,validation,42
5168,4,train,42
5169,5,validation,42
5170,5,validation,42
5171,4,train,42
5172,4,train,42
5173,8,train,42
5174,3,train,42
5175,9,train,42
5176,6,train,42
5177,3,train,42
5178,0,validation,42
5179,3,train,42
5180,8,train,42
5181,6,train,42
5182,1,train,42
5183,6,validation,42
5184,2,train,42
5185,3,validation,42
5186,4,train,42
5187,4,train,42
5188,4,train,42
5189,2,train,42
5190,2,train,42
5191,8,train,42
5192,2,train,42
5193,2,train,42
5194,1,train,42
5195,0,train,42
5196,8,train,42
5197,6,train,42
5198,3,validation,42
5199,4,train,42
5200,8,validation,42
5201,2,train,42
5202,3,train,42
5203,1,train,42
5204,1,train,42
5205,6,validation,42
5206,2,train,42
5207,9,train,42
5208,9,train,42
5209,3,train,42
5210,6,train,42
5211,3,train,42
5212,3,train,42
5213,0,train,42
5214,6,train,42
5215,5,train,42
5216,0,train,42
5217,0,train,42
5218,9,validation,42
5219,7,train,42
5220,0,train,42
5221,9,train,42
5222,1,validation,42
5223,9,train,42
5224,8,train,42
5225,9,train,42
5226,9,train,42
5227,0,train,42
5228,2,train,42
5229,9,train,42
5230,0,train,42
5231,9,train,42
5232,6,train,42
5233,3,train,42
5234,1,train,42
5235,3,train,42
5236,0,train,42
5237,0,train,42
5238,7,train,42
5239,1,validation,42
5240,7,train,42
5241,3,validation,42
5242,6,train,42
5243,9,train,42
5244,2,validation,42
5245,7,validation,42
5246,3,train,42
5247,0,train,42
5248,2,train,42
5249,8,train,42
5250,2,validation,42
5251,7,train,42
5252,1,train,42
5253,1,train,42
5254,7,train,42
5255,1,train,42
5256,2,validation,42
5257,1,train,42
5258,9,train,42
5259,3,validation,42
5260,5,train,42
5261,4,train,42
5262,8,train,42
5263,9,train,42
5264,8,train,42
5265,3,train,42
5266,2,train,42
5267,9,train,42
5268,7,train,42
5269,7,train,42
5270,2,train,42
5271,4,validation,42
5272,9,train,42
5273,9,train,42
5274,6,train,42
5275,4,train,42
5276,1,validation,42
5277,6,train,42
5278,7,train,42
5279,2,validation,42
5280,7,train,42
5281,9,validation,42
5282,7,train,42
5283,9,train,42
5284,8,train,42
5285,6,train,42
5286,0,train,42
5287,7,train,42
5288,0,train,42
5289,2,train,42
5290,8,train,42
5291,6,validation,42
5292,3,train,42
5293,5,validation,42
5294,1,train,42
5295,3,train,42
5296,5,train,42
5297,4,train,42
5298,6,validation,42
5299,8,validation,42
5300,7,train,42
5301,3,train,42
5302,0,train,42
5303,9,train,42
5304,4,train,42
5305,8,validation,42
5306,7,train,42
5307,5,train,42
5308,8,train,42
5309,8,validation,42
5310,8,train,42
5311,3,train,42
5312,6,train,42
5313,2,train,42
5314,6,train,42
5315,9,validation,42
5316,4,train,42
5317,3,train,42
5318,6,validation,42
5319,1,train,42
5320,9,train,42
5321,0,train,42
5322,6,train,42
5323,2,train,42
5324,4,train,42
5325,3,train,42
5326,3,train,42
5327,9,validation,42
5328,1,train,42
5329,6,validation,42
5330,7,validation,42
5331,6,train,42
5332,1,train,42
5333,6,train,42
5334,8,train,42
5335,8,train,42
5336,5,train,42
5337,9,train,42
5338,6,validation,42
5339,7,train,42
5340,1,validation,42
5341,2,train,42
5342,5,train,42
5343,0,train,42
5344,0,validation,42
5345,0,train,42
5346,6,train,42
5347,7,train,42
5348,6,train,42
5349,0,train,42
5350,4,validation,42
5351,6,train,42
5352,3,validation,42
5353,3,train,42
5354,0,train,42
5355,9,train,42
5356,4,train,42
5357,5,validation,42
5358,8,train,42
5359,6,validation,42
5360,4,train,42
5361,4,train,42
5362,6,validation,42
5363,8,train,42
5364,0,train,42
5365,8,train,42
5366,0,train,42
5367,7,train,42
5368,9,train,42
5369,0,validation,42
5370,8,train,42
5371,6,train,42
5372,7,validation,42
5373,7,train,42
5374,3,train,42
5375,7,validation,42
5376,9,train,42
5377,8,train,42
5378,7,train,42
5379,6,train,42
5380,5,validation,42
5381,9,train,42
5382,6,train,42
5383,2,train,42
5384,7,validation,42
5385,4,train,42
5386,1,train,42
5387,0,train,42
5388,7,train,42
5389,5,train,42
5390,1,validation,42
5391,5,train,42
5392,9,train,42
5393,7,train,42
5394,2,train,42
5395,1,train,42
5396,9,train,42
5397,8,train,42
5398,1,train,42
5399,9,train,42
5400,5,train,42
5401,8,train,42
5402,2,train,42
5403,6,train,42
5404,1,train,42
5405,8,train,42
5406,0,train,42
5407,4,train,42
5408,7,train,42
5409,9,train,42
5410,5,train,42
5411,4,train,42
5412,5,train,42
5413,2,train,42
5414,6,train,42
5415,5,train,42
5416,8,train,42
5417,5,train,42
5418,8,train,42
5419,2,train,42
5420,1,validation,42
5421,1,validation,42
5422,6,train,42
5423,5,train,42
5424,5,train,42
5425,8,validation,42
5426,9,train,42
5427,1,validation,42
5428,5,train,42
5429,2,validation,42
5430,1,train,42
5431,9,train,42
5432,2,train,42
5433,4,validation,42
5434,9,train,42
5435,5,validation,42
5436,6,train,42
5437,0,train,42
5438,3,train,42
5439,2,train,42
5440,4,train,42
5441,6,train,42
5442,8,validation,42
5443,7,train,42
5444,9,train,42
5445,5,train,42
5446,1,train,42
5447,4,validation,42
5448,2,train,42
5449,2,train,42
5450,5,train,42
5451,7,train,42
5452,1,train,42
5453,9,train,42
5454,7,train,42
5455,2,train,42
5456,4,train,42
5457,8,train,42
5458,4,train,42
5459,8,validation,42
5460,1,train,42
5461,0,train,42
5462,9,validation,42
5463,2,validation,42
5464,7,train,42
5465,6,train,42
5466,6,train,42
5467,9,train,42
5468,5,train,42
5469,2,train,42
5470,0,train,42
5471,9,validation,42
5472,7,train,42
5473,6,train,42
5474,7,train,42
5475,0,train,42
5476,9,train,42
5477,6,train,42
5478,0,validation,42
5479,8,train,42
5480,0,train,42
5481,1,train,42
5482,0,validation,42
5483,3,train,42
5484,5,train,42
5485,9,train,42
5486,3,train,42
5487,5,train,42
5488,5,train,42
5489,1,train,42
5490,7,train,42
5491,2,train,42
5492,8,train,42
5493,9,train,42
5494,3,train,42
5495,7,train,42
5496,4,train,42
5497,9,train,42
5498,2,train,42
5499,8,train,42
5500,7,train,42
5501,7,train,42
5502,5,train,42
5503,6,train,42
5504,7,train,42
5505,3,train,42
5506,8,train,42
5507,5,train,42
5508,1,train,42
5509,6,train,42
5510,6,validation,42
5511,6,train,42
5512,1,validation,42
5513,6,train,42
5514,5,train,42
5515,9,train,42
5516,8,train,42
5517,5,train,42
5518,1,train,42
5519,5,train,42
5520,8,validation,42
5521,0,validation,42
5522,2,train,42
5523,4,validation,42
5524,6,validation,42
5525,1,train,42
5526,4,validation,42
5527,1,validation,42
5528,4,train,42
5529,5,train,42
5530,9,validation,42
5531,5,train,42
5532,4,train,42
5533,0,train,42
5534,0,train,42
5535,0,train,42
5536,1,train,42
5537,8,train,42
5538,1,train,42
5539,8,train,42
5540,3,train,42
5541,1,train,42
5542,5,train,42
5543,8,train,42
5544,3,train,42
5545,0,validation,42
5546,1,train,42
5547,3,train,42
5548,5,validation,42
5549,8,validation,42
5550,3,train,42
5551,3,train,42
5552,0,validation,42
5553,2,train,42
5554,2,train,42
5555,9,validation,42
5556,9,train,42
5557,1,validation,42
5558,8,train,42
5559,5,train,42
5560,4,validation,42
5561,6,validation,42
5562,1,train,42
5563,2,train,42
5564,4,validation,42
5565,6,train,42
5566,9,train,42
5567,5,train,42
5568,8,train,42
5569,9,train,42
5570,2,train,42
5571,8,train,42
5572,6,train,42
5573,8,train,42
5574,1,train,42
5575,0,validation,42
5576,7,train,42
5577,0,validation,42
5578,3,validation,42
5579,8,train,42
5580,5,validation,42
5581,9,train,42
5582,8,train,42
5583,5,validation,42
5584,0,validation,42
5585,9,train,42
5586,6,train,42
5587,6,train,42
5588,0,validation,42
5589,3,train,42
5590,2,train,42
5591,2,train,42
5592,9,train,42
5593,7,train,42
5594,6,train,42
5595,0,validation,42
5596,5,validation,42
5597,5,train,42
5598,1,train,42
5599,9,train,42
5600,1,validation,42
5601,8,train,42
5602,9,train,42
5603,4,train,42
5604,5,train,42
5605,3,train,42
5606,2,validation,42
5607,8,train,42
5608,9,train,42
5609,1,train,42
5610,0,train,42
5611,2,train,42
5612,5,train,42
5613,0,train,42
5614,8,train,42
5615,1,train,42
5616,9,train,42
5617,8,train,42
5618,7,train,42
5619,0,train,42
5620,4,train,42
5621,5,validation,42
5622,9,train,42
5623,1,train,42
5624,8,train,42
5625,3,train,42
5626,7,train,42
5627,2,validation,42
5628,8,train,42
5629,5,train,42
5630,1,train,42
5631,2,validation,42
5632,6,train,42
5633,1,validation,42
5634,2,validation,42
5635,9,train,42
5636,0,train,42
5637,0,train,42
5638,6,train,42
5639,8,train,42
5640,7,train,42
5641,6,train,42
5642,0,train,42
5643,2,validation,42
5644,2,train,42
5645,5,validation,42
5646,2,train,42
5647,4,train,42
5648,5,train,42
5649,9,train,42
5650,3,validation,42
5651,1,train,42
5652,2,train,42
5653,0,validation,42
5654,9,train,42
5655,0,validation,42
5656,4,train,42
5657,2,train,42
5658,9,train,42
5659,0,train,42
5660,5,train,42
5661,8,train,42
5662,2,train,42
5663,4,train,42
5664,8,train,42
5665,4,train,42
5666,7,train,42
5667,3,train,42
5668,7,train,42
5669,5,validation,42
5670,6,train,42
5671,6,validation,42
5672,6,validation,42
5673,8,train,42
5674,1,train,42
5675,3,validation,42
5676,4,validation,42
5677,8,train,42
5678,3,train,42
5679,6,train,42
5680,1,validation,42
5681,6,validation,42
5682,9,validation,42
5683,7,validation,42
5684,4,validation,42
5685,6,train,42
5686,8,train,42
5687,4,train,42
5688,5,train,42
5689,2,train,42
5690,7,validation,42
5691,3,train,42
5692,7,train,42
5693,6,validation,42
5694,6,train,42
5695,7,train,42
5696,0,train,42
5697,5,validation,42
5698,7,train,42
5699,7,train,42
5700,0,validation,42
5701,1,train,42
5702,5,train,42
5703,1,train,42
5704,1,train,42
5705,0,train,42
5706,2,validation,42
5707,9,train,42
5708,6,train,42
5709,9,validation,42
5710,4,train,42
5711,3,train,42
5712,1,train,42
5713,7,train,42
5714,1,train,42
5715,0,train,42
5716,6,train,42
5717,3,train,42
5718,4,validation,42
5719,7,train,42
5720,4,train,42
5721,2,train,42
5722,0,train,42
5723,4,train,42
5724,2,train,42
5725,8,train,42
5726,0,train,42
5727,4,train,42
5728,8,train,42
5729,5,validation,42
5730,0,train,42
5731,9,validation,42
5732,7,train,42
5733,8,validation,42
5734,5,validation,42
5735,7,train,42
5736,7,train,42
5737,9,validation,42
5738,8,validation,42
5739,9,validation,42
5740,7,train,42
5741,9,train,42
5742,4,train,42
5743,5,train,42
5744,6,train,42
5745,8,train,42
5746,8,train,42
5747,1,train,42
5748,5,train,42
5749,4,train,42
5750,0,train,42
5751,2,train,42
5752,4,train,42
5753,5,train,42
5754,8,train,42
5755,3,train,42
5756,6,train,42
5757,2,train,42
5758,9,validation,42
5759,2,train,42
5760,8,train,42
5761,1,train,42
5762,2,validation,42
5763,8,train,42
5764,8,train,42
5765,9,train,42
5766,7,train,42
5767,1,train,42
5768,6,train,42
5769,8,train,42
5770,8,validation,42
5771,6,validation,42
5772,7,train,42
5773,5,train,42
5774,4,train,42
5775,5,train,42
5776,5,validation,42
5777,1,validation,42
5778,5,train,42
5779,9,train,42
5780,4,train,42
5781,6,train,42
5782,0,train,42
5783,0,train,42
5784,0,train,42
5785,1,train,42
5786,7,validation,42
5787,2,train,42
5788,2,train,42
5789,3,train,42
5790,1,train,42
5791,3,train,42
5792,3,train,42
5793,8,train,42
5794,5,validation,42
5795,7,validation,42
5796,0,train,42
5797,4,train,42
5798,7,validation,42
5799,7,train,42
5800,0,train,42
5801,1,train,42
5802,5,train,42
5803,2,validation,42
5804,4,train,42
5805,5,train,42
5806,4,train,42
5807,0,train,42
5808,1,train,42
5809,8,train,42
5810,6,train,42
5811,1,train,42
5812,7,train,42
5813,0,train,42
5814,1,train,42
5815,7,validation,42
5816,2,train,42
5817,1,train,42
5818,0,train,42
5819,1,train,42
5820,9,train,42
5821,3,train,42
5822,0,validation,42
5823,9,train,42
5824,0,train,42
5825,5,train,42
5826,7,train,42
5827,0,train,42
5828,7,train,42
5829,3,train,42
5830,5,train,42
5831,8,train,42
5832,7,train,42
5833,1,train,42
5834,4,train,42
5835,8,train,42
5836,1,validation,42
5837,8,train,42
5838,7,train,42
5839,8,train,42
5840,0,train,42
5841,5,train,42
5842,0,train,42
5843,2,train,42
5844,4,train,42
5845,0,train,42
5846,0,train,42
5847,3,train,42
5848,7,train,42
5849,0,train,42
5850,6,train,42
5851,2,train,42
5852,1,train,42
5853,8,train,42
5854,0,validation,42
5855,0,train,42
5856,8,train,42
5857,7,train,42
5858,6,train,42
5859,3,train,42
5860,3,train,42
5861,1,train,42
5862,8,validation,42
5863,3,validation,42
5864,1,train,42
5865,8,train,42
5866,7,train,42
5867,4,validation,42
5868,0,train,42
5869,6,train,42
5870,8,train,42
5871,7,validation,42
5872,8,train,42
5873,6,train,42
5874,6,train,42
5875,2,validation,42
5876,2,train,42
5877,3,train,42
5878,0,train,42
5879,8,train,42
5880,6,train,42
5881,1,train,42
5882,4,train,42
5883,9,train,42
5884,0,train,42
5885,8,train,42
5886,6,train,42
5887,8,train,42
5888,6,validation,42
5889,4,train,42
5890,7,train,42
5891,8,train,42
5892,3,train,42
5893,1,validation,42
5894,1,train,42
5895,1,validation,42
5896,9,validation,42
5897,9,train,42
5898,9,train,42
5899,3,train,42
5900,8,validation,42
5901,2,train,42
5902,3,train,42
5903,6,train,42
5904,5,train,42
5905,6,train,42
5906,4,validation,42
5907,7,train,42
5908,5,train,42
5909,7,train,42
5910,1,train,42
5911,9,train,42
5912,9,train,42
5913,5,validation,42
5914,7,train,42
5915,7,train,42
5916,1,train,42
5917,4,train,42
5918,2,train,42
5919,0,train,42
5920,5,train,42
5921,1,train,42
5922,0,train,42
5923,7,train,42
5924,8,train,42
5925,9,train,42
5926,4,train,42
5927,5,train,42
5928,5,validation,42
5929,2,train,42
5930,6,train,42
5931,9,train,42
5932,6,train,42
5933,3,train,42
5934,4,train,42
5935,4,train,42
5936,1,train,42
5937,4,train,42
5938,7,validation,42
5939,3,train,42
5940,0,train,42
5941,0,train,42
5942,1,train,42
5943,2,train,42
5944,6,validation,42
5945,4,train,42
5946,0,train,42
5947,5,train,42
5948,9,train,42
5949,6,train,42
5950,5,train,42
5951,5,validation,42
5952,5,train,42
5953,7,train,42
5954,7,train,42
5955,9,validation,42
5956,1,train,42
5957,2,train,42
5958,2,train,42
5959,6,train,42
5960,3,train,42
5961,9,train,42
5962,1,train,42
5963,0,train,42
5964,0,train,42
5965,5,validation,42
5966,9,train,42
5967,3,train,42
5968,3,train,42
5969,4,train,42
5970,6,train,42
5971,4,train,42
5972,7,train,42
5973,1,train,42
5974,1,train,42
5975,8,train,42
5976,9,validation,42
5977,7,train,42
5978,4,validation,42
5979,0,validation,42
5980,4,train,42
5981,0,train,42
5982,7,train,42
5983,1,train,42
5984,0,validation,42
5985,6,train,42
5986,4,train,42
5987,6,train,42
5988,2,train,42
5989,1,train,42
5990,4,train,42
5991,9,train,42
5992,9,train,42
5993,3,train,42
5994,0,train,42
5995,3,train,42
5996,8,train,42
5997,4,train,42
5998,8,train,42
5999,4,train,42
6000,6,train,42
6001,3,train,42
6002,4,train,42
6003,8,validation,42
6004,0,validation,42
6005,1,train,42
6006,2,validation,42
6007,5,train,42
6008,9,train,42
6009,1,train,42
6010,2,train,42
6011,2,train,42
6012,4,train,42
6013,8,train,42
6014,4,validation,42
6015,2,train,42
6016,2,train,42
6017,9,train,42
6018,5,train,42
6019,6,train,42
6020,9,train,42
6021,0,validation,42
6022,7,train,42
6023,6,validation,42
6024,5,validation,42
6025,8,train,42
6026,3,train,42
6027,1,train,42
6028,2,validation,42
6029,6,train,42
6030,3,validation,42
6031,8,validation,42
6032,1,validation,42
6033,4,train,42
6034,2,train,42
6035,2,train,42
6036,4,validation,42
6037,3,validation,42
6038,9,train,42
6039,1,train,42
6040,4,train,42
6041,7,train,42
6042,4,train,42
6043,6,train,42
6044,6,train,42
6045,6,train,42
6046,3,train,42
6047,4,train,42
6048,7,train,42
6049,2,validation,42
6050,4,train,42
6051,6,train,42
6052,2,train,42
6053,5,validation,42
6054,2,train,42
6055,5,train,42
6056,4,validation,42
6057,8,validation,42
6058,5,train,42
6059,8,train,42
6060,3,train,42
6061,9,train,42
6062,5,train,42
6063,9,validation,42
6064,4,train,42
6065,4,validation,42
6066,2,train,42
6067,3,train,42
6068,6,train,42
6069,5,train,42
6070,4,train,42
6071,6,train,42
6072,8,train,42
6073,6,train,42
6074,7,validation,42
6075,1,train,42
6076,6,train,42
6077,1,train,42
6078,7,train,42
6079,0,validation,42
6080,4,train,42
6081,5,train,42
6082,6,validation,42
6083,2,train,42
6084,9,train,42
6085,3,train,42
6086,2,train,42
6087,8,train,42
6088,1,train,42
6089,4,train,42
6090,1,train,42
6091,1,train,42
6092,9,validation,42
6093,0,train,42
6094,3,train,42
6095,8,train,42
6096,9,train,42
6097,7,train,42
6098,6,train,42
6099,1,train,42
6100,9,train,42
6101,2,train,42
6102,0,train,42
6103,1,validation,42
6104,5,validation,42
6105,5,train,42
6106,9,train,42
6107,5,validation,42
6108,8,train,42
6109,0,train,42
6110,4,train,42
6111,7,train,42
6112,3,train,42
6113,5,train,42
6114,0,train,42
6115,4,train,42
6116,4,train,42
6117,3,train,42
6118,5,train,42
6119,3,train,42
6120,5,train,42
6121,3,train,42
6122,3,train,42
6123,4,validation,42
6124,8,train,42
6125,0,validation,42
6126,9,train,42
6127,1,validation,42
6128,4,train,42
6129,7,train,42
6130,6,train,42
6131,4,validation,42
6132,3,train,42
6133,3,train,42
6134,5,train,42
6135,2,validation,42
6136,3,train,42
6137,4,train,42
6138,9,train,42
6139,0,train,42
6140,1,train,42
6141,8,train,42
6142,3,train,42
6143,5,train,42
6144,6,validation,42
6145,9,train,42
6146,7,train,42
6147,9,train,42
6148,2,train,42
6149,3,train,42
6150,5,validation,42
6151,5,train,42
6152,6,train,42
6153,0,validation,42
6154,3,train,42
6155,3,train,42
6156,1,train,42
6157,8,validation,42
6158,6,train,42
6159,9,train,42
6160,8,train,42
6161,3,validation,42
6162,2,train,42
6163,8,train,42
6164,3,train,42
6165,0,train,42
6166,5,train,42
6167,1,train,42
6168,3,train,42
6169,3,validation,42
6170,2,train,42
6171,5,train,42
6172,4,train,42
6173,2,train,42
6174,5,validation,42
6175,1,train,42
6176,1,train,42
6177,9,train,42
6178,7,train,42
6179,4,train,42
6180,1,train,42
6181,1,train,42
6182,3,train,42
6183,9,train,42
6184,5,train,42
6185,5,train,42
6186,7,train,42
6187,2,train,42
6188,0,train,42
6189,8,train,42
6190,6,train,42
6191,7,train,42
6192,3,train,42
6193,5,validation,42
6194,0,train,42
6195,1,train,42
6196,7,validation,42
6197,4,train,42
6198,6,train,42
6199,9,train,42
6200,3,validation,42
6201,1,train,42
6202,0,train,42
6203,9,train,42
6204,3,train,42
6205,5,train,42
6206,2,train,42
6207,8,train,42
6208,0,train,42
6209,8,train,42
6210,8,train,42
6211,5,train,42
6212,3,train,42
6213,3,train,42
6214,6,train,42
6215,5,train,42
6216,2,train,42
6217,1,train,42
6218,4,train,42
6219,7,train,42
6220,1,train,42
6221,1,train,42
6222,4,validation,42
6223,9,validation,42
6224,2,train,42
6225,1,train,42
6226,0,train,42
6227,2,train,42
6228,9,train,42
6229,1,train,42
6230,6,train,42
6231,3,train,42
6232,3,train,42
6233,6,train,42
6234,2,train,42
6235,7,validation,42
6236,6,train,42
6237,8,train,42
6238,1,train,42
6239,5,train,42
6240,8,train,42
6241,2,train,42
6242,9,train,42
6243,8,train,42
6244,7,train,42
6245,4,train,42
6246,1,train,42
6247,2,train,42
6248,5,train,42
6249,2,train,42
6250,0,train,42
6251,3,train,42
6252,4,validation,42
6253,0,train,42
6254,7,validation,42
6255,4,train,42
6256,9,train,42
6257,2,train,42
6258,1,train,42
6259,7,train,42
6260,0,train,42
6261,6,train,42
6262,4,train,42
6263,4,train,42
6264,5,train,42
6265,6,validation,42
6266,2,train,42
6267,9,validation,42
6268,1,train,42
6269,6,validation,42
6270,2,train,42
6271,7,train,42
6272,8,train,42
6273,0,train,42
6274,7,train,42
6275,1,validation,42
6276,6,train,42
6277,5,train,42
6278,7,train,42
6279,9,train,42
6280,3,train,42
6281,5,validation,42
6282,8,train,42
6283,1,validation,42
6284,3,train,42
6285,9,train,42
6286,5,train,42
6287,1,validation,42
6288,8,train,42
6289,5,train,42
6290,5,train,42
6291,5,train,42
6292,8,validation,42
6293,8,train,42
6294,3,validation,42
6295,3,train,42
6296,5,train,42
6297,5,train,42
6298,4,train,42
6299,4,train,42
6300,4,train,42
6301,2,train,42
6302,4,validation,42
6303,8,train,42
6304,2,validation,42
6305,9,train,42
6306,3,train,42
6307,8,train,42
6308,4,train,42
6309,6,validation,42
6310,7,train,42
6311,9,validation,42
6312,4,train,42
6313,5,validation,42
6314,2,train,42
6315,3,train,42
6316,0,train,42
6317,1,train,42
6318,2,train,42
6319,6,train,42
6320,3,train,42
6321,3,train,42
6322,9,validation,42
6323,8,train,42
6324,7,validation,42
6325,6,train,42
6326,2,train,42
6327,1,train,42
6328,5,train,42
6329,7,train,42
6330,7,validation,42
6331,0,train,42
6332,3,validation,42
6333,8,train,42
6334,6,validation,42
6335,3,train,42
6336,7,train,42
6337,6,train,42
6338,3,train,42
6339,0,train,42
6340,2,validation,42
6341,9,train,42
6342,2,validation,42
6343,1,train,42
6344,8,train,42
6345,1,train,42
6346,3,train,42
6347,2,train,42
6348,6,train,42
6349,1,train,42
6350,2,train,42
6351,9,train,42
6352,8,train,42
6353,8,train,42
6354,7,train,42
6355,9,train,42
6356,2,train,42
6357,4,validation,42
6358,3,train,42
6359,6,train,42
6360,1,train,42
6361,8,train,42
6362,8,train,42
6363,9,train,42
6364,5,train,42
6365,1,train,42
6366,1,train,42
6367,0,train,42
6368,7,train,42
6369,8,train,42
6370,3,train,42
6371,4,validation,42
6372,0,validation,42
6373,5,train,42
6374,8,train,42
6375,1,validation,42
6376,4,train,42
6377,0,train,42
6378,4,validation,42
6379,5,validation,42
6380,6,train,42
6381,7,validation,42
6382,1,train,42
6383,1,train,42
6384,3,validation,42
6385,1,train,42
6386,8,train,42
6387,0,validation,42
6388,5,train,42
6389,7,train,42
6390,3,train,42
6391,7,train,42
6392,1,validation,42
6393,5,validation,42
6394,2,validation,42
6395,2,train,42
6396,9,train,42
6397,8,train,42
6398,0,train,42
6399,3,validation,42
6400,2,validation,42
6401,5,validation,42
6402,4,validation,42
6403,1,validation,42
6404,6,validation,42
6405,5,train,42
6406,3,validation,42
6407,6,validation,42
6408,1,validation,42
6409,9,train,42
6410,4,validation,42
6411,2,train,42
6412,5,validation,42
6413,7,train,42
6414,3,train,42
6415,6,train,42
6416,3,train,42
6417,3,train,42
6418,8,train,42
6419,6,train,42
6420,2,train,42
6421,4,train,42
6422,9,train,42
6423,5,train,42
6424,1,train,42
6425,6,validation,42
6426,6,train,42
6427,5,train,42
6428,8,train,42
6429,2,validation,42
6430,3,train,42
6431,2,train,42
6432,8,train,42
6433,3,train,42
6434,7,train,42
6435,0,train,42
6436,3,validation,42
6437,1,validation,42
6438,1,train,42
6439,9,train,42
6440,1,train,42
6441,0,train,42
6442,7,train,42
6443,8,validation,42
6444,7,train,42
6445,1,validation,42
6446,1,train,42
6447,1,train,42
6448,4,train,42
6449,4,validation,42
6450,3,validation,42
6451,9,train,42
6452,6,train,42
6453,8,train,42
6454,4,train,42
6455,3,train,42
6456,9,validation,42
6457,3,validation,42
6458,0,validation,42
6459,5,validation,42
6460,5,train,42
6461,5,train,42
6462,9,train,42
6463,9,train,42
6464,5,train,42
6465,1,train,42
6466,6,train,42
6467,9,train,42
6468,2,train,42
6469,7,train,42
6470,2,train,42
6471,1,train,42
6472,2,train,42
6473,5,validation,42
6474,2,train,42
6475,2,train,42
6476,8,train,42
6477,6,validation,42
6478,5,train,42
6479,0,train,42
6480,7,train,42
6481,2,train,42
6482,9,train,42
6483,4,train,42
6484,5,train,42
6485,5,train,42
6486,6,train,42
6487,4,train,42
6488,6,train,42
6489,7,train,42
6490,7,validation,42
6491,3,train,42
6492,5,train,42
6493,7,train,42
6494,5,train,42
6495,5,train,42
6496,6,train,42
6497,7,train,42
6498,8,train,42
6499,4,train,42
6500,2,train,42
6501,1,train,42
6502,4,train,42
6503,9,train,42
6504,2,train,42
6505,8,train,42
6506,5,train,42
6507,9,train,42
6508,5,train,42
6509,4,validation,42
6510,7,train,42
6511,6,train,42
6512,7,validation,42
6513,8,train,42
6514,7,train,42
6515,7,train,42
6516,0,train,42
6517,4,train,42
6518,5,train,42
6519,8,train,42
6520,6,train,42
6521,3,validation,42
6522,5,train,42
6523,0,train,42
6524,1,train,42
6525,5,train,42
6526,4,train,42
6527,0,train,42
6528,8,train,42
6529,6,train,42
6530,9,train,42
6531,4,train,42
6532,1,train,42
6533,0,validation,42
6534,4,train,42
6535,1,train,42
6536,6,train,42
6537,9,train,42
6538,7,train,42
6539,9,train,42
6540,4,validation,42
6541,7,train,42
6542,6,train,42
6543,2,train,42
6544,5,train,42
6545,9,train,42
6546,6,train,42
6547,1,validation,42
6548,8,train,42
6549,4,train,42
6550,2,validation,42
6551,5,train,42
6552,8,train,42
6553,6,validation,42
6554,3,train,42
6555,5,train,42
6556,2,train,42
6557,2,train,42
6558,5,train,42
6559,0,train,42
6560,0,train,42
6561,8,train,42
6562,3,validation,42
6563,7,train,42
6564,6,validation,42
6565,2,validation,42
6566,2,train,42
6567,8,train,42
6568,8,validation,42
6569,5,train,42
6570,0,train,42
6571,9,validation,42
6572,6,train,42
6573,9,train,42
6574,2,train,42
6575,6,validation,42
6576,8,train,42
6577,1,train,42
6578,0,train,42
6579,6,train,42
6580,2,validation,42
6581,0,train,42
6582,9,train,42
6583,0,validation,42
6584,9,train,42
6585,8,train,42
6586,5,train,42
6587,6,train,42
6588,0,train,42
6589,0,train,42
6590,4,train,42
6591,6,train,42
6592,7,train,42
6593,5,train,42
6594,3,train,42
6595,6,train,42
6596,9,train,42
6597,5,train,42
6598,5,train,42
6599,7,train,42
6600,0,train,42
6601,6,train,42
6602,8,train,42
6603,1,train,42
6604,7,train,42
6605,6,train,42
6606,6,validation,42
6607,0,validation,42
6608,2,validation,42
6609,9,train,42
6610,3,train,42
6611,9,train,42
6612,6,train,42
6613,5,train,42
6614,3,validation,42
6615,0,train,42
6616,5,train,42
6617,3,train,42
6618,0,validation,42
6619,6,train,42
6620,3,train,42
6621,7,train,42
6622,5,train,42
6623,4,validation,42
6624,2,train,42
6625,0,train,42
6626,7,train,42
6627,6,validation,42
6628,8,train,42
6629,2,validation,42
6630,9,train,42
6631,7,train,42
6632,1,train,42
6633,6,validation,42
6634,8,validation,42
6635,1,train,42
6636,5,train,42
6637,4,train,42
6638,8,train,42
6639,0,train,42
6640,3,train,42
6641,6,validation,42
6642,2,train,42
6643,5,train,42
6644,0,train,42
6645,7,train,42
6646,9,train,42
6647,2,train,42
6648,6,train,42
6649,6,train,42
6650,7,train,42
6651,0,train,42
6652,3,train,42
6653,3,validation,42
6654,2,train,42
6655,7,train,42
6656,4,train,42
6657,7,validation,42
6658,4,train,42
6659,5,train,42
6660,4,train,42
6661,8,train,42
6662,8,train,42
6663,3,train,42
6664,5,train,42
6665,1,train,42
6666,7,train,42
6667,9,validation,42
6668,7,validation,42
6669,4,validation,42
6670,9,validation,42
6671,7,validation,42
6672,1,train,42
6673,1,validation,42
6674,4,validation,42
6675,1,train,42
6676,4,train,42
6677,1,validation,42
6678,5,train,42
6679,3,train,42
6680,0,train,42
6681,5,train,42
6682,9,train,42
6683,8,train,42
6684,9,train,42
6685,3,train,42
6686,2,train,42
6687,0,train,42
6688,6,train,42
6689,9,train,42
6690,7,validation,42
6691,4,validation,42
6692,9,validation,42
6693,2,train,42
6694,7,train,42
6695,5,train,42
6696,3,train,42
6697,7,validation,42
6698,7,train,42
6699,1,train,42
6700,1,train,42
6701,6,train,42
6702,1,validation,42
6703,4,train,42
6704,2,train,42
6705,7,train,42
6706,7,train,42
6707,7,train,42
6708,6,train,42
6709,5,train,42
6710,9,validation,42
6711,7,train,42
6712,0,train,42
6713,9,train,42
6714,0,train,42
6715,6,train,42
6716,7,validation,42
6717,4,train,42
6718,1,validation,42
6719,7,train,42
6720,5,train,42
6721,2,train,42
6722,3,train,42
6723,3,train,42
6724,0,train,42
6725,6,train,42
6726,6,train,42
6727,8,train,42
6728,4,train,42
6729,8,train,42
6730,3,train,42
6731,4,train,42
6732,8,train,42
6733,6,train,42
6734,4,train,42
6735,3,train,42
6736,6,train,42
6737,5,train,42
6738,7,train,42
6739,4,train,42
6740,2,train,42
6741,7,train,42
6742,1,train,42
6743,8,validation,42
6744,9,validation,42
6745,6,train,42
6746,5,train,42
6747,3,validation,42
6748,4,train,42
6749,1,train,42
6750,5,train,42
6751,9,validation,42
6752,7,validation,42
6753,2,train,42
6754,2,validation,42
6755,0,train,42
6756,1,train,42
6757,1,train,42
6758,1,validation,42
6759,3,train,42
6760,5,train,42
6761,7,train,42
6762,2,train,42
6763,6,train,42
6764,2,train,42
6765,7,train,42
6766,5,train,42
6767,5,validation,42
6768,4,train,42
6769,2,train,42
6770,2,train,42
6771,7,validation,42
6772,5,train,42
6773,4,train,42
6774,7,train,42
6775,0,train,42
6776,7,train,42
6777,2,train,42
6778,4,train,42
6779,1,train,42
6780,6,validation,42
6781,3,train,42
6782,0,train,42
6783,8,train,42
6784,6,train,42
6785,9,train,42
6786,0,train,42
6787,3,validation,42
6788,9,train,42
6789,5,validation,42
6790,0,train,42
6791,0,train,42
6792,4,validation,42
6793,6,train,42
6794,6,train,42
6795,7,validation,42
6796,7,train,42
6797,0,train,42
6798,6,train,42
6799,6,validation,42
6800,1,validation,42
6801,5,validation,42
6802,9,train,42
6803,1,train,42
6804,5,validation,42
6805,7,train,42
6806,5,train,42
6807,0,train,42
6808,6,train,42
6809,8,train,42
6810,3,train,42
6811,3,train,42
6812,2,validation,42
6813,6,validation,42
6814,1,train,42
6815,8,validation,42
6816,7,train,42
6817,2,train,42
6818,0,validation,42
6819,8,validation,42
6820,1,train,42
6821,8,train,42
6822,8,train,42
6823,8,validation,42
6824,0,train,42
6825,7,train,42
6826,3,train,42
6827,1,train,42
6828,3,train,42
6829,3,train,42
6830,6,validation,42
6831,6,train,42
6832,4,train,42
6833,0,train,42
6834,7,train,42
6835,3,train,42
6836,1,train,42
6837,8,train,42
6838,6,train,42
6839,7,train,42
6840,8,train,42
6841,5,train,42
6842,8,train,42
6843,4,validation,42
6844,5,train,42
6845,0,train,42
6846,0,train,42
6847,0,validation,42
6848,9,validation,42
6849,6,train,42
6850,5,train,42
6851,8,train,42
6852,2,validation,42
6853,8,validation,42
6854,4,train,42
6855,5,train,42
6856,8,train,42
6857,7,train,42
6858,4,train,42
6859,5,validation,42
6860,7,train,42
6861,4,train,42
6862,9,train,42
6863,6,train,42
6864,1,train,42
6865,9,validation,42
6866,5,train,42
6867,5,train,42
6868,4,validation,42
6869,0,train,42
6870,4,train,42
6871,1,train,42
6872,6,train,42
6873,4,train,42
6874,9,validation,42
6875,4,train,42
6876,2,validation,42
6877,7,train,42
6878,1,validation,42
6879,9,validation,42
6880,5,train,42
6881,9,train,42
6882,4,train,42
6883,7,train,42
6884,6,train,42
6885,4,train,42
6886,2,validation,42
6887,9,train,42
6888,7,train,42
6889,7,train,42
6890,4,train,42
6891,9,train,42
6892,1,train,42
6893,6,train,42
6894,4,train,42
6895,8,train,42
6896,3,train,42
6897,1,train,42
6898,9,validation,42
6899,8,train,42
6900,0,train,42
6901,3,validation,42
6902,7,train,42
6903,0,train,42
6904,1,train,42
6905,1,train,42
6906,4,train,42
6907,1,train,42
6908,1,train,42
6909,6,validation,42
6910,2,validation,42
6911,2,train,42
6912,1,train,42
6913,5,train,42
6914,3,train,42
6915,3,train,42
6916,6,train,42
6917,6,train,42
6918,3,train,42
6919,0,train,42
6920,1,validation,42
6921,8,train,42
6922,6,train,42
6923,0,train,42
6924,1,train,42
6925,9,train,42
6926,4,train,42
6927,6,train,42
6928,4,validation,42
6929,0,validation,42
6930,7,train,42
6931,3,validation,42
6932,2,validation,42
6933,1,validation,42
6934,5,train,42
6935,5,train,42
6936,4,train,42
6937,7,train,42
6938,9,train,42
6939,4,train,42
6940,1,train,42
6941,5,train,42
6942,6,train,42
6943,1,train,42
6944,4,validation,42
6945,6,train,42
6946,7,train,42
6947,1,train,42
6948,2,train,42
6949,0,train,42
6950,0,train,42
6951,1,validation,42
6952,0,validation,42
6953,8,train,42
6954,8,validation,42
6955,4,train,42
6956,6,train,42
6957,6,train,42
6958,0,train,42
6959,0,train,42
6960,6,validation,42
6961,6,train,42
6962,2,train,42
6963,6,validation,42
6964,5,train,42
6965,1,train,42
6966,1,validation,42
6967,6,train,42
6968,7,train,42
6969,3,train,42
6970,1,train,42
6971,9,train,42
6972,8,validation,42
6973,5,train,42
6974,7,train,42
6975,6,train,42
6976,9,train,42
6977,7,train,42
6978,0,train,42
6979,9,train,42
6980,5,train,42
6981,7,validation,42
6982,5,train,42
6983,8,train,42
6984,7,train,42
6985,3,train,42
6986,0,train,42
6987,7,train,42
6988,8,train,42
6989,1,train,42
6990,4,train,42
6991,2,train,42
6992,5,train,42
6993,1,train,42
6994,4,train,42
6995,5,train,42
6996,7,train,42
6997,4,train,42
6998,6,train,42
6999,6,train,42
7000,3,train,42
7001,2,train,42
7002,8,train,42
7003,5,validation,42
7004,0,validation,42
7005,7,train,42
7006,0,train,42
7007,4,train,42
7008,4,train,42
7009,7,train,42
7010,4,train,42
7011,4,train,42
7012,9,train,42
7013,7,train,42
7014,8,train,42
7015,4,train,42
7016,6,train,42
7017,0,train,42
7018,8,train,42
7019,4,train,42
7020,3,train,42
7021,3,validation,42
7022,3,train,42
7023,3,validation,42
7024,4,train,42
7025,7,train,42
7026,5,train,42
7027,8,train,42
7028,5,train,42
7029,2,train,42
7030,8,train,42
7031,4,train,42
7032,4,train,42
7033,5,train,42
7034,9,train,42
7035,3,train,42
7036,2,train,42
7037,2,train,42
7038,5,validation,42
7039,3,validation,42
7040,6,train,42
7041,8,train,42
7042,2,train,42
7043,4,train,42
7044,5,train,42
7045,2,train,42
7046,6,train,42
7047,1,train,42
7048,7,train,42
7049,9,train,42
7050,7,train,42
7051,5,train,42
7052,0,train,42
7053,9,train,42
7054,0,train,42
7055,4,train,42
7056,8,train,42
7057,2,train,42
7058,7,train,42
7059,5,train,42
7060,5,train,42
7061,7,validation,42
7062,1,train,42
7063,3,train,42
7064,3,train,42
7065,7,validation,42
7066,4,train,42
7067,9,train,42
7068,5,train,42
7069,7,train,42
7070,8,train,42
7071,0,train,42
7072,2,train,42
7073,5,train,42
7074,0,train,42
7075,4,train,42
7076,1,validation,42
7077,4,validation,42
7078,9,train,42
7079,8,train,42
7080,8,train,42
7081,9,train,42
7082,7,validation,42
7083,0,train,42
7084,0,train,42
7085,4,train,42
7086,8,train,42
7087,1,train,42
7088,5,validation,42
7089,2,validation,42
7090,1,train,42
7091,2,train,42
7092,9,validation,42
7093,8,train,42
7094,2,train,42
7095,1,train,42
7096,7,validation,42
7097,3,train,42
7098,5,train,42
7099,1,train,42
7100,4,train,42
7101,8,train,42
7102,0,train,42
7103,1,train,42
7104,5,validation,42
7105,7,train,42
7106,4,train,42
7107,7,train,42
7108,3,train,42
7109,9,validation,42
7110,6,train,42
7111,2,validation,42
7112,2,train,42
7113,7,train,42
7114,3,train,42
7115,7,train,42
7116,9,train,42
7117,7,train,42
7118,4,train,42
7119,4,train,42
7120,2,train,42
7121,1,train,42
7122,1,validation,42
7123,0,validation,42
7124,1,train,42
7125,2,train,42
7126,3,train,42
7127,6,train,42
7128,6,validation,42
7129,7,train,42
7130,2,train,42
7131,6,validation,42
7132,3,validation,42
7133,9,train,42
7134,7,train,42
7135,3,train,42
7136,8,validation,42
7137,0,train,42
7138,6,train,42
7139,4,validation,42
7140,6,train,42
7141,4,train,42
7142,3,validation,42
7143,2,train,42
7144,2,validation,42
7145,4,train,42
7146,6,train,42
7147,3,train,42
7148,7,train,42
7149,1,train,42
7150,0,train,42
7151,5,train,42
7152,7,validation,42
7153,9,train,42
7154,9,validation,42
7155,1,train,42
7156,5,validation,42
7157,3,validation,42
7158,0,validation,42
7159,3,train,42
7160,1,validation,42
7161,9,train,42
7162,4,train,42
7163,9,train,42
7164,7,train,42
7165,8,train,42
7166,4,train,42
7167,3,train,42
7168,9,train,42
7169,5,train,42
7170,0,train,42
7171,4,validation,42
7172,8,train,42
7173,1,train,42
7174,1,train,42
7175,0,train,42
7176,7,validation,42
7177,4,train,42
7178,4,train,42
7179,8,train,42
7180,5,train,42
7181,9,train,42
7182,9,train,42
7183,8,validation,42
7184,6,train,42
7185,0,train,42
7186,3,train,42
7187,2,train,42
7188,6,train,42
7189,4,validation,42
7190,0,train,42
7191,9,train,42
7192,1,train,42
7193,5,train,42
7194,3,validation,42
7195,5,train,42
7196,9,train,42
7197,9,train,42
7198,1,train,42
7199,6,validation,42
7200,4,train,42
7201,5,train,42
7202,1,train,42
7203,3,train,42
7204,1,validation,42
7205,7,train,42
7206,8,train,42
7207,9,train,42
7208,2,train,42
7209,9,train,42
7210,3,train,42
7211,6,train,42
7212,7,train,42
7213,9,validation,42
7214,5,train,42
7215,7,train,42
7216,6,train,42
7217,1,train,42
7218,0,train,42
7219,0,train,42
7220,7,train,42
7221,3,train,42
7222,0,train,42
7223,0,train,42
7224,5,train,42
7225,4,train,42
7226,1,train,42
7227,1,train,42
7228,4,train,42
7229,5,train,42
7230,9,train,42
7231,2,train,42
7232,4,train,42
7233,3,train,42
7234,1,train,42
7235,8,train,42
7236,8,train,42
7237,7,train,42
7238,7,train,42
7239,8,train,42
7240,1,validation,42
7241,0,train,42
7242,3,train,42
7243,9,train,42
7244,6,validation,42
7245,4,train,42
7246,3,train,42
7247,6,train,42
7248,9,validation,42
7249,2,train,42
7250,6,train,42
7251,2,train,42
7252,1,train,42
7253,3,train,42
7254,0,train,42
7255,2,train,42
7256,2,train,42
7257,2,validation,42
7258,8,train,42
7259,4,train,42
7260,8,train,42
7261,9,validation,42
7262,4,train,42
7263,4,train,42
7264,7,train,42
7265,5,train,42
7266,4,train,42
7267,5,validation,42
7268,6,train,42
7269,3,train,42
7270,3,train,42
7271,9,train,42
7272,3,train,42
7273,2,train,42
7274,3,validation,42
7275,1,validation,42
7276,9,train,42
7277,2,train,42
7278,0,validation,42
7279,2,validation,42
7280,2,train,42
7281,6,train,42
7282,9,validation,42
7283,6,validation,42
7284,2,train,42
7285,0,train,42
7286,7,train,42
7287,8,train,42
7288,6,train,42
7289,4,validation,42
7290,7,validation,42
7291,6,train,42
7292,9,train,42
7293,2,validation,42
7294,7,train,42
7295,1,train,42
7296,4,train,42
7297,5,train,42
7298,2,train,42
7299,8,train,42
7300,8,train,42
7301,2,train,42
7302,9,train,42
7303,7,train,42
7304,3,train,42
7305,3,validation,42
7306,5,train,42
7307,1,train,42
7308,2,train,42
7309,7,validation,42
7310,9,train,42
7311,3,train,42
7312,3,validation,42
7313,4,train,42
7314,9,train,42
7315,2,train,42
7316,5,train,42
7317,7,train,42
7318,1,train,42
7319,4,train,42
7320,2,validation,42
7321,7,train,42
7322,1,train,42
7323,3,validation,42
7324,8,validation,42
7325,6,train,42
7326,1,validation,42
7327,2,validation,42
7328,4,train,42
7329,0,train,42
7330,9,train,42
7331,1,train,42
7332,7,train,42
7333,8,train,42
7334,2,train,42
7335,4,train,42
7336,7,train,42
7337,4,train,42
7338,9,validation,42
7339,9,train,42
7340,8,validation,42
7341,8,train,42
7342,4,validation,42
7343,6,train,42
7344,0,train,42
7345,2,train,42
7346,8,train,42
7347,5,train,42
7348,4,train,42
7349,1,train,42
7350,2,train,42
7351,0,validation,42
7352,4,train,42
7353,2,train,42
7354,4,train,42
7355,9,train,42
7356,7,train,42
7357,0,train,42
7358,1,train,42
7359,4,train,42
7360,4,train,42
7361,1,train,42
7362,8,train,42
7363,4,train,42
7364,1,train,42
7365,1,train,42
7366,6,train,42
7367,8,train,42
