row_id,target,role,split_seed
0,7,train,2024
1,3,train,2024
2,2,train,2024
3,1,train,2024
4,4,train,2024
5,4,train,2024
6,7,train,2024
7,7,validation,2024
8,0,train,2024
9,0,train,2024
10,4,validation,2024
11,5,train,2024
12,5,train,2024
13,1,train,2024
14,3,train,2024
15,7,train,2024
16,2,train,2024
17,2,train,2024
18,7,train,2024
19,6,train,2024
20,9,train,2024
21,7,train,2024
22,8,train,2024
23,4,train,2024
24,1,train,2024
25,4,train,2024
26,2,train,2024
27,5,train,2024
28,3,train,2024
29,7,validation,2024
30,6,train,2024
31,5,validation,2024
32,9,train,2024
33,8,train,2024
34,4,train,2024
35,8,train,2024
36,7,train,2024
37,1,train,2024
38,8,validation,2024
39,6,validation,2024
40,1,train,2024
41,8,validation,2024
42,1,validation,2024
43,8,train,2024
44,5,train,2024
45,1,train,2024
46,5,train,2024
47,4,validation,2024
48,8,train,2024
49,7,train,2024
50,9,train,2024
51,5,train,2024
52,4,train,2024
53,5,train,2024
54,0,train,2024
55,3,train,2024
56,0,validation,2024
57,9,validation,2024
58,2,train,2024
59,8,train,2024
60,0,validation,2024
61,2,train,2024
62,1,train,2024
63,1,validation,2024
64,4,train,2024
65,0,train,2024
66,7,train,2024
67,2,train,2024
68,0,validation,2024
69,4,validation,2024
70,8,train,2024
71,9,train,2024
72,4,train,2024
73,3,validation,2024
74,9,train,2024
75,0,validation,2024
76,3,train,2024
77,7,train,2024
78,5,train,2024
79,1,train,2024
80,6,train,2024
81,8,train,2024
82,4,train,2024
83,1,train,2024
84,6,validation,2024
85,2,train,2024
86,0,validation,2024
87,6,train,2024
88,5,train,2024
89,0,train,2024
90,7,validation,2024
91,8,train,2024
92,3,train,2024
93,4,train,2024
94,6,train,2024
95,8,train,2024
96,5,train,2024
97,8,validation,2024
98,8,train,2024
99,3,train,2024
100,2,train,2024
101,0,train,2024
102,3,train,2024
103,7,validation,2024
104,2,train,2024
105,5,train,2024
106,0,validation,2024
107,4,train,2024
108,3,train,2024
109,7,train,2024
110,2,train,2024
111,3,validation,2024
112,3,train,2024
113,5,train,2024
114,8,train,2024
115,5,validation,2024
116,4,train,2024
117,7,train,2024
118,6,train,2024
119,3,train,2024
120,9,train,2024
121,4,train,2024
122,5,train,2024
123,3,train,2024
124,9,train,2024
125,8,train,2024
126,5,train,2024
127,3,train,2024
128,7,train,2024
129,9,train,2024
130,3,validation,2024
131,0,validation,2024
132,5,validation,2024
133,7,train,2024
134,5,train,2024
135,1,train,2024
136,2,validation,2024
137,0,train,2024
138,2,train,2024
139,0,validation,2024
140,0,train,2024
141,5,train,2024
142,1,train,2024
143,7,train,2024
144,3,train,2024
145,8,train,2024
146,1,train,2024
147,3,train,2024
148,8,train,2024
149,1,train,2024
150,7,train,2024
151,5,train,2024
152,8,train,2024
153,6,train,2024
154,8,train,2024
155,6,train,2024
156,4,validation,2024
157,6,train,2024
158,9,train,2024
159,8,train,2024
160,0,train,2024
161,2,train,2024
162,8,train,2024
163,5,train,2024
164,4,validation,2024
165,5,validation,2024
166,7,train,2024
167,0,train,2024
168,7,train,2024
169,4,train,2024
170,3,train,2024
171,4,train,2024
172,6,train,2024
173,7,train,2024
174,3,train,2024
175,5,train,2024
176,0,train,2024
177,0,train,2024
178,8,train,2024
179,1,train,2024
180,0,train,2024
181,2,train,2024
182,7,train,2024
183,3,train,2024
184,6,train,2024
185,1,train,2024
186,9,validation,2024
187,7,validation,2024
188,6,train,2024
189,8,train,2024
190,5,train,2024
191,3,validation,2024
192,0,train,2024
193,2,validation,2024
194,9,train,2024
195,7,validation,2024
196,3,train,2024
197,2,train,2024
198,6,train,2024
199,0,validation,2024
200,8,train,2024
201,9,train,2024
202,9,validation,2024
203,4,train,2024
204,0,train,2024
205,1,train,2024
206,3,train,2024
207,5,train,2024
208,7,train,2024
209,7,train,2024
210,9,validation,2024
211,3,train,2024
212,0,train,2024
213,3,train,2024
214,7,validation,2024
215,4,train,2024
216,0,validation,2024
217,9,train,2024
218,9,train,2024
219,7,train,2024
220,6,train,2024
221,3,train,2024
222,2,train,2024
223,3,train,2024
224,3,train,2024
225,1,train,2024
226,8,train,2024
227,5,train,2024
228,3,train,2024
229,2,validation,2024
230,6,train,2024
231,8,train,2024
232,1,train,2024
233,7,train,2024
234,4,train,2024
235,9,train,2024
236,7,train,2024
237,0,train,2024
238,3,train,2024
239,0,train,2024
240,8,train,2024
241,3,train,2024
242,7,train,2024
243,3,train,2024
244,0,train,2024
245,5,train,2024
246,8,validation,2024
247,5,validation,2024
248,8,train,2024
249,9,train,2024
250,9,validation,2024
251,0,validation,2024
252,2,train,2024
253,7,train,2024
254,3,train,2024
255,2,train,2024
256,2,train,2024
257,8,train,2024
258,2,train,2024
259,3,train,2024
260,9,train,2024
261,7,train,2024
262,0,train,2024
263,9,train,2024
264,4,train,2024
265,4,train,2024
266,4,train,2024
267,6,validation,2024
268,5,train,2024
269,1,train,2024
270,0,train,2024
271,8,validation,2024
272,8,train,2024
273,7,validation,2024
274,5,validation,2024
275,8,train,2024
276,9,train,2024
277,3,train,2024
278,8,train,2024
279,4,train,2024
280,7,train,2024
281,2,train,2024
282,7,train,2024
283,1,train,2024
284,6,train,2024
285,6,validation,2024
286,7,train,2024
287,8,train,2024
288,1,validation,2024
289,5,train,2024
290,5,train,2024
291,3,train,2024
292,6,train,2024
293,2,train,2024
294,9,train,2024
295,5,validation,2024
296,2,train,2024
297,7,train,2024
298,4,train,2024
299,8,train,2024
300,2,validation,2024
301,2,train,2024
302,4,train,2024
303,0,train,2024
304,6,train,2024
305,2,train,2024
306,8,train,2024
307,9,train,2024
308,9,train,2024
309,7,train,2024
310,7,train,2024
311,5,train,2024
312,2,train,2024
313,8,train,2024
314,9,train,2024
315,5,train,2024
316,9,train,2024
317,0,train,2024
318,7,train,2024
319,6,train,2024
320,2,train,2024
321,4,train,2024
322,6,train,2024
323,1,train,2024
324,0,train,2024
325,2,train,2024
326,6,train,2024
327,9,train,2024
328,6,train,2024
329,8,train,2024
330,8,validation,2024
331,8,train,2024
332,1,train,2024
333,0,train,2024
334,7,train,2024
335,1,train,2024
336,7,train,2024
337,2,train,2024
338,7,train,2024
339,9,validation,2024
340,5,train,2024
341,3,train,2024
342,2,train,2024
343,8,validation,2024
344,6,validation,2024
345,2,train,2024
346,1,train,2024
347,4,train,2024
348,9,train,2024
349,1,train,2024
350,6,train,2024
351,4,train,2024
352,5,train,2024
353,3,train,2024
354,6,train,2024
355,4,train,2024
356,9,validation,2024
357,6,train,2024
358,0,train,2024
359,5,train,2024
360,6,train,2024
361,8,train,2024
362,4,train,2024
363,8,train,2024
364,9,train,2024
365,5,train,2024
366,3,train,2024
367,2,train,2024
368,6,validation,2024
369,6,train,2024
370,5,validation,2024
371,2,train,2024
372,7,train,2024
373,7,train,2024
374,6,validation,2024
375,0,train,2024
376,6,train,2024
377,6,validation,2024
378,2,train,2024
379,8,train,2024
380,4,train,2024
381,3,validation,2024
382,4,train,2024
383,6,train,2024
384,6,train,2024
385,3,validation,2024
386,7,train,2024
387,5,train,2024
388,1,train,2024
389,8,train,2024
390,5,train,2024
391,4,train,2024
392,8,train,2024
393,3,train,2024
394,0,train,2024
395,3,train,2024
396,6,train,2024
397,9,train,2024
398,8,train,2024
399,0,validation,2024
400,8,train,2024
401,8,train,2024
402,1,validation,2024
403,7,train,2024
404,6,train,2024
405,9,train,2024
406,7,train,2024
407,8,train,2024
408,2,train,2024
409,2,train,2024
410,7,validation,2024
411,8,train,2024
412,3,validation,2024
413,3,train,2024
414,8,train,2024
415,6,train,2024
416,8,train,2024
417,9,train,2024
418,2,train,2024
419,3,train,2024
420,1,train,2024
421,8,train,2024
422,6,train,2024
423,7,validation,2024
424,3,train,2024
425,4,train,2024
426,8,train,2024
427,7,train,2024
428,2,train,2024
429,2,train,2024
430,4,train,2024
431,0,train,2024
432,0,train,2024
433,2,train,2024
434,9,validation,2024
435,2,validation,2024
436,9,train,2024
437,5,validation,2024
438,9,train,2024
439,9,train,2024
440,9,train,2024
441,8,train,2024
442,8,train,2024
443,4,train,2024
444,9,train,2024
445,8,train,2024
446,6,train,2024
447,7,train,2024
448,0,train,2024
449,0,validation,2024
450,5,validation,2024
451,4,train,2024
452,4,train,2024
453,5,train,2024
454,1,train,2024
455,5,train,2024
456,5,train,2024
457,4,validation,2024
458,7,train,2024
459,5,train,2024
460,5,train,2024
461,0,train,2024
462,3,train,2024
463,0,validation,2024
464,5,train,2024
465,3,train,2024
466,7,train,2024
467,6,train,2024
468,6,train,2024
469,9,train,2024
470,6,train,2024
471,0,train,2024
472,3,train,2024
473,3,train,2024
474,7,train,2024
475,2,validation,2024
476,9,train,2024
477,8,validation,2024
478,9,train,2024
479,5,train,2024
480,2,train,2024
481,6,train,2024
482,0,train,2024
483,8,train,2024
484,4,train,2024
485,0,train,2024
486,6,train,2024
487,8,train,2024
488,0,train,2024
489,1,validation,2024
490,5,train,2024
491,1,train,2024
492,9,train,2024
493,8,train,2024
494,8,validation,2024
495,4,train,2024
496,2,train,2024
497,4,train,2024
498,8,validation,2024
499,6,validation,2024
500,2,train,2024
501,0,train,2024
502,4,train,2024
503,7,train,2024
504,1,train,2024
505,6,train,2024
506,3,train,2024
507,7,validation,2024
508,8,validation,2024
509,7,validation,2024
510,3,validation,2024
511,1,validation,2024
512,7,validation,2024
513,3,validation,2024
514,0,validation,2024
515,2,validation,2024
516,1,train,2024
517,6,train,2024
518,8,train,2024
519,0,train,2024
520,6,train,2024
521,8,train,2024
522,8,train,2024
523,6,train,2024
524,6,train,2024
525,5,train,2024
526,7,train,2024
527,9,train,2024
528,8,train,2024
529,6,train,2024
530,6,train,2024
531,3,train,2024
532,8,train,2024
533,9,train,2024
534,9,train,2024
535,0,train,2024
536,4,train,2024
537,5,validation,2024
538,5,train,2024
539,5,train,2024
540,0,validation,2024
541,6,train,2024
542,1,train,2024
543,9,validation,2024
544,4,train,2024
545,3,train,2024
546,7,train,2024
547,3,validation,2024
548,8,validation,2024
549,2,validation,2024
550,2,train,2024
551,0,train,2024
552,8,train,2024
553,8,train,2024
554,3,train,2024
555,4,validation,2024
556,0,train,2024
557,9,train,2024
558,9,train,2024
559,9,train,2024
560,3,validation,2024
561,0,train,2024
562,6,train,2024
563,1,train,2024
564,9,validation,2024
565,4,validation,2024
566,6,train,2024
567,1,validation,2024
568,9,train,2024
569,7,train,2024
570,4,train,2024
571,6,validation,2024
572,0,train,2024
573,4,train,2024
574,9,train,2024
575,9,train,2024
576,6,train,2024
577,4,train,2024
578,4,train,2024
579,5,train,2024
580,2,train,2024
581,1,validation,2024
582,7,train,2024
583,9,train,2024
584,2,train,2024
585,4,train,2024
586,8,train,2024
587,8,train,2024
588,6,train,2024
589,2,validation,2024
590,0,train,2024
591,8,train,2024
592,7,train,2024
593,0,validation,2024
594,7,validation,2024
595,5,train,2024
596,8,train,2024
597,9,train,2024
598,0,train,2024
599,9,train,2024
600,4,train,2024
601,1,train,2024
602,2,train,2024
603,2,train,2024
604,3,train,2024
605,4,train,2024
606,6,train,2024
607,6,train,2024
608,6,train,2024
609,7,train,2024
610,2,train,2024
611,1,train,2024
612,4,train,2024
613,7,train,2024
614,3,train,2024
615,9,train,2024
616,7,train,2024
617,4,train,2024
618,1,train,2024
619,7,validation,2024
620,4,train,2024
621,9,train,2024
622,7,train,2024
623,1,train,2024
624,1,train,2024
625,0,train,2024
626,1,train,2024
627,3,train,2024
628,5,validation,2024
629,9,train,2024
630,2,train,2024
631,2,train,2024
632,5,train,2024
633,9,train,2024
634,7,train,2024
635,9,train,2024
636,4,validation,2024
637,8,train,2024
638,1,train,2024
639,3,validation,2024
640,2,train,2024
641,4,train,2024
642,7,train,2024
643,0,train,2024
644,0,validation,2024
645,9,validation,2024
646,0,validation,2024
647,5,validation,2024
648,1,train,2024
649,3,train,2024
650,9,train,2024
651,8,train,2024
652,5,train,2024
653,5,validation,2024
654,6,validation,2024
655,5,validation,2024
656,1,train,2024
657,5,train,2024
658,4,validation,2024
659,2,train,2024
660,8,train,2024
661,3,train,2024
662,3,train,2024
663,3,validation,2024
664,9,train,2024
665,1,train,2024
666,1,train,2024
667,0,train,2024
668,4,validation,2024
669,7,train,2024
670,0,train,2024
671,7,train,2024
672,8,train,2024
673,1,train,2024
674,9,train,2024
675,0,validation,2024
676,3,train,2024
677,1,train,2024
678,2,train,2024
679,4,train,2024
680,1,train,2024
681,3,validation,2024
682,9,train,2024
683,4,train,2024
684,6,train,2024
685,7,validation,2024
686,5,train,2024
687,8,train,2024
688,8,train,2024
689,4,train,2024
690,0,train,2024
691,2,train,2024
692,2,train,2024
693,3,train,2024
694,2,train,2024
695,1,validation,2024
696,4,train,2024
697,9,validation,2024
698,8,train,2024
699,3,train,2024
700,4,validation,2024
701,4,train,2024
702,2,train,2024
703,4,train,2024
704,6,train,2024
705,1,validation,2024
706,1,train,2024
707,9,train,2024
708,1,validation,2024
709,6,train,2024
710,5,train,2024
711,1,train,2024
712,4,train,2024
713,6,train,2024
714,6,train,2024
715,4,train,2024
716,5,train,2024
717,0,train,2024
718,7,train,2024
719,6,train,2024
720,4,train,2024
721,5,train,2024
722,5,train,2024
723,6,train,2024
724,8,train,2024
725,3,train,2024
726,6,validation,2024
727,5,train,2024
728,5,train,2024
729,4,train,2024
730,2,train,2024
731,9,train,2024
732,9,train,2024
733,8,train,2024
734,4,validation,2024
735,6,train,2024
736,9,train,2024
737,8,validation,2024
738,4,train,2024
739,2,train,2024
740,7,train,2024
741,2,validation,2024
742,1,train,2024
743,6,train,2024
744,5,train,2024
745,8,validation,2024
746,2,train,2024
747,2,train,2024
748,8,train,2024
749,1,train,2024
750,3,train,2024
751,7,train,2024
752,5,train,2024
753,2,train,2024
754,1,train,2024
755,0,train,2024
756,6,train,2024
757,3,train,2024
758,0,train,2024
759,0,train,2024
760,2,train,2024
761,2,train,2024
762,1,train,2024
763,4,train,2024
764,3,validation,2024
765,4,validation,2024
766,9,validation,2024
767,0,validation,2024
768,9,train,2024
769,3,train,2024
770,9,train,2024
771,1,train,2024
772,7,train,2024
773,0,train,2024
774,1,train,2024
775,7,train,2024
776,0,train,2024
777,8,train,2024
778,3,validation,2024
779,5,train,2024
780,8,train,2024
781,3,train,2024
782,0,train,2024
783,2,validation,2024
784,7,train,2024
785,3,train,2024
786,8,validation,2024
787,3,train,2024
788,5,train,2024
789,3,validation,2024
790,7,train,2024
791,2,train,2024
792,1,train,2024
793,2,train,2024
794,4,train,2024
795,5,train,2024
796,7,train,2024
797,1,validation,2024
798,2,train,2024
799,5,validation,2024
800,4,train,2024
801,4,train,2024
802,4,train,2024
803,7,train,2024
804,7,train,2024
805,9,validation,2024
806,3,train,2024
807,7,validation,2024
808,8,train,2024
809,8,train,2024
810,6,validation,2024
811,5,train,2024
812,4,train,2024
813,5,train,2024
814,6,train,2024
815,1,train,2024
816,8,train,2024
817,3,train,2024
818,7,train,2024
819,7,validation,2024
820,5,train,2024
821,6,validation,2024
822,4,train,2024
823,0,train,2024
824,3,train,2024
825,3,train,2024
826,0,train,2024
827,7,train,2024
828,8,train,2024
829,0,train,2024
830,4,train,2024
831,1,train,2024
832,5,train,2024
833,3,train,2024
834,5,train,2024
835,7,train,2024
836,4,train,2024
837,1,validation,2024
838,8,train,2024
839,3,train,2024
840,7,train,2024
841,1,train,2024
842,6,validation,2024
843,7,train,2024
844,5,train,2024
845,2,train,2024
846,4,train,2024
847,5,train,2024
848,1,validation,2024
849,9,train,2024
850,1,train,2024
851,3,validation,2024
852,0,train,2024
853,5,train,2024
854,5,train,2024
855,0,train,2024
856,8,train,2024
857,3,train,2024
858,7,train,2024
859,4,validation,2024
860,6,train,2024
861,2,train,2024
862,8,train,2024
863,3,train,2024
864,5,train,2024
865,4,train,2024
866,6,train,2024
867,0,train,2024
868,6,validation,2024
869,8,train,2024
870,2,train,2024
871,8,train,2024
872,6,validation,2024
873,5,train,2024
874,5,train,2024
875,7,train,2024
876,5,validation,2024
877,7,train,2024
878,0,train,2024
879,3,validation,2024
880,5,train,2024
881,4,train,2024
882,0,train,2024
883,0,train,2024
884,9,train,2024
885,1,train,2024
886,6,train,2024
887,5,train,2024
888,0,train,2024
889,1,validation,2024
890,2,train,2024
891,3,train,2024
892,7,train,2024
893,5,validation,2024
894,2,train,2024
895,8,train,2024
896,2,train,2024
897,4,validation,2024
898,5,train,2024
899,4,train,2024
900,1,train,2024
901,7,train,2024
902,4,validation,2024
903,2,train,2024
904,7,train,2024
905,7,validation,2024
906,4,train,2024
907,7,train,2024
908,1,train,2024
909,0,train,2024
910,9,train,2024
911,4,train,2024
912,0,train,2024
913,5,train,2024
914,8,train,2024
915,1,train,2024
916,3,validation,2024
917,4,train,2024
918,7,validation,2024
919,8,validation,2024
920,5,train,2024
921,0,train,2024
922,2,train,2024
923,0,validation,2024
924,0,train,2024
925,9,train,2024
926,9,train,2024
927,0,train,2024
928,4,train,2024
929,7,train,2024
930,1,validation,2024
931,7,validation,2024
932,0,train,2024
933,4,train,2024
934,1,train,2024
935,0,train,2024
936,2,train,2024
937,2,train,2024
938,8,train,2024
939,5,train,2024
940,5,validation,2024
941,2,train,2024
942,7,train,2024
943,7,train,2024
944,6,train,2024
945,5,validation,2024
946,9,train,2024
947,4,validation,2024
948,3,train,2024
949,6,validation,2024
950,0,validation,2024
951,3,train,2024
952,6,train,2024
953,2,validation,2024
954,8,train,2024
955,7,train,2024
956,0,validation,2024
957,3,validation,2024
958,0,train,2024
959,6,train,2024
960,9,train,2024
961,6,train,2024
962,4,train,2024
963,9,train,2024
964,3,train,2024
965,1,train,2024
966,5,train,2024
967,8,train,2024
968,6,train,2024
969,5,train,2024
970,4,train,2024
971,9,validation,2024
972,3,validation,2024
973,3,train,2024
974,3,train,2024
975,3,train,2024
976,9,train,2024
977,4,train,2024
978,3,train,2024
979,3,train,2024
980,6,train,2024
981,2,train,2024
982,3,validation,2024
983,8,train,2024
984,8,train,2024
985,8,validation,2024
986,0,train,2024
987,0,train,2024
988,2,train,2024
989,4,train,2024
990,5,validation,2024
991,3,train,2024
992,0,train,2024
993,3,train,2024
994,2,validation,2024
995,2,validation,2024
996,4,train,2024
997,5,train,2024
998,1,train,2024
999,1,train,2024
1000,7,train,2024
1001,8,train,2024
1002,3,train,2024
1003,6,train,2024
1004,9,validation,2024
1005,6,train,2024
1006,3,train,2024
1007,7,train,2024
1008,8,train,2024
1009,5,train,2024
1010,5,train,2024
1011,6,train,2024
1012,3,train,2024
1013,8,train,2024
1014,8,train,2024
1015,1,train,2024
1016,7,train,2024
1017,7,train,2024
1018,2,train,2024
1019,7,train,2024
1020,4,train,2024
1021,4,train,2024
1022,6,validation,2024
1023,5,train,2024
1024,4,train,2024
1025,3,train,2024
1026,6,train,2024
1027,7,validation,2024
1028,4,train,2024
1029,5,train,2024
1030,2,train,2024
1031,0,train,2024
1032,3,train,2024
1033,2,train,2024
1034,4,train,2024
1035,1,train,2024
1036,3,validation,2024
1037,1,train,2024
1038,2,validation,2024
1039,3,train,2024
1040,2,train,2024
1041,1,train,2024
1042,6,train,2024
1043,0,train,2024
1044,5,train,2024
1045,2,train,2024
1046,3,train,2024
1047,4,validation,2024
1048,8,validation,2024
1049,5,train,2024
1050,5,train,2024
1051,2,validation,2024
1052,2,train,2024
1053,5,validation,2024
1054,1,train,2024
1055,7,train,2024
1056,2,train,2024
1057,0,train,2024
1058,0,train,2024
1059,5,train,2024
1060,1,validation,2024
1061,4,train,2024
1062,2,train,2024
1063,8,validation,2024
1064,7,validation,2024
1065,6,train,2024
1066,8,train,2024
1067,3,train,2024
1068,8,train,2024
1069,4,train,2024
1070,6,train,2024
1071,9,train,2024
1072,4,train,2024
1073,2,train,2024
1074,5,train,2024
1075,4,train,2024
1076,7,train,2024
1077,4,train,2024
1078,4,train,2024
1079,8,train,2024
1080,9,validation,2024
1081,1,train,2024
1082,8,train,2024
1083,7,train,2024
1084,8,train,2024
1085,2,train,2024
1086,6,validation,2024
1087,7,train,2024
1088,8,train,2024
1089,0,train,2024
1090,7,train,2024
1091,4,train,2024
1092,9,train,2024
1093,4,validation,2024
1094,4,train,2024
1095,5,validation,2024
1096,3,train,2024
1097,8,validation,2024
1098,2,train,2024
1099,3,train,2024
1100,5,train,2024
1101,1,train,2024
1102,7,train,2024
1103,1,validation,2024
1104,8,train,2024
1105,8,train,2024
1106,3,train,2024
1107,8,validation,2024
1108,1,train,2024
1109,1,train,2024
1110,1,train,2024
1111,4,train,2024
1112,9,train,2024
1113,0,train,2024
1114,9,train,2024
1115,3,train,2024
1116,0,train,2024
1117,6,train,2024
1118,6,train,2024
1119,0,train,2024
1120,8,train,2024
1121,7,train,2024
1122,8,validation,2024
1123,6,validation,2024
1124,3,train,2024
1125,1,train,2024
1126,6,train,2024
1127,4,train,2024
1128,3,train,2024
1129,0,train,2024
1130,6,train,2024
1131,6,train,2024
1132,8,train,2024
1133,8,train,2024
1134,9,train,2024
1135,0,train,2024
1136,5,train,2024
1137,8,validation,2024
1138,1,validation,2024
1139,4,train,2024
1140,3,train,2024
1141,1,train,2024
1142,1,train,2024
1143,3,train,2024
1144,0,train,2024
1145,5,train,2024
1146,5,train,2024
1147,9,train,2024
1148,4,train,2024
1149,1,train,2024
1150,6,validation,2024
1151,4,validation,2024
1152,1,train,2024
1153,4,train,2024
1154,3,validation,2024
1155,2,validation,2024
1156,6,train,2024
1157,5,train,2024
1158,7,train,2024
1159,7,train,2024
1160,7,train,2024
1161,9,train,2024
1162,2,train,2024
1163,9,validation,2024
1164,8,train,2024
1165,6,train,2024
1166,3,train,2024
1167,8,train,2024
1168,7,train,2024
1169,6,validation,2024
1170,9,train,2024
1171,4,train,2024
1172,6,train,2024
1173,1,train,2024
1174,1,train,2024
1175,4,train,2024
1176,6,train,2024
1177,6,validation,2024
1178,1,validation,2024
1179,0,train,2024
1180,5,train,2024
1181,1,train,2024
1182,3,train,2024
1183,9,train,2024
1184,4,train,2024
1185,3,train,2024
1186,2,train,2024
1187,3,validation,2024
1188,4,train,2024
1189,4,train,2024
1190,9,train,2024
1191,4,train,2024
1192,5,train,2024
1193,0,validation,2024
1194,0,train,2024
1195,3,train,2024
1196,1,train,2024
1197,7,train,2024
1198,8,validation,2024
1199,0,train,2024
1200,7,train,2024
1201,5,validation,2024
1202,0,train,2024
1203,7,validation,2024
1204,8,train,2024
1205,6,train,2024
1206,3,train,2024
1207,7,validation,2024
1208,2,train,2024
1209,5,validation,2024
1210,9,train,2024
1211,0,validation,2024
1212,6,train,2024
1213,2,validation,2024
1214,8,train,2024
1215,6,train,2024
1216,9,train,2024
1217,6,train,2024
1218,1,train,2024
1219,9,train,2024
1220,1,validation,2024
1221,0,train,2024
1222,9,train,2024
1223,3,train,2024
1224,2,train,2024
1225,1,train,2024
1226,3,train,2024
1227,8,train,2024
1228,1,train,2024
1229,8,validation,2024
1230,9,train,2024
1231,9,train,2024
1232,2,train,2024
1233,3,train,2024
1234,4,train,2024
1235,2,train,2024
1236,0,train,2024
1237,3,train,2024
1238,3,train,2024
1239,3,train,2024
1240,8,validation,2024
1241,5,train,2024
1242,7,validation,2024
1243,2,train,2024
1244,0,train,2024
1245,0,train,2024
1246,8,train,2024
1247,8,train,2024
1248,9,train,2024
1249,8,validation,2024
1250,7,validation,2024
1251,6,train,2024
1252,3,train,2024
1253,4,validation,2024
1254,3,train,2024
1255,3,validation,2024
1256,7,validation,2024
1257,8,train,2024
1258,2,train,2024
1259,0,validation,2024
1260,5,train,2024
1261,6,train,2024
1262,4,train,2024
1263,4,train,2024
1264,2,train,2024
1265,3,train,2024
1266,9,train,2024
1267,7,train,2024
1268,1,validation,2024
1269,4,validation,2024
1270,1,validation,2024
1271,8,train,2024
1272,2,train,2024
1273,9,train,2024
1274,3,train,2024
1275,1,train,2024
1276,3,train,2024
1277,0,train,2024
1278,5,train,2024
1279,9,train,2024
1280,8,train,2024
1281,9,train,2024
1282,5,train,2024
1283,0,train,2024
1284,3,train,2024
1285,9,train,2024
1286,7,train,2024
1287,0,train,2024
1288,1,validation,2024
1289,0,validation,2024
1290,2,train,2024
1291,0,train,2024
1292,4,train,2024
1293,2,train,2024
1294,6,train,2024
1295,8,train,2024
1296,6,train,2024
1297,6,train,2024
1298,9,train,2024
1299,7,train,2024
1300,9,validation,2024
1301,0,train,2024
1302,6,validation,2024
1303,5,validation,2024
1304,0,validation,2024
1305,7,validation,2024
1306,7,train,2024
1307,4,train,2024
1308,3,train,2024
1309,6,train,2024
1310,2,train,2024
1311,7,train,2024
1312,7,train,2024
1313,2,train,2024
1314,9,train,2024
1315,2,train,2024
1316,2,train,2024
1317,0,train,2024
1318,6,train,2024
1319,3,train,2024
1320,7,train,2024
1321,7,train,2024
1322,8,validation,2024
1323,8,train,2024
1324,6,train,2024
1325,8,train,2024
1326,5,train,2024
1327,4,train,2024
1328,4,train,2024
1329,8,train,2024
1330,5,train,2024
1331,0,train,2024
1332,8,train,2024
1333,4,train,2024
1334,9,train,2024
1335,4,train,2024
1336,2,train,2024
1337,5,train,2024
1338,3,validation,2024
1339,2,train,2024
1340,8,train,2024
1341,5,train,2024
1342,9,train,2024
1343,5,train,2024
1344,6,validation,2024
1345,0,train,2024
1346,7,train,2024
1347,6,train,2024
1348,6,train,2024
1349,2,train,2024
1350,4,train,2024
1351,8,train,2024
1352,3,train,2024
1353,8,train,2024
1354,1,validation,2024
1355,3,train,2024
1356,1,train,2024
1357,1,train,2024
1358,5,train,2024
1359,0,train,2024
1360,0,train,2024
1361,3,train,2024
1362,4,train,2024
1363,2,validation,2024
1364,5,train,2024
1365,3,train,2024
1366,9,validation,2024
1367,2,validation,2024
1368,8,train,2024
1369,7,validation,2024
1370,9,train,2024
1371,6,train,2024
1372,2,train,2024
1373,8,train,2024
1374,6,train,2024
1375,4,train,2024
1376,2,train,2024
1377,4,train,2024
1378,0,validation,2024
1379,4,train,2024
1380,1,train,2024
1381,8,validation,2024
1382,0,train,2024
1383,8,validation,2024
1384,4,train,2024
1385,3,train,2024
1386,7,train,2024
1387,8,validation,2024
1388,5,train,2024
1389,3,validation,2024
1390,7,train,2024
1391,2,train,2024
1392,6,train,2024
1393,3,train,2024
1394,1,train,2024
1395,6,train,2024
1396,9,train,2024
1397,4,train,2024
1398,2,train,2024
1399,5,validation,2024
1400,1,train,2024
1401,9,train,2024
1402,8,train,2024
1403,5,train,2024
1404,6,train,2024
1405,7,train,2024
1406,0,train,2024
1407,2,train,2024
1408,5,train,2024
1409,5,train,2024
1410,2,train,2024
1411,0,validation,2024
1412,7,validation,2024
1413,9,train,2024
1414,1,train,2024
1415,1,train,2024
1416,3,train,2024
1417,2,train,2024
1418,9,train,2024
1419,2,train,2024
1420,5,train,2024
1421,5,train,2024
1422,6,train,2024
1423,6,train,2024
1424,3,validation,2024
1425,2,validation,2024
1426,2,train,2024
1427,4,train,2024
1428,2,train,2024
1429,2,train,2024
1430,6,train,2024
1431,1,train,2024
1432,7,train,2024
1433,6,train,2024
1434,4,train,2024
1435,5,train,2024
1436,0,train,2024
1437,9,train,2024
1438,4,validation,2024
1439,9,train,2024
1440,2,train,2024
1441,1,train,2024
1442,0,train,2024
1443,1,validation,2024
1444,0,train,2024
1445,7,train,2024
1446,0,train,2024
1447,4,train,2024
1448,6,train,2024
1449,5,train,2024
1450,9,train,2024
1451,0,train,2024
1452,2,train,2024
1453,1,train,2024
1454,3,train,2024
1455,8,train,2024
1456,1,train,2024
1457,2,train,2024
1458,0,train,2024
1459,6,train,2024
1460,5,train,2024
1461,1,train,2024
1462,4,train,2024
1463,5,train,2024
1464,8,train,2024
1465,8,train,2024
1466,8,train,2024
1467,6,train,2024
1468,4,train,2024
1469,4,validation,2024
1470,3,train,2024
1471,3,validation,2024
1472,0,validation,2024
1473,8,train,2024
1474,4,validation,2024
1475,7,validation,2024
1476,8,train,2024
1477,3,train,2024
1478,5,train,2024
1479,7,train,2024
1480,9,train,2024
1481,0,train,2024
1482,1,train,2024
1483,1,validation,2024
1484,5,train,2024
1485,7,validation,2024
1486,5,validation,2024
1487,6,validation,2024
1488,8,train,2024
1489,6,train,2024
1490,6,validation,2024
1491,2,train,2024
1492,2,train,2024
1493,6,train,2024
1494,3,train,2024
1495,6,train,2024
1496,0,train,2024
1497,9,train,2024
1498,3,train,2024
1499,0,train,2024
1500,3,train,2024
1501,8,train,2024
1502,9,train,2024
1503,1,train,2024
1504,1,train,2024
1505,1,train,2024
1506,4,train,2024
1507,8,train,2024
1508,1,train,2024
1509,6,validation,2024
1510,7,train,2024
1511,4,validation,2024
1512,8,train,2024
1513,7,validation,2024
1514,9,validation,2024
1515,6,train,2024
1516,0,validation,2024
1517,0,train,2024
1518,4,train,2024
1519,2,train,2024
1520,6,train,2024
1521,0,train,2024
1522,8,train,2024
1523,2,validation,2024
1524,9,validation,2024
1525,5,train,2024
1526,8,validation,2024
1527,0,train,2024
1528,3,train,2024
1529,2,train,2024
1530,7,train,2024
1531,9,train,2024
1532,1,train,2024
1533,6,train,2024
1534,5,train,2024
1535,7,train,2024
1536,3,train,2024
1537,3,train,2024
1538,3,train,2024
1539,5,train,2024
1540,2,train,2024
1541,9,train,2024
1542,5,train,2024
1543,1,validation,2024
1544,0,train,2024
1545,1,train,2024
1546,0,train,2024
1547,9,train,2024
1548,5,train,2024
1549,8,train,2024
1550,7,train,2024
1551,5,validation,2024
1552,4,train,2024
1553,0,train,2024
1554,2,train,2024
1555,2,train,2024
1556,9,train,2024
1557,0,train,2024
1558,6,train,2024
1559,3,train,2024
1560,8,train,2024
1561,2,train,2024
1562,2,train,2024
1563,5,train,2024
1564,6,validation,2024
1565,3,validation,2024
1566,8,train,2024
1567,5,validation,2024
1568,1,train,2024
1569,3,train,2024
1570,4,train,2024
1571,7,train,2024
1572,0,validation,2024
1573,5,train,2024
1574,3,train,2024
1575,5,train,2024
1576,0,train,2024
1577,0,validation,2024
1578,3,train,2024
1579,4,train,2024
1580,0,train,2024
1581,4,train,2024
1582,1,train,2024
1583,1,train,2024
1584,8,train,2024
1585,3,validation,2024
1586,7,train,2024
1587,8,validation,2024
1588,9,validation,2024
1589,0,train,2024
1590,4,train,2024
1591,2,train,2024
1592,3,validation,2024
1593,6,validation,2024
1594,9,validation,2024
1595,1,train,2024
1596,0,train,2024
1597,1,train,2024
1598,1,train,2024
1599,4,train,2024
1600,2,train,2024
1601,6,train,2024
1602,6,train,2024
1603,5,validation,2024
1604,7,validation,2024
1605,5,validation,2024
1606,4,train,2024
1607,2,validation,2024
1608,6,train,2024
1609,6,train,2024
1610,5,validation,2024
1611,3,train,2024
1612,7,train,2024
1613,7,train,2024
1614,9,train,2024
1615,7,validation,2024
1616,1,train,2024
1617,7,validation,2024
1618,3,train,2024
1619,2,train,2024
1620,7,train,2024
1621,9,validation,2024
1622,9,train,2024
1623,6,train,2024
1624,8,train,2024
1625,0,train,2024
1626,8,train,2024
1627,8,validation,2024
1628,6,validation,2024
1629,7,train,2024
1630,2,train,2024
1631,9,train,2024
1632,9,train,2024
1633,8,train,2024
1634,0,train,2024
1635,5,train,2024
1636,3,train,2024
1637,1,train,2024
1638,4,validation,2024
1639,5,validation,2024
1640,7,train,2024
1641,8,train,2024
1642,3,validation,2024
1643,5,train,2024
1644,9,train,2024
1645,0,train,2024
1646,2,train,2024
1647,3,train,2024
1648,0,train,2024
1649,3,train,2024
1650,8,train,2024
1651,5,train,2024
1652,9,validation,2024
1653,5,train,2024
1654,6,train,2024
1655,5,train,2024
1656,0,train,2024
1657,7,validation,2024
1658,0,train,2024
1659,3,train,2024
1660,2,train,2024
1661,3,train,2024
1662,4,train,2024
1663,8,train,2024
1664,9,train,2024
1665,1,train,2024
1666,5,train,2024
1667,1,validation,2024
1668,4,train,2024
1669,4,train,2024
1670,8,train,2024
1671,9,train,2024
1672,9,validation,2024
1673,9,train,2024
1674,8,train,2024
1675,8,train,2024
1676,0,train,2024
1677,7,train,2024
1678,1,validation,2024
1679,2,train,2024
1680,6,train,2024
1681,7,validation,2024
1682,3,train,2024
1683,0,train,2024
1684,6,train,2024
1685,1,train,2024
1686,2,train,2024
1687,4,train,2024
1688,6,train,2024
1689,9,train,2024
1690,0,train,2024
1691,8,validation,2024
1692,3,validation,2024
1693,0,train,2024
1694,3,train,2024
1695,8,train,2024
1696,4,train,2024
1697,5,train,2024
1698,5,validation,2024
1699,7,train,2024
1700,6,train,2024
1701,6,train,2024
1702,5,validation,2024
1703,9,train,2024
1704,3,train,2024
1705,4,train,2024
1706,5,train,2024
1707,3,validation,2024
1708,3,train,2024
1709,2,train,2024
1710,4,train,2024
1711,3,train,2024
1712,3,train,2024
1713,7,train,2024
1714,7,train,2024
1715,8,validation,2024
1716,2,train,2024
1717,6,train,2024
1718,0,train,2024
1719,4,train,2024
1720,2,train,2024
1721,7,train,2024
1722,3,validation,2024
1723,2,train,2024
1724,5,train,2024
1725,5,train,2024
1726,6,validation,2024
1727,9,validation,2024
1728,6,train,2024
1729,8,train,2024
1730,9,train,2024
1731,5,train,2024
1732,1,train,2024
1733,0,train,2024
1734,9,train,2024
1735,3,train,2024
1736,9,train,2024
1737,9,train,2024
1738,0,train,2024
1739,0,train,2024
1740,3,train,2024
1741,1,train,2024
1742,1,train,2024
1743,7,train,2024
1744,8,train,2024
1745,0,validation,2024
1746,2,train,2024
1747,1,train,2024
1748,2,train,2024
1749,2,train,2024
1750,5,train,2024
1751,1,train,2024
1752,9,train,2024
1753,0,train,2024
1754,5,train,2024
1755,0,train,2024
1756,3,train,2024
1757,9,train,2024
1758,8,train,2024
1759,2,validation,2024
1760,1,validation,2024
1761,6,validation,2024
1762,1,train,2024
1763,7,train,2024
1764,2,validation,2024
1765,5,train,2024
1766,4,train,2024
1767,6,train,2024
1768,5,train,2024
1769,8,train,2024
1770,3,train,2024
1771,0,validation,2024
1772,5,train,2024
1773,3,train,2024
1774,0,train,2024
1775,8,train,2024
1776,1,train,2024
1777,5,validation,2024
1778,4,train,2024
1779,3,validation,2024
1780,1,train,2024
1781,5,train,2024
1782,2,train,2024
1783,3,train,2024
1784,0,validation,2024
1785,4,train,2024
1786,8,train,2024
1787,5,train,2024
1788,5,validation,2024
1789,6,validation,2024
1790,8,train,2024
1791,7,train,2024
1792,9,train,2024
1793,3,train,2024
1794,8,train,2024
1795,8,validation,2024
1796,2,train,2024
1797,1,train,2024
1798,0,train,2024
1799,7,validation,2024
1800,9,train,2024
1801,4,validation,2024
1802,2,train,2024
1803,0,train,2024
1804,7,train,2024
1805,1,train,2024
1806,0,train,2024
1807,9,train,2024
1808,7,train,2024
1809,6,train,2024
1810,1,train,2024
1811,2,train,2024
1812,1,train,2024
1813,4,validation,2024
1814,9,train,2024
1815,8,train,2024
1816,7,train,2024
1817,0,train,2024
1818,5,train,2024
1819,8,train,2024
1820,6,train,2024
1821,2,train,2024
1822,6,train,2024
1823,6,train,2024
1824,7,train,2024
1825,0,train,2024
1826,5,train,2024
1827,0,train,2024
1828,2,train,2024
1829,0,validation,2024
1830,7,train,2024
1831,6,train,2024
1832,5,train,2024
1833,2,validation,2024
1834,5,train,2024
1835,9,train,2024
1836,9,train,2024
1837,6,validation,2024
1838,9,train,2024
1839,0,validation,2024
1840,4,train,2024
1841,6,validation,2024
1842,1,validation,2024
1843,7,train,2024
1844,7,train,2024
1845,2,train,2024
1846,6,train,2024
1847,5,train,2024
1848,7,train,2024
1849,8,train,2024
1850,5,train,2024
1851,0,train,2024
1852,8,train,2024
1853,9,train,2024
1854,9,validation,2024
1855,8,validation,2024
1856,9,train,2024
1857,0,train,2024
1858,9,validation,2024
1859,6,train,2024
1860,0,train,2024
1861,9,train,2024
1862,1,validation,2024
1863,5,train,2024
1864,3,train,2024
1865,8,train,2024
1866,3,train,2024
1867,4,train,2024
1868,0,train,2024
1869,6,validation,2024
1870,7,train,2024
1871,2,train,2024
1872,6,validation,2024
1873,8,validation,2024
1874,8,validation,2024
1875,1,train,2024
1876,1,train,2024
1877,5,train,2024
1878,3,train,2024
1879,4,train,2024
1880,3,train,2024
1881,8,train,2024
1882,1,train,2024
1883,6,train,2024
1884,9,train,2024
1885,3,train,2024
1886,2,train,2024
1887,3,train,2024
1888,1,validation,2024
1889,2,train,2024
1890,1,train,2024
1891,7,validation,2024
1892,3,train,2024
1893,2,validation,2024
1894,2,train,2024
1895,8,train,2024
1896,0,train,2024
1897,3,train,2024
1898,8,validation,2024
1899,7,validation,2024
1900,2,validation,2024
1901,2,validation,2024
1902,0,train,2024
1903,3,validation,2024
1904,3,train,2024
1905,3,train,2024
1906,9,train,2024
1907,6,train,2024
1908,1,validation,2024
1909,1,train,2024
1910,8,train,2024
1911,5,train,2024
1912,2,train,2024
1913,1,train,2024
1914,1,train,2024
1915,5,train,2024
1916,6,train,2024
1917,8,train,2024
1918,4,train,2024
1919,3,train,2024
1920,0,train,2024
1921,6,train,2024
1922,7,validation,2024
1923,3,train,2024
1924,0,validation,2024
1925,6,train,2024
1926,6,validation,2024
1927,1,train,2024
1928,8,train,2024
1929,8,validation,2024
1930,0,train,2024
1931,3,train,2024
1932,7,train,2024
1933,5,train,2024
1934,4,train,2024
1935,2,train,2024
1936,3,train,2024
1937,9,validation,2024
1938,4,train,2024
1939,5,train,2024
1940,3,validation,2024
1941,1,validation,2024
1942,9,train,2024
1943,6,validation,2024
1944,8,train,2024
1945,3,train,2024
1946,8,train,2024
1947,0,train,2024
1948,3,train,2024
1949,0,validation,2024
1950,7,train,2024
1951,1,train,2024
1952,7,train,2024
1953,3,train,2024
1954,5,train,2024
1955,5,train,2024
1956,9,train,2024
1957,3,train,2024
1958,0,train,2024
1959,7,validation,2024
1960,8,train,2024
1961,1,train,2024
1962,9,train,2024
1963,2,train,2024
1964,8,train,2024
1965,9,train,2024
1966,6,validation,2024
1967,8,train,2024
1968,5,train,2024
1969,7,train,2024
1970,5,train,2024
1971,0,train,2024
1972,0,train,2024
1973,6,train,2024
1974,7,train,2024
1975,1,train,2024
1976,3,train,2024
1977,5,validation,2024
1978,6,train,2024
1979,1,train,2024
1980,1,train,2024
1981,6,train,2024
1982,9,train,2024
1983,0,train,2024
1984,4,train,2024
1985,8,train,2024
1986,8,train,2024
1987,9,train,2024
1988,6,validation,2024
1989,7,train,2024
1990,7,train,2024
1991,5,train,2024
1992,3,train,2024
1993,6,train,2024
1994,8,train,2024
1995,8,train,2024
1996,1,validation,2024
1997,0,train,2024
1998,7,train,2024
1999,3,train,2024
2000,2,train,2024
2001,7,train,2024
2002,6,train,2024
2003,2,train,2024
2004,1,train,2024
2005,1,train,2024
2006,9,train,2024
2007,3,train,2024
2008,3,train,2024
2009,4,train,2024
2010,8,train,2024
2011,5,train,2024
2012,7,train,2024
2013,9,validation,2024
2014,2,train,2024
2015,0,train,2024
2016,1,train,2024
2017,2,train,2024
2018,3,train,2024
2019,9,validation,2024
2020,9,train,2024
2021,3,train,2024
2022,0,train,2024
2023,8,train,2024
2024,7,train,2024
2025,7,train,2024
2026,5,train,2024
2027,2,train,2024
2028,2,train,2024
2029,4,validation,2024
2030,6,train,2024
2031,3,train,2024
2032,8,validation,2024
2033,0,train,2024
2034,9,validation,2024
2035,1,train,2024
2036,3,train,2024
2037,8,train,2024
2038,2,validation,2024
2039,2,train,2024
2040,4,train,2024
2041,2,train,2024
2042,5,validation,2024
2043,7,train,2024
2044,7,train,2024
2045,7,train,2024
2046,0,validation,2024
2047,9,train,2024
2048,4,train,2024
2049,5,train,2024
2050,1,train,2024
2051,6,train,2024
2052,7,validation,2024
2053,7,train,2024
2054,0,validation,2024
2055,4,train,2024
2056,6,train,2024
2057,1,train,2024
2058,1,train,2024
2059,7,train,2024
2060,5,validation,2024
2061,6,train,2024
2062,4,train,2024
2063,5,train,2024
2064,5,train,2024
2065,2,train,2024
2066,2,train,2024
2067,9,train,2024
2068,6,train,2024
2069,3,train,2024
2070,9,validation,2024
2071,4,train,2024
2072,1,train,2024
2073,7,train,2024
2074,3,train,2024
2075,5,validation,2024
2076,6,train,2024
2077,5,train,2024
2078,3,train,2024
2079,6,train,2024
2080,3,train,2024
2081,7,train,2024
2082,8,train,2024
2083,8,train,2024
2084,4,validation,2024
2085,7,train,2024
2086,2,train,2024
2087,8,validation,2024
2088,5,validation,2024
2089,3,train,2024
2090,8,train,2024
2091,0,train,2024
2092,0,train,2024
2093,7,train,2024
2094,9,train,2024
2095,0,validation,2024
2096,6,train,2024
2097,2,train,2024
2098,5,train,2024
2099,0,train,2024
2100,9,train,2024
2101,7,train,2024
2102,6,validation,2024
2103,2,train,2024
2104,2,train,2024
2105,2,train,2024
2106,1,train,2024
2107,5,validation,2024
2108,7,validation,2024
2109,8,train,2024
2110,7,train,2024
2111,8,train,2024
2112,8,train,2024
2113,2,train,2024
2114,9,train,2024
2115,4,validation,2024
2116,5,train,2024
2117,6,train,2024
2118,5,train,2024
2119,7,validation,2024
2120,2,train,2024
2121,5,train,2024
2122,7,train,2024
2123,8,train,2024
2124,3,train,2024
2125,5,train,2024
2126,0,train,2024
2127,0,train,2024
2128,2,train,2024
2129,0,train,2024
2130,1,train,2024
2131,5,train,2024
2132,2,train,2024
2133,8,train,2024
2134,5,validation,2024
2135,7,train,2024
2136,2,train,2024
2137,4,train,2024
2138,6,train,2024
2139,3,validation,2024
2140,3,train,2024
2141,2,train,2024
2142,4,train,2024
2143,0,validation,2024
2144,8,train,2024
2145,1,train,2024
2146,9,train,2024
2147,9,train,2024
2148,6,validation,2024
2149,2,train,2024
2150,6,train,2024
2151,1,train,2024
2152,2,train,2024
2153,5,train,2024
2154,1,train,2024
2155,7,train,2024
2156,2,train,2024
2157,7,train,2024
2158,2,train,2024
2159,1,train,2024
2160,3,validation,2024
2161,6,validation,2024
2162,7,train,2024
2163,7,train,2024
2164,1,validation,2024
2165,8,train,2024
2166,1,train,2024
2167,4,train,2024
2168,2,train,2024
2169,5,train,2024
2170,7,validation,2024
2171,3,train,2024
2172,0,train,2024
2173,2,train,2024
2174,1,train,2024
2175,3,train,2024
2176,3,validation,2024
2177,0,train,2024
2178,2,train,2024
2179,4,train,2024
2180,5,validation,2024
2181,7,train,2024
2182,7,validation,2024
2183,6,train,2024
2184,2,train,2024
2185,3,train,2024
2186,5,validation,2024
2187,9,validation,2024
2188,4,train,2024
2189,7,train,2024
2190,7,train,2024
2191,9,train,2024
2192,2,train,2024
2193,1,train,2024
2194,5,train,2024
2195,3,train,2024
2196,2,train,2024
2197,1,train,2024
2198,4,train,2024
2199,1,train,2024
2200,1,train,2024
2201,8,train,2024
2202,0,train,2024
2203,1,train,2024
2204,4,train,2024
2205,5,train,2024
2206,9,train,2024
2207,3,train,2024
2208,0,validation,2024
2209,0,train,2024
2210,3,train,2024
2211,7,train,2024
2212,2,train,2024
2213,2,train,2024
2214,1,train,2024
2215,6,validation,2024
2216,0,train,2024
2217,3,train,2024
2218,6,train,2024
2219,8,train,2024
2220,2,train,2024
2221,4,train,2024
2222,1,train,2024
2223,2,train,2024
2224,9,train,2024
2225,8,train,2024
2226,7,train,2024
2227,3,validation,2024
2228,7,validation,2024
2229,0,validation,2024
2230,8,train,2024
2231,0,train,2024
2232,6,train,2024
2233,5,train,2024
2234,6,train,2024
2235,6,train,2024
2236,1,train,2024
2237,5,train,2024
2238,0,train,2024
2239,7,train,2024
2240,5,train,2024
2241,4,train,2024
2242,6,train,2024
2243,2,train,2024
2244,2,train,2024
2245,9,train,2024
2246,0,train,2024
2247,6,train,2024
2248,7,validation,2024
2249,4,validation,2024
2250,3,train,2024
2251,2,train,2024
2252,4,train,2024
2253,1,train,2024
2254,0,train,2024
2255,5,train,2024
2256,3,train,2024
2257,4,train,2024
2258,2,train,2024
2259,6,train,2024
2260,4,validation,2024
2261,9,train,2024
2262,7,train,2024
2263,1,train,2024
2264,3,validation,2024
2265,5,train,2024
2266,6,train,2024
2267,6,train,2024
2268,5,train,2024
2269,9,train,2024
2270,4,train,2024
2271,1,train,2024
2272,2,train,2024
2273,0,validation,2024
2274,1,validation,2024
2275,1,train,2024
2276,3,validation,2024
2277,5,validation,2024
2278,9,train,2024
2279,7,train,2024
2280,5,train,2024
2281,9,train,2024
2282,8,train,2024
2283,2,train,2024
2284,8,train,2024
2285,5,train,2024
2286,2,train,2024
2287,4,train,2024
2288,8,train,2024
2289,0,train,2024
2290,7,train,2024
2291,2,validation,2024
2292,8,train,2024
2293,5,train,2024
2294,4,train,2024
2295,2,train,2024
2296,1,train,2024
2297,7,train,2024
2298,9,validation,2024
2299,5,validation,2024
2300,2,validation,2024
2301,8,validation,2024
2302,1,train,2024
2303,1,train,2024
2304,5,train,2024
2305,7,train,2024
2306,5,train,2024
2307,2,train,2024
2308,8,train,2024
2309,2,train,2024
2310,6,train,2024
2311,1,train,2024
2312,1,train,2024
2313,4,train,2024
2314,4,train,2024
2315,4,train,2024
2316,1,train,2024
2317,8,train,2024
2318,7,train,2024
2319,7,train,2024
2320,4,validation,2024
2321,7,train,2024
2322,5,train,2024
2323,8,validation,2024
2324,3,train,2024
2325,8,train,2024
2326,4,validation,2024
2327,6,train,2024
2328,1,train,2024
2329,5,train,2024
2330,6,validation,2024
2331,9,train,2024
2332,3,train,2024
2333,1,train,2024
2334,4,train,2024
2335,7,train,2024
2336,4,train,2024
2337,8,validation,2024
2338,3,train,2024
2339,5,train,2024
2340,6,validation,2024
2341,7,train,2024
2342,0,train,2024
2343,6,validation,2024
2344,7,train,2024
2345,8,train,2024
2346,5,train,2024
2347,0,train,2024
2348,1,validation,2024
2349,0,train,2024
2350,6,train,2024
2351,0,validation,2024
2352,2,train,2024
2353,2,train,2024
2354,5,validation,2024
2355,3,train,2024
2356,7,validation,2024
2357,8,validation,2024
2358,3,train,2024
2359,3,train,2024
2360,0,train,2024
2361,0,train,2024
2362,3,train,2024
2363,3,validation,2024
2364,9,train,2024
2365,0,train,2024
2366,6,train,2024
2367,2,train,2024
2368,7,train,2024
2369,6,train,2024
2370,5,validation,2024
2371,3,train,2024
2372,5,validation,2024
2373,0,train,2024
2374,2,validation,2024
2375,0,train,2024
2376,8,train,2024
2377,4,train,2024
2378,9,train,2024
2379,1,validation,2024
2380,1,validation,2024
2381,0,train,2024
2382,9,train,2024
2383,1,train,2024
2384,5,validation,2024
2385,0,validation,2024
2386,8,validation,2024
2387,4,train,2024
2388,0,train,2024
2389,0,train,2024
2390,8,validation,2024
2391,7,train,2024
2392,8,train,2024
2393,0,validation,2024
2394,3,train,2024
2395,4,train,2024
2396,4,train,2024
2397,3,validation,2024
2398,7,train,2024
2399,3,train,2024
2400,6,train,2024
2401,3,train,2024
2402,0,train,2024
2403,1,train,2024
2404,4,train,2024
2405,9,validation,2024
2406,9,validation,2024
2407,7,train,2024
2408,3,validation,2024
2409,2,train,2024
2410,6,train,2024
2411,9,validation,2024
2412,9,train,2024
2413,7,train,2024
2414,2,validation,2024
2415,3,train,2024
2416,6,train,2024
2417,8,train,2024
2418,0,validation,2024
2419,9,train,2024
2420,8,train,2024
2421,7,train,2024
2422,5,train,2024
2423,4,validation,2024
2424,5,train,2024
2425,5,train,2024
2426,8,validation,2024
2427,2,validation,2024
2428,1,train,2024
2429,2,train,2024
2430,2,train,2024
2431,2,train,2024
2432,6,train,2024
2433,2,train,2024
2434,4,train,2024
2435,2,train,2024
2436,5,validation,2024
2437,0,train,2024
2438,4,train,2024
2439,0,train,2024
2440,8,train,2024
2441,3,train,2024
2442,1,train,2024
2443,0,validation,2024
2444,9,train,2024
2445,4,train,2024
2446,8,validation,2024
2447,3,train,2024
2448,2,train,2024
2449,9,train,2024
2450,9,train,2024
2451,9,train,2024
2452,2,validation,2024
2453,0,train,2024
2454,8,train,2024
2455,3,train,2024
2456,3,validation,2024
2457,5,train,2024
2458,1,train,2024
2459,0,validation,2024
2460,4,validation,2024
2461,1,train,2024
2462,7,train,2024
2463,4,train,2024
2464,0,train,2024
2465,9,validation,2024
2466,5,train,2024
2467,0,train,2024
2468,3,train,2024
2469,8,train,2024
2470,2,train,2024
2471,6,train,2024
2472,7,train,2024
2473,4,train,2024
2474,1,validation,2024
2475,3,train,2024
2476,5,train,2024
2477,8,train,2024
2478,8,train,2024
2479,6,train,2024
2480,5,validation,2024
2481,2,train,2024
2482,9,validation,2024
2483,2,validation,2024
2484,1,train,2024
2485,5,train,2024
2486,4,train,2024
2487,8,train,2024
2488,9,validation,2024
2489,5,train,2024
2490,5,train,2024
2491,9,train,2024
2492,7,validation,2024
2493,4,validation,2024
2494,4,train,2024
2495,6,train,2024
2496,7,train,2024
2497,6,train,2024
2498,7,train,2024
2499,8,validation,2024
2500,1,train,2024
2501,4,validation,2024
2502,4,train,2024
2503,3,validation,2024
2504,4,train,2024
2505,1,train,2024
2506,5,validation,2024
2507,8,validation,2024
2508,4,validation,2024
2509,4,train,2024
2510,1,train,2024
2511,7,train,2024
2512,1,train,2024
2513,8,train,2024
2514,3,train,2024
2515,5,train,2024
2516,5,train,2024
2517,2,validation,2024
2518,6,train,2024
2519,4,train,2024
2520,8,train,2024
2521,4,train,2024
2522,1,train,2024
2523,8,train,2024
2524,3,validation,2024
2525,6,train,2024
2526,2,validation,2024
2527,3,validation,2024
2528,6,train,2024
2529,7,train,2024
2530,3,train,2024
2531,1,train,2024
2532,1,validation,2024
2533,0,train,2024
2534,5,train,2024
2535,7,train,2024
2536,8,train,2024
2537,8,train,2024
2538,9,train,2024
2539,9,train,2024
2540,4,train,2024
2541,5,train,2024
2542,6,train,2024
2543,7,validation,2024
2544,2,train,2024
2545,5,validation,2024
2546,8,train,2024
2547,8,validation,2024
2548,4,train,2024
2549,4,train,2024
2550,6,train,2024
2551,9,train,2024
2552,6,validation,2024
2553,2,validation,2024
2554,1,train,2024
2555,7,train,2024
2556,1,train,2024
2557,6,train,2024
2558,9,validation,2024
2559,8,train,2024
2560,6,train,2024
2561,3,train,2024
2562,9,train,2024
2563,0,train,2024
2564,5,train,2024
2565,2,train,2024
2566,9,train,2024
2567,2,validation,2024
2568,0,train,2024
2569,2,train,2024
2570,5,train,2024
2571,7,train,2024
2572,8,train,2024
2573,2,train,2024
2574,2,train,2024
2575,5,train,2024
2576,6,train,2024
2577,0,train,2024
2578,5,train,2024
2579,5,validation,2024
2580,5,train,2024
2581,2,train,2024
2582,4,validation,2024
2583,7,train,2024
2584,7,validation,2024
2585,8,train,2024
2586,2,validation,2024
2587,2,train,2024
2588,0,train,2024
2589,2,train,2024
2590,0,validation,2024
2591,3,train,2024
2592,8,train,2024
2593,0,train,2024
2594,2,train,2024
2595,2,train,2024
2596,4,train,2024
2597,9,train,2024
2598,7,train,2024
2599,7,train,2024
2600,8,train,2024
2601,7,train,2024
2602,8,train,2024
2603,2,train,2024
2604,2,validation,2024
2605,8,validation,2024
2606,4,validation,2024
2607,4,train,2024
2608,9,train,2024
2609,5,train,2024
2610,5,train,2024
2611,5,validation,2024
2612,4,validation,2024
2613,0,train,2024
2614,4,train,2024
2615,2,train,2024
2616,0,train,2024
2617,6,validation,2024
2618,4,validation,2024
2619,2,train,2024
2620,5,validation,2024
2621,3,train,2024
2622,1,validation,2024
2623,7,train,2024
2624,5,validation,2024
2625,0,validation,2024
2626,0,train,2024
2627,5,train,2024
2628,6,validation,2024
2629,1,train,2024
2630,1,train,2024
2631,8,train,2024
2632,7,train,2024
2633,4,validation,2024
2634,4,train,2024
2635,3,train,2024
2636,5,train,2024
2637,9,train,2024
2638,1,train,2024
2639,6,train,2024
2640,7,train,2024
2641,9,train,2024
2642,4,train,2024
2643,4,train,2024
2644,1,train,2024
2645,0,train,2024
2646,5,train,2024
2647,1,validation,2024
2648,7,train,2024
2649,6,train,2024
2650,7,train,2024
2651,0,train,2024
2652,1,train,2024
2653,1,train,2024
2654,3,train,2024
2655,3,train,2024
2656,1,train,2024
2657,2,train,2024
2658,2,train,2024
2659,1,train,2024
2660,1,train,2024
2661,6,train,2024
2662,2,train,2024
2663,3,train,2024
2664,8,train,2024
2665,6,validation,2024
2666,8,train,2024
2667,2,train,2024
2668,7,train,2024
2669,4,validation,2024
2670,6,train,2024
2671,6,train,2024
2672,4,train,2024
2673,9,train,2024
2674,3,train,2024
2675,6,train,2024
2676,7,train,2024
2677,1,train,2024
2678,8,train,2024
2679,5,train,2024
2680,9,train,2024
2681,7,train,2024
2682,8,validation,2024
2683,5,validation,2024
2684,4,train,2024
2685,3,train,2024
2686,6,train,2024
2687,1,train,2024
2688,2,validation,2024
2689,6,validation,2024
2690,2,train,2024
2691,1,train,2024
2692,0,train,2024
2693,6,train,2024
2694,4,validation,2024
2695,3,validation,2024
2696,9,train,2024
2697,6,train,2024
2698,9,train,2024
2699,8,train,2024
2700,6,validation,2024
2701,4,validation,2024
2702,5,train,2024
2703,3,validation,2024
2704,5,train,2024
2705,7,validation,2024
2706,1,validation,2024
2707,3,validation,2024
2708,6,train,2024
2709,8,train,2024
2710,6,train,2024
2711,4,validation,2024
2712,1,train,2024
2713,6,train,2024
2714,3,train,2024
2715,0,train,2024
2716,7,train,2024
2717,4,validation,2024
2718,6,train,2024
2719,7,train,2024
2720,1,train,2024
2721,5,train,2024
2722,9,train,2024
2723,6,train,2024
2724,9,train,2024
2725,0,train,2024
2726,8,train,2024
2727,7,validation,2024
2728,1,validation,2024
2729,1,train,2024
2730,9,train,2024
2731,2,train,2024
2732,6,train,2024
2733,9,train,2024
2734,3,train,2024
2735,7,validation,2024
2736,9,train,2024
2737,4,validation,2024
2738,8,train,2024
2739,4,validation,2024
2740,5,train,2024
2741,8,train,2024
2742,7,train,2024
2743,2,train,2024
2744,7,validation,2024
2745,4,train,2024
2746,0,train,2024
2747,2,validation,2024
2748,8,validation,2024
2749,9,validation,2024
2750,8,train,2024
2751,3,train,2024
2752,1,train,2024
2753,1,train,2024
2754,5,validation,2024
2755,4,train,2024
2756,5,train,2024
2757,6,train,2024
2758,3,train,2024
2759,7,validation,2024
2760,2,validation,2024
2761,5,train,2024
2762,8,train,2024
2763,9,train,2024
2764,0,train,2024
2765,7,train,2024
2766,0,train,2024
2767,4,train,2024
2768,8,train,2024
2769,0,train,2024
2770,6,train,2024
2771,8,train,2024
2772,9,train,2024
2773,2,train,2024
2774,5,train,2024
2775,3,train,2024
2776,7,train,2024
2777,2,validation,2024
2778,3,validation,2024
2779,0,train,2024
2780,2,train,2024
2781,9,train,2024
2782,1,train,2024
2783,6,train,2024
2784,4,train,2024
2785,6,validation,2024
2786,2,train,2024
2787,7,validation,2024
2788,7,train,2024
2789,3,train,2024
2790,0,validation,2024
2791,3,validation,2024
2792,4,train,2024
2793,0,train,2024
2794,8,train,2024
2795,4,validation,2024
2796,4,validation,2024
2797,0,train,2024
2798,6,train,2024
2799,6,train,2024
2800,6,train,2024
2801,8,validation,2024
2802,9,train,2024
2803,6,train,2024
2804,0,train,2024
2805,9,train,2024
2806,9,validation,2024
2807,6,train,2024
2808,8,train,2024
2809,8,validation,2024
2810,5,train,2024
2811,5,validation,2024
2812,5,train,2024
2813,1,train,2024
2814,2,train,2024
2815,4,validation,2024
2816,7,train,2024
2817,4,train,2024
2818,5,train,2024
2819,5,train,2024
2820,6,train,2024
2821,4,validation,2024
2822,1,train,2024
2823,4,train,2024
2824,1,train,2024
2825,4,validation,2024
2826,7,train,2024
2827,1,train,2024
2828,4,train,2024
2829,8,validation,2024
2830,0,train,2024
2831,4,train,2024
2832,9,train,2024
2833,8,train,2024
2834,1,validation,2024
2835,1,train,2024
2836,4,train,2024
2837,7,validation,2024
2838,3,train,2024
2839,9,train,2024
2840,4,train,2024
2841,0,train,2024
2842,0,train,2024
2843,5,train,2024
2844,3,train,2024
2845,7,train,2024
2846,4,train,2024
2847,0,train,2024
2848,6,validation,2024
2849,2,train,2024
2850,3,validation,2024
2851,1,train,2024
2852,0,train,2024
2853,9,train,2024
2854,9,train,2024
2855,4,train,2024
2856,6,train,2024
2857,0,train,2024
2858,6,train,2024
2859,7,validation,2024
2860,3,train,2024
2861,3,train,2024
2862,0,train,2024
2863,8,train,2024
2864,9,train,2024
2865,0,train,2024
2866,4,train,2024
2867,7,train,2024
2868,3,train,2024
2869,1,train,2024
2870,5,train,2024
2871,3,validation,2024
2872,7,train,2024
2873,2,train,2024
2874,3,validation,2024
2875,9,train,2024
2876,3,train,2024
2877,7,train,2024
2878,5,train,2024
2879,9,train,2024
2880,7,train,2024
2881,2,train,2024
2882,9,train,2024
2883,4,train,2024
2884,7,train,2024
2885,3,train,2024
2886,4,train,2024
2887,9,validation,2024
2888,0,train,2024
2889,2,validation,2024
2890,9,train,2024
2891,7,train,2024
2892,5,train,2024
2893,1,train,2024
2894,5,train,2024
2895,5,train,2024
2896,4,train,2024
2897,1,train,2024
2898,7,validation,2024
2899,0,train,2024
2900,5,validation,2024
2901,0,train,2024
2902,3,train,2024
2903,8,train,2024
2904,0,train,2024
2905,0,train,2024
2906,9,train,2024
2907,9,train,2024
2908,1,train,2024
2909,1,train,2024
2910,8,train,2024
2911,7,train,2024
2912,7,train,2024
2913,4,train,2024
2914,8,validation,2024
2915,8,train,2024
2916,1,train,2024
2917,6,train,2024
2918,6,validation,2024
2919,7,train,2024
2920,0,train,2024
2921,7,train,2024
2922,5,train,2024
2923,5,train,2024
2924,1,train,2024
2925,7,train,2024
2926,9,train,2024
2927,0,train,2024
2928,9,validation,2024
2929,2,validation,2024
2930,2,train,2024
2931,1,validation,2024
2932,5,train,2024
2933,3,train,2024
2934,9,train,2024
2935,0,train,2024
2936,3,train,2024
2937,6,train,2024
2938,3,train,2024
2939,6,train,2024
2940,5,train,2024
2941,3,train,2024
2942,5,train,2024
2943,2,validation,2024
2944,9,validation,2024
2945,9,train,2024
2946,6,train,2024
2947,3,validation,2024
2948,5,train,2024
2949,8,validation,2024
2950,4,train,2024
2951,3,train,2024
2952,6,train,2024
2953,9,train,2024
2954,1,train,2024
2955,9,train,2024
2956,2,validation,2024
2957,4,train,2024
2958,2,train,2024
2959,1,train,2024
2960,3,train,2024
2961,0,train,2024
2962,5,train,2024
2963,4,validation,2024
2964,1,train,2024
2965,0,train,2024
2966,5,validation,2024
2967,0,train,2024
2968,6,train,2024
2969,2,validation,2024
2970,3,validation,2024
2971,6,train,2024
2972,4,train,2024
2973,8,train,2024
2974,2,train,2024
2975,7,train,2024
2976,6,train,2024
2977,5,validation,2024
2978,1,train,2024
2979,4,train,2024
2980,6,validation,2024
2981,3,train,2024
2982,0,train,2024
2983,5,train,2024
2984,6,validation,2024
2985,0,train,2024
2986,4,validation,2024
2987,6,train,2024
2988,0,validation,2024
2989,1,train,2024
2990,8,validation,2024
2991,7,train,2024
2992,5,train,2024
2993,9,train,2024
2994,8,train,2024
2995,4,train,2024
2996,2,train,2024
2997,6,train,2024
2998,4,train,2024
2999,7,train,2024
3000,6,train,2024
3001,8,train,2024
3002,2,train,2024
3003,5,train,2024
3004,7,train,2024
3005,0,validation,2024
3006,0,train,2024
3007,0,train,2024
3008,2,train,2024
3009,5,train,2024
3010,6,train,2024
3011,3,train,2024
3012,1,train,2024
3013,8,train,2024
3014,2,train,2024
3015,2,train,2024
3016,0,validation,2024
3017,0,train,2024
3018,1,train,2024
3019,4,validation,2024
3020,6,validation,2024
3021,1,train,2024
3022,3,validation,2024
3023,9,train,2024
3024,6,validation,2024
3025,0,train,2024
3026,5,train,2024
3027,5,train,2024
3028,1,validation,2024
3029,3,train,2024
3030,7,train,2024
3031,6,train,2024
3032,5,train,2024
3033,9,validation,2024
3034,4,train,2024
3035,1,validation,2024
3036,4,train,2024
3037,2,train,2024
3038,4,train,2024
3039,9,train,2024
3040,7,train,2024
3041,9,validation,2024
3042,2,validation,2024
3043,0,validation,2024
3044,8,train,2024
3045,6,train,2024
3046,5,train,2024
3047,4,train,2024
3048,4,train,2024
3049,4,train,2024
3050,0,train,2024
3051,3,train,2024
3052,8,validation,2024
3053,4,validation,2024
3054,6,validation,2024
3055,7,validation,2024
3056,5,train,2024
3057,2,train,2024
3058,5,train,2024
3059,5,validation,2024
3060,4,train,2024
3061,4,train,2024
3062,4,train,2024
3063,4,validation,2024
3064,8,train,2024
3065,2,train,2024
3066,0,train,2024
3067,2,train,2024
3068,0,train,2024
3069,7,train,2024
3070,6,train,2024
3071,2,train,2024
3072,6,train,2024
3073,2,train,2024
3074,0,train,2024
3075,8,train,2024
3076,7,train,2024
3077,1,train,2024
3078,9,validation,2024
3079,1,train,2024
3080,6,train,2024
3081,4,train,2024
3082,0,train,2024
3083,8,train,2024
3084,5,train,2024
3085,9,train,2024
3086,5,validation,2024
3087,7,train,2024
3088,4,train,2024
3089,4,train,2024
3090,9,train,2024
3091,7,train,2024
3092,7,train,2024
3093,7,train,2024
3094,5,train,2024
3095,3,train,2024
3096,0,validation,2024
3097,6,train,2024
3098,1,validation,2024
3099,7,train,2024
3100,5,train,2024
3101,2,validation,2024
3102,6,train,2024
3103,4,train,2024
3104,0,train,2024
3105,0,train,2024
3106,5,train,2024
3107,4,validation,2024
3108,2,validation,2024
3109,2,train,2024
3110,6,train,2024
3111,0,validation,2024
3112,2,train,2024
3113,1,train,2024
3114,8,validation,2024
3115,4,train,2024
3116,9,validation,2024
3117,3,train,2024
3118,1,validation,2024
3119,4,train,2024
3120,6,train,2024
3121,4,validation,2024
3122,8,validation,2024
3123,0,train,2024
3124,0,validation,2024
3125,3,train,2024
3126,2,train,2024
3127,3,train,2024
3128,0,validation,2024
3129,6,validation,2024
3130,7,train,2024
3131,0,train,2024
3132,3,train,2024
3133,3,train,2024
3134,2,train,2024
3135,3,train,2024
3136,1,train,2024
3137,7,train,2024
3138,4,train,2024
3139,7,train,2024
3140,7,train,2024
3141,4,train,2024
3142,8,validation,2024
3143,1,train,2024
3144,9,train,2024
3145,0,train,2024
3146,3,train,2024
3147,7,train,2024
3148,9,train,2024
3149,5,train,2024
3150,8,train,2024
3151,3,train,2024
3152,2,train,2024
3153,9,train,2024
3154,6,train,2024
3155,5,train,2024
3156,2,validation,2024
3157,5,train,2024
3158,3,train,2024
3159,5,validation,2024
3160,6,validation,2024
3161,3,validation,2024
3162,5,validation,2024
3163,0,validation,2024
3164,1,validation,2024
3165,3,train,2024
3166,5,train,2024
3167,0,train,2024
3168,3,validation,2024
3169,5,train,2024
3170,3,train,2024
3171,2,train,2024
3172,5,train,2024
3173,5,validation,2024
3174,1,train,2024
3175,6,train,2024
3176,8,train,2024
3177,7,train,2024
3178,3,validation,2024
3179,7,train,2024
3180,2,train,2024
3181,9,train,2024
3182,9,train,2024
3183,9,train,2024
3184,1,train,2024
3185,9,train,2024
3186,7,validation,2024
3187,2,validation,2024
3188,8,train,2024
3189,1,train,2024
3190,4,train,2024
3191,4,train,2024
3192,0,train,2024
3193,3,train,2024
3194,4,train,2024
3195,7,validation,2024
3196,0,train,2024
3197,1,validation,2024
3198,5,train,2024
3199,9,train,2024
3200,8,train,2024
3201,9,train,2024
3202,8,train,2024
3203,6,train,2024
3204,0,train,2024
3205,0,validation,2024
3206,1,train,2024
3207,1,validation,2024
3208,5,validation,2024
3209,8,train,2024
3210,6,train,2024
3211,9,train,2024
3212,1,train,2024
3213,8,train,2024
3214,4,train,2024
3215,0,train,2024
3216,8,train,2024
3217,3,train,2024
3218,7,train,2024
3219,2,train,2024
3220,3,train,2024
3221,2,train,2024
3222,4,train,2024
3223,6,validation,2024
3224,5,train,2024
3225,7,train,2024
3226,7,train,2024
3227,2,train,2024
3228,2,train,2024
3229,9,train,2024
3230,2,train,2024
3231,3,validation,2024
3232,5,train,2024
3233,7,train,2024
3234,9,train,2024
3235,9,train,2024
3236,8,validation,2024
3237,4,train,2024
3238,5,validation,2024
3239,6,train,2024
3240,6,train,2024
3241,2,train,2024
3242,9,train,2024
3243,1,train,2024
3244,2,train,2024
3245,2,validation,2024
3246,6,train,2024
3247,8,validation,2024
3248,7,train,2024
3249,9,train,2024
3250,0,train,2024
3251,6,train,2024
3252,3,validation,2024
3253,3,train,2024
3254,8,train,2024
3255,8,train,2024
3256,1,train,2024
3257,9,train,2024
3258,6,train,2024
3259,8,train,2024
3260,3,train,2024
3261,3,train,2024
3262,8,train,2024
3263,5,train,2024
3264,6,train,2024
3265,7,train,2024
3266,9,validation,2024
3267,2,train,2024
3268,0,train,2024
3269,9,train,2024
3270,2,train,2024
3271,4,train,2024
3272,7,validation,2024
3273,9,train,2024
3274,9,validation,2024
3275,9,train,2024
3276,9,train,2024
3277,7,train,2024
3278,6,train,2024
3279,0,train,2024
3280,6,train,2024
3281,9,train,2024
3282,0,train,2024
3283,1,train,2024
3284,3,train,2024
3285,1,train,2024
3286,2,train,2024
3287,3,train,2024
3288,5,train,2024
3289,1,train,2024
3290,3,validation,2024
3291,8,train,2024
3292,4,train,2024
3293,1,train,2024
3294,6,train,2024
3295,0,train,2024
3296,3,train,2024
3297,6,train,2024
3298,2,train,2024
3299,5,train,2024
3300,6,validation,2024
3301,9,validation,2024
3302,4,train,2024
3303,4,train,2024
3304,1,train,2024
3305,9,validation,2024
3306,8,validation,2024
3307,0,train,2024
3308,9,train,2024
3309,2,train,2024
3310,0,train,2024
3311,9,train,2024
3312,9,validation,2024
3313,8,train,2024
3314,1,train,2024
3315,1,train,2024
3316,3,train,2024
3317,6,train,2024
3318,9,train,2024
3319,7,train,2024
3320,4,train,2024
3321,0,train,2024
3322,8,train,2024
3323,0,train,2024
3324,1,train,2024
3325,7,train,2024
3326,0,train,2024
3327,7,train,2024
3328,2,train,2024
3329,8,train,2024
3330,9,train,2024
3331,6,train,2024
3332,3,train,2024
3333,5,train,2024
3334,2,train,2024
3335,4,train,2024
3336,9,validation,2024
3337,1,validation,2024
3338,9,train,2024
3339,1,train,2024
3340,5,validation,2024
3341,2,train,2024
3342,2,train,2024
3343,2,train,2024
3344,6,train,2024
3345,3,train,2024
3346,5,train,2024
3347,4,train,2024
3348,7,train,2024
3349,4,train,2024
3350,4,train,2024
3351,2,train,2024
3352,9,train,2024
3353,7,train,2024
3354,8,train,2024
3355,6,train,2024
3356,2,train,2024
3357,6,validation,2024
3358,8,train,2024
3359,9,validation,2024
3360,6,train,2024
3361,0,train,2024
3362,2,train,2024
3363,0,train,2024
3364,4,validation,2024
3365,1,train,2024
3366,2,train,2024
3367,7,train,2024
3368,1,validation,2024
3369,5,train,2024
3370,6,train,2024
3371,9,train,2024
3372,4,train,2024
3373,6,validation,2024
3374,2,train,2024
3375,3,train,2024
3376,2,train,2024
3377,4,train,2024
3378,1,train,2024
3379,2,train,2024
3380,2,validation,2024
3381,4,train,2024
3382,6,validation,2024
3383,2,train,2024
3384,0,train,2024
3385,5,train,2024
3386,9,train,2024
3387,7,train,2024
3388,1,train,2024
3389,7,validation,2024
3390,6,train,2024
3391,0,train,2024
3392,6,train,2024
3393,1,train,2024
3394,0,train,2024
3395,7,train,2024
3396,3,train,2024
3397,8,train,2024
3398,6,train,2024
3399,5,train,2024
3400,5,train,2024
3401,8,validation,2024
3402,5,train,2024
3403,2,train,2024
3404,0,train,2024
3405,7,train,2024
3406,6,train,2024
3407,8,train,2024
3408,1,validation,2024
3409,9,train,2024
3410,1,train,2024
3411,3,train,2024
3412,9,train,2024
3413,8,validation,2024
3414,2,validation,2024
3415,3,train,2024
3416,1,train,2024
3417,0,train,2024
3418,4,train,2024
3419,6,train,2024
3420,6,train,2024
3421,5,train,2024
3422,7,validation,2024
3423,3,validation,2024
3424,7,train,2024
3425,9,train,2024
3426,6,validation,2024
3427,5,train,2024
3428,7,train,2024
3429,1,train,2024
3430,3,train,2024
3431,0,train,2024
3432,6,train,2024
3433,2,train,2024
3434,9,train,2024
3435,5,train,2024
3436,6,train,2024
3437,9,train,2024
3438,1,train,2024
3439,3,train,2024
3440,3,train,2024
3441,7,train,2024
3442,1,train,2024
3443,4,validation,2024
3444,9,train,2024
3445,0,train,2024
3446,9,validation,2024
3447,1,train,2024
3448,9,train,2024
3449,8,train,2024
3450,3,train,2024
3451,4,train,2024
3452,8,train,2024
3453,3,train,2024
3454,0,validation,2024
3455,5,train,2024
3456,1,train,2024
3457,3,train,2024
3458,7,validation,2024
3459,8,train,2024
3460,4,train,2024
3461,9,train,2024
3462,9,train,2024
3463,1,train,2024
3464,0,validation,2024
3465,8,train,2024
3466,7,train,2024
3467,1,train,2024
3468,7,train,2024
3469,2,train,2024
3470,2,train,2024
3471,2,train,2024
3472,6,validation,2024
3473,0,train,2024
3474,1,train,2024
3475,3,train,2024
3476,4,train,2024
3477,6,train,2024
3478,8,train,2024
3479,3,train,2024
3480,1,train,2024
3481,1,train,2024
3482,4,train,2024
3483,1,train,2024
3484,2,train,2024
3485,1,train,2024
3486,5,train,2024
3487,5,train,2024
3488,0,train,2024
3489,2,train,2024
3490,6,train,2024
3491,9,train,2024
3492,2,train,2024
3493,1,validation,2024
3494,2,train,2024
3495,8,validation,2024
3496,4,train,2024
3497,0,train,2024
3498,9,validation,2024
3499,4,train,2024
3500,6,train,2024
3501,1,validation,2024
3502,2,train,2024
3503,1,train,2024
3504,6,train,2024
3505,5,train,2024
3506,8,validation,2024
3507,7,train,2024
3508,3,train,2024
3509,9,train,2024
3510,9,validation,2024
3511,5,train,2024
3512,0,train,2024
3513,0,train,2024
3514,4,train,2024
3515,4,train,2024
3516,9,train,2024
3517,9,train,2024
3518,2,validation,2024
3519,8,validation,2024
3520,2,validation,2024
3521,6,train,2024
3522,8,train,2024
3523,9,train,2024
3524,9,train,2024
3525,4,validation,2024
3526,8,train,2024
3527,3,validation,2024
3528,1,train,2024
3529,4,train,2024
3530,1,validation,2024
3531,6,validation,2024
3532,8,validation,2024
3533,6,train,2024
3534,7,train,2024
3535,4,train,2024
3536,4,train,2024
3537,4,train,2024
3538,1,validation,2024
3539,7,train,2024
3540,9,train,2024
3541,4,validation,2024
3542,2,validation,2024
3543,7,train,2024
3544,6,train,2024
3545,8,validation,2024
3546,8,validation,2024
3547,8,train,2024
3548,8,train,2024
3549,8,train,2024
3550,0,validation,2024
3551,3,validation,2024
3552,8,validation,2024
3553,1,train,2024
3554,2,train,2024
3555,0,validation,2024
3556,8,train,2024
3557,0,validation,2024
3558,6,validation,2024
3559,5,train,2024
3560,6,train,2024
3561,0,train,2024
3562,4,train,2024
3563,6,train,2024
3564,0,validation,2024
3565,8,validation,2024
3566,4,validation,2024
3567,5,train,2024
3568,7,train,2024
3569,9,train,2024
3570,8,train,2024
3571,1,train,2024
3572,1,train,2024
3573,2,train,2024
3574,0,validation,2024
3575,0,train,2024
3576,6,train,2024
3577,9,validation,2024
3578,1,train,2024
3579,9,train,2024
3580,4,train,2024
3581,2,train,2024
3582,2,validation,2024
3583,7,train,2024
3584,7,train,2024
3585,0,train,2024
3586,6,validation,2024
3587,9,train,2024
3588,7,train,2024
3589,9,train,2024
3590,5,train,2024
3591,6,train,2024
3592,3,validation,2024
3593,1,train,2024
3594,1,train,2024
3595,6,train,2024
3596,5,train,2024
3597,8,train,2024
3598,3,validation,2024
3599,2,validation,2024
3600,9,train,2024
3601,1,train,2024
3602,5,validation,2024
3603,7,train,2024
3604,2,train,2024
3605,1,train,2024
3606,7,train,2024
3607,5,train,2024
3608,6,train,2024
3609,4,validation,2024
3610,2,train,2024
3611,2,train,2024
3612,1,validation,2024
3613,3,train,2024
3614,6,train,2024
3615,4,train,2024
3616,6,validation,2024
3617,3,train,2024
3618,3,validation,2024
3619,0,train,2024
3620,6,train,2024
3621,7,train,2024
3622,8,train,2024
3623,5,train,2024
3624,1,validation,2024
3625,6,train,2024
3626,9,train,2024
3627,2,train,2024
3628,5,train,2024
3629,5,train,2024
3630,4,validation,2024
3631,5,train,2024
3632,8,validation,2024
3633,4,train,2024
3634,9,validation,2024
3635,1,validation,2024
3636,5,train,2024
3637,1,train,2024
3638,1,train,2024
3639,8,train,2024
3640,3,train,2024
3641,1,train,2024
3642,1,train,2024
3643,2,validation,2024
3644,5,train,2024
3645,9,train,2024
3646,1,train,2024
3647,8,train,2024
3648,6,validation,2024
3649,9,validation,2024
3650,9,train,2024
3651,7,train,2024
3652,9,train,2024
3653,7,validation,2024
3654,0,validation,2024
3655,1,train,2024
3656,7,train,2024
3657,9,train,2024
3658,5,train,2024
3659,7,validation,2024
3660,0,train,2024
3661,9,train,2024
3662,7,train,2024
3663,3,train,2024
3664,8,validation,2024
3665,4,train,2024
3666,8,train,2024
3667,5,train,2024
3668,2,validation,2024
3669,5,validation,2024
3670,5,train,2024
3671,5,validation,2024
3672,7,train,2024
3673,7,train,2024
3674,4,train,2024
3675,5,train,2024
3676,7,train,2024
3677,1,train,2024
3678,4,train,2024
3679,5,train,2024
3680,2,train,2024
3681,1,train,2024
3682,6,train,2024
3683,4,train,2024
3684,2,train,2024
3685,4,validation,2024
3686,3,validation,2024
3687,9,train,2024
3688,0,train,2024
3689,2,train,2024
3690,9,validation,2024
3691,6,train,2024
3692,1,train,2024
3693,0,train,2024
3694,1,train,2024
3695,0,validation,2024
3696,1,train,2024
3697,4,train,2024
3698,0,validation,2024
3699,9,validation,2024
3700,3,train,2024
3701,4,validation,2024
3702,5,train,2024
3703,7,train,2024
3704,2,train,2024
3705,7,train,2024
3706,6,train,2024
3707,8,train,2024
3708,6,train,2024
3709,2,validation,2024
3710,1,train,2024
3711,1,validation,2024
3712,6,train,2024
3713,1,train,2024
3714,8,train,2024
3715,1,train,2024
3716,8,train,2024
3717,3,train,2024
3718,9,train,2024
3719,4,train,2024
3720,5,validation,2024
3721,9,train,2024
3722,2,train,2024
3723,0,train,2024
3724,8,validation,2024
3725,2,train,2024
3726,7,train,2024
3727,5,validation,2024
3728,6,train,2024
3729,9,train,2024
3730,1,train,2024
3731,6,train,2024
3732,5,train,2024
3733,4,validation,2024
3734,4,train,2024
3735,9,train,2024
3736,2,train,2024
3737,9,train,2024
3738,6,train,2024
3739,4,validation,2024
3740,5,train,2024
3741,5,train,2024
3742,2,train,2024
3743,8,train,2024
3744,5,validation,2024
3745,7,train,2024
3746,8,train,2024
3747,4,train,2024
3748,1,validation,2024
3749,3,validation,2024
3750,4,train,2024
3751,8,train,2024
3752,6,train,2024
3753,5,train,2024
3754,3,train,2024
3755,0,validation,2024
3756,2,train,2024
3757,9,train,2024
3758,9,train,2024
3759,4,train,2024
3760,5,train,2024
3761,8,train,2024
3762,6,train,2024
3763,0,train,2024
3764,2,train,2024
3765,7,validation,2024
3766,0,train,2024
3767,5,train,2024
3768,4,validation,2024
3769,9,validation,2024
3770,1,train,2024
3771,7,train,2024
3772,2,validation,2024
3773,4,train,2024
3774,4,train,2024
3775,6,train,2024
3776,6,train,2024
3777,1,train,2024
3778,0,train,2024
3779,5,train,2024
3780,8,train,2024
3781,4,validation,2024
3782,7,train,2024
3783,2,train,2024
3784,2,train,2024
3785,2,train,2024
3786,9,train,2024
3787,4,train,2024
3788,6,train,2024
3789,1,train,2024
3790,0,validation,2024
3791,1,train,2024
3792,2,train,2024
3793,1,train,2024
3794,6,train,2024
3795,7,train,2024
3796,6,train,2024
3797,2,train,2024
3798,8,train,2024
3799,5,train,2024
3800,3,train,2024
3801,9,validation,2024
3802,0,train,2024
3803,1,validation,2024
3804,2,train,2024
3805,0,train,2024
3806,2,train,2024
3807,7,validation,2024
3808,4,validation,2024
3809,3,train,2024
3810,5,train,2024
3811,0,train,2024
3812,3,train,2024
3813,1,train,2024
3814,9,train,2024
3815,2,train,2024
3816,5,train,2024
3817,0,validation,2024
3818,0,train,2024
3819,3,train,2024
3820,6,train,2024
3821,5,train,2024
3822,3,train,2024
3823,0,validation,2024
3824,2,train,2024
3825,9,validation,2024
3826,0,train,2024
3827,9,train,2024
3828,3,train,2024
3829,4,validation,2024
3830,1,train,2024
3831,9,train,2024
3832,7,validation,2024
3833,2,train,2024
3834,5,train,2024
3835,6,train,2024
3836,5,train,2024
3837,4,train,2024
3838,4,train,2024
3839,0,train,2024
3840,6,train,2024
3841,5,train,2024
3842,5,validation,2024
3843,8,validation,2024
3844,2,train,2024
3845,1,validation,2024
3846,5,train,2024
3847,0,train,2024
3848,1,train,2024
3849,2,train,2024
3850,1,validation,2024
3851,7,train,2024
3852,2,train,2024
3853,1,train,2024
3854,4,train,2024
3855,4,train,2024
3856,7,validation,2024
3857,2,validation,2024
3858,3,train,2024
3859,6,train,2024
3860,6,validation,2024
3861,2,validation,2024
3862,2,train,2024
3863,2,train,2024
3864,0,train,2024
3865,4,train,2024
3866,5,validation,2024
3867,5,train,2024
3868,2,train,2024
3869,2,validation,2024
3870,3,train,2024
3871,4,train,2024
3872,1,train,2024
3873,6,train,2024
3874,8,train,2024
3875,9,validation,2024
3876,1,train,2024
3877,3,train,2024
3878,8,train,2024
3879,2,train,2024
3880,3,train,2024
3881,8,train,2024
3882,6,train,2024
3883,8,train,2024
3884,7,train,2024
3885,8,validation,2024
3886,1,train,2024
3887,5,train,2024
3888,3,train,2024
3889,7,train,2024
3890,1,train,2024
3891,0,train,2024
3892,9,train,2024
3893,6,validation,2024
3894,3,train,2024
3895,6,train,2024
3896,6,validation,2024
3897,8,train,2024
3898,4,train,2024
3899,4,validation,2024
3900,0,train,2024
3901,9,train,2024
3902,9,train,2024
3903,0,validation,2024
3904,9,train,2024
3905,0,train,2024
3906,9,train,2024
3907,1,train,2024
3908,8,train,2024
3909,1,train,2024
3910,7,train,2024
3911,0,validation,2024
3912,2,train,2024
3913,7,train,2024
3914,3,train,2024
3915,0,train,2024
3916,6,train,2024
3917,0,train,2024
3918,7,train,2024
3919,8,validation,2024
3920,3,train,2024
3921,2,train,2024
3922,5,train,2024
3923,3,validation,2024
3924,8,train,2024
3925,3,train,2024
3926,4,train,2024
3927,7,validation,2024
3928,1,validation,2024
3929,4,train,2024
3930,1,train,2024
3931,0,validation,2024
3932,1,train,2024
3933,2,train,2024
3934,0,train,2024
3935,5,train,2024
3936,4,validation,2024
3937,2,train,2024
3938,4,train,2024
3939,8,train,2024
3940,9,train,2024
3941,6,train,2024
3942,7,validation,2024
3943,0,train,2024
3944,1,validation,2024
3945,9,validation,2024
3946,9,train,2024
3947,5,train,2024
3948,6,validation,2024
3949,2,train,2024
3950,4,train,2024
3951,0,train,2024
3952,5,train,2024
3953,8,train,2024
3954,2,validation,2024
3955,6,train,2024
3956,1,validation,2024
3957,5,train,2024
3958,9,validation,2024
3959,5,train,2024
3960,4,train,2024
3961,2,train,2024
3962,9,train,2024
3963,0,validation,2024
3964,2,train,2024
3965,1,validation,2024
3966,7,train,2024
3967,6,validation,2024
3968,7,train,2024
3969,5,train,2024
3970,7,train,2024
3971,0,train,2024
3972,6,train,2024
3973,4,train,2024
3974,7,train,2024
3975,4,train,2024
3976,3,validation,2024
3977,6,train,2024
3978,8,train,2024
3979,3,train,2024
3980,7,train,2024
3981,7,train,2024
3982,7,validation,2024
3983,7,train,2024
3984,3,train,2024
3985,7,validation,2024
3986,7,validation,2024
3987,7,train,2024
3988,3,train,2024
3989,5,train,2024
3990,4,train,2024
3991,6,train,2024
3992,3,train,2024
3993,1,train,2024
3994,3,train,2024
3995,6,train,2024
3996,8,train,2024
3997,4,validation,2024
3998,9,validation,2024
3999,4,train,2024
4000,7,train,2024
4001,4,train,2024
4002,1,train,2024
4003,0,train,2024
4004,1,train,2024
4005,6,train,2024
4006,8,train,2024
4007,2,train,2024
4008,0,train,2024
4009,5,train,2024
4010,5,train,2024
4011,0,validation,2024
4012,0,train,2024
4013,1,train,2024
4014,7,train,2024
4015,6,train,2024
4016,5,validation,2024
4017,0,train,2024
4018,9,train,2024
4019,1,train,2024
4020,3,validation,2024
4021,2,validation,2024
4022,0,train,2024
4023,6,train,2024
4024,4,train,2024
4025,4,train,2024
4026,3,train,2024
4027,2,validation,2024
4028,1,train,2024
4029,7,train,2024
4030,6,train,2024
4031,0,validation,2024
4032,9,train,2024
4033,8,train,2024
4034,4,train,2024
4035,8,train,2024
4036,6,train,2024
4037,9,train,2024
4038,0,train,2024
4039,8,train,2024
4040,3,train,2024
4041,4,train,2024
4042,5,train,2024
4043,8,train,2024
4044,5,validation,2024
4045,2,train,2024
4046,7,validation,2024
4047,8,train,2024
4048,7,train,2024
4049,2,validation,2024
4050,6,train,2024
4051,7,train,2024
4052,6,train,2024
4053,1,train,2024
4054,1,train,2024
4055,4,validation,2024
4056,0,train,2024
4057,3,train,2024
4058,7,validation,2024
4059,2,train,2024
4060,2,validation,2024
4061,2,validation,2024
4062,1,train,2024
4063,2,validation,2024
4064,2,train,2024
4065,4,train,2024
4066,9,train,2024
4067,5,train,2024
4068,2,train,2024
4069,3,train,2024
4070,8,train,2024
4071,6,train,2024
4072,7,train,2024
4073,6,train,2024
4074,2,train,2024
4075,9,train,2024
4076,9,train,2024
4077,3,train,2024
4078,1,train,2024
4079,4,train,2024
4080,8,train,2024
4081,1,train,2024
4082,6,train,2024
4083,4,train,2024
4084,0,validation,2024
4085,5,train,2024
4086,4,validation,2024
4087,8,train,2024
4088,6,train,2024
4089,4,validation,2024
4090,4,train,2024
4091,6,train,2024
4092,8,train,2024
4093,3,train,2024
4094,5,train,2024
4095,5,train,2024
4096,7,train,2024
4097,3,train,2024
4098,5,train,2024
4099,6,train,2024
4100,0,train,2024
4101,3,train,2024
4102,1,train,2024
4103,2,train,2024
4104,2,train,2024
4105,8,train,2024
4106,4,train,2024
4107,0,validation,2024
4108,0,train,2024
4109,0,train,2024
4110,5,validation,2024
4111,0,train,2024
4112,8,train,2024
4113,5,train,2024
4114,4,validation,2024
4115,2,train,2024
4116,6,train,2024
4117,7,validation,2024
4118,7,validation,2024
4119,3,train,2024
4120,8,validation,2024
4121,3,train,2024
4122,9,train,2024
4123,3,train,2024
4124,4,train,2024
4125,2,train,2024
4126,2,train,2024
4127,8,train,2024
4128,0,validation,2024
4129,3,train,2024
4130,5,train,2024
4131,6,validation,2024
4132,9,train,2024
4133,6,train,2024
4134,0,train,2024
4135,9,train,2024
4136,3,train,2024
4137,4,train,2024
4138,9,train,2024
4139,0,train,2024
4140,8,train,2024
4141,4,train,2024
4142,3,train,2024
4143,0,train,2024
4144,5,validation,2024
4145,5,train,2024
4146,2,train,2024
4147,4,train,2024
4148,5,train,2024
4149,9,train,2024
4150,7,train,2024
4151,4,validation,2024
4152,0,train,2024
4153,9,validation,2024
4154,1,train,2024
4155,8,validation,2024
4156,7,validation,2024
4157,1,train,2024
4158,1,train,2024
4159,5,validation,2024
4160,0,train,2024
4161,1,train,2024
4162,1,train,2024
4163,1,validation,2024
4164,5,train,2024
4165,9,train,2024
4166,7,validation,2024
4167,8,train,2024
4168,4,train,2024
4169,8,train,2024
4170,3,train,2024
4171,8,train,2024
4172,7,train,2024
4173,4,train,2024
4174,2,train,2024
4175,7,train,2024
4176,9,train,2024
4177,1,train,2024
4178,4,validation,2024
4179,6,validation,2024
4180,1,validation,2024
4181,4,validation,2024
4182,4,validation,2024
4183,3,train,2024
4184,1,validation,2024
4185,7,train,2024
4186,0,train,2024
4187,7,train,2024
4188,9,train,2024
4189,1,train,2024
4190,9,train,2024
4191,9,train,2024
4192,3,train,2024
4193,1,validation,2024
4194,1,train,2024
4195,1,train,2024
4196,3,train,2024
4197,9,train,2024
4198,6,train,2024
4199,1,validation,2024
4200,7,validation,2024
4201,3,train,2024
4202,5,train,2024
4203,3,train,2024
4204,3,train,2024
4205,3,train,2024
4206,9,train,2024
4207,7,train,2024
4208,5,train,2024
4209,6,validation,2024
4210,8,train,2024
4211,7,train,2024
4212,3,validation,2024
4213,3,validation,2024
4214,0,train,2024
4215,4,train,2024
4216,8,train,2024
4217,6,train,2024
4218,7,train,2024
4219,7,validation,2024
4220,1,train,2024
4221,9,validation,2024
4222,8,train,2024
4223,4,train,2024
4224,5,train,2024
4225,1,train,2024
4226,5,train,2024
4227,8,validation,2024
4228,3,train,2024
4229,6,train,2024
4230,5,train,2024
4231,9,train,2024
4232,4,train,2024
4233,4,train,2024
4234,6,train,2024
4235,9,train,2024
4236,2,train,2024
4237,3,train,2024
4238,4,train,2024
4239,7,train,2024
4240,6,train,2024
4241,2,train,2024
4242,5,train,2024
4243,2,train,2024
4244,5,train,2024
4245,0,train,2024
4246,5,train,2024
4247,1,train,2024
4248,6,validation,2024
4249,4,train,2024
4250,2,train,2024
4251,0,validation,2024
4252,9,train,2024
4253,6,train,2024
4254,4,train,2024
4255,3,train,2024
4256,2,validation,2024
4257,4,train,2024
4258,9,train,2024
4259,7,train,2024
4260,6,train,2024
4261,5,train,2024
4262,6,train,2024
4263,0,train,2024
4264,4,train,2024
4265,8,validation,2024
4266,1,train,2024
4267,0,train,2024
4268,5,validation,2024
4269,3,train,2024
4270,1,train,2024
4271,9,train,2024
4272,8,train,2024
4273,5,train,2024
4274,3,train,2024
4275,4,validation,2024
4276,9,train,2024
4277,0,train,2024
4278,3,train,2024
4279,9,train,2024
4280,4,train,2024
4281,0,train,2024
4282,1,train,2024
4283,5,train,2024
4284,3,train,2024
4285,7,train,2024
4286,6,train,2024
4287,2,train,2024
4288,1,train,2024
4289,9,train,2024
4290,3,train,2024
4291,7,train,2024
4292,3,train,2024
4293,9,train,2024
4294,0,train,2024
4295,1,train,2024
4296,5,train,2024
4297,5,train,2024
4298,7,train,2024
4299,8,train,2024
4300,8,train,2024
4301,5,validation,2024
4302,1,train,2024
4303,0,validation,2024
4304,7,train,2024
4305,8,train,2024
4306,0,train,2024
4307,1,train,2024
4308,9,train,2024
4309,2,train,2024
4310,1,train,2024
4311,6,train,2024
4312,1,train,2024
4313,3,train,2024
4314,5,train,2024
4315,2,train,2024
4316,9,train,2024
4317,1,train,2024
4318,5,train,2024
4319,9,train,2024
4320,1,train,2024
4321,0,train,2024
4322,1,train,2024
4323,2,train,2024
4324,6,train,2024
4325,0,train,2024
4326,9,train,2024
4327,1,train,2024
4328,6,train,2024
4329,7,train,2024
4330,0,train,2024
4331,4,train,2024
4332,0,validation,2024
4333,8,validation,2024
4334,6,train,2024
4335,6,train,2024
4336,1,train,2024
4337,4,train,2024
4338,8,train,2024
4339,3,train,2024
4340,4,train,2024
4341,0,train,2024
4342,9,train,2024
4343,9,train,2024
4344,3,train,2024
4345,2,train,2024
4346,2,train,2024
4347,1,train,2024
4348,6,train,2024
4349,6,validation,2024
4350,3,validation,2024
4351,3,train,2024
4352,9,train,2024
4353,5,validation,2024
4354,1,train,2024
4355,4,train,2024
4356,6,train,2024
4357,8,train,2024
4358,7,train,2024
4359,5,train,2024
4360,5,train,2024
4361,2,train,2024
4362,6,train,2024
4363,0,train,2024
4364,3,train,2024
4365,7,train,2024
4366,8,train,2024
4367,4,validation,2024
4368,9,train,2024
4369,3,train,2024
4370,5,train,2024
4371,0,train,2024
4372,9,train,2024
4373,5,train,2024
4374,6,train,2024
4375,2,train,2024
4376,3,validation,2024
4377,8,train,2024
4378,1,validation,2024
4379,3,train,2024
4380,0,train,2024
4381,0,train,2024
4382,8,train,2024
4383,9,train,2024
4384,4,train,2024
4385,8,train,2024
4386,7,validation,2024
4387,3,train,2024
4388,4,train,2024
4389,3,train,2024
4390,9,train,2024
4391,4,validation,2024
4392,4,train,2024
4393,3,train,2024
4394,2,validation,2024
4395,1,validation,2024
4396,1,train,2024
4397,6,train,2024
4398,6,train,2024
4399,3,train,2024
4400,0,train,2024
4401,3,validation,2024
4402,0,train,2024
4403,7,train,2024
4404,5,train,2024
4405,7,train,2024
4406,4,validation,2024
4407,1,train,2024
4408,5,train,2024
4409,2,train,2024
4410,5,train,2024
4411,8,train,2024
4412,5,train,2024
4413,2,train,2024
4414,6,train,2024
4415,1,validation,2024
4416,1,train,2024
4417,8,validation,2024
4418,5,train,2024
4419,6,train,2024
4420,6,train,2024
4421,6,validation,2024
4422,4,validation,2024
4423,0,train,2024
4424,2,train,2024
4425,3,validation,2024
4426,5,train,2024
4427,9,train,2024
4428,7,train,2024
4429,3,train,2024
4430,2,train,2024
4431,8,train,2024
4432,0,validation,2024
4433,7,train,2024
4434,2,train,2024
4435,0,train,2024
4436,1,train,2024
4437,4,train,2024
4438,0,train,2024
4439,7,train,2024
4440,1,train,2024
4441,9,train,2024
4442,5,validation,2024
4443,2,train,2024
4444,8,train,2024
4445,1,train,2024
4446,1,validation,2024
4447,0,train,2024
4448,8,train,2024
4449,0,train,2024
4450,0,train,2024
4451,4,train,2024
4452,9,train,2024
4453,7,train,2024
4454,9,train,2024
4455,9,train,2024
4456,6,train,2024
4457,1,train,2024
4458,0,train,2024
4459,2,train,2024
4460,3,train,2024
4461,2,validation,2024
4462,2,train,2024
4463,9,train,2024
4464,2,train,2024
4465,5,validation,2024
4466,1,validation,2024
4467,7,train,2024
4468,3,train,2024
4469,0,train,2024
4470,4,train,2024
4471,5,validation,2024
4472,8,validation,2024
4473,4,train,2024
4474,0,train,2024
4475,8,train,2024
4476,0,train,2024
4477,7,train,2024
4478,1,validation,2024
4479,9,train,2024
4480,1,train,2024
4481,9,train,2024
4482,5,train,2024
4483,8,train,2024
4484,2,validation,2024
4485,2,train,2024
4486,1,train,2024
4487,4,train,2024
4488,5,train,2024
4489,5,train,2024
4490,6,train,2024
4491,2,train,2024
4492,4,train,2024
4493,7,train,2024
4494,0,train,2024
4495,2,train,2024
4496,7,train,2024
4497,2,train,2024
4498,2,train,2024
4499,3,validation,2024
4500,0,train,2024
4501,4,validation,2024
4502,2,train,2024
4503,9,train,2024
4504,9,validation,2024
4505,9,train,2024
4506,4,train,2024
4507,3,train,2024
4508,3,train,2024
4509,4,train,2024
4510,5,validation,2024
4511,3,train,2024
4512,6,validation,2024
4513,1,train,2024
4514,1,validation,2024
4515,3,validation,2024
4516,1,validation,2024
4517,9,validation,2024
4518,1,validation,2024
4519,9,train,2024
4520,9,train,2024
4521,8,train,2024
4522,9,train,2024
4523,5,train,2024
4524,1,train,2024
4525,8,train,2024
4526,3,train,2024
4527,4,train,2024
4528,5,train,2024
4529,8,validation,2024
4530,1,train,2024
4531,9,train,2024
4532,6,train,2024
4533,9,validation,2024
4534,7,train,2024
4535,6,train,2024
4536,5,train,2024
4537,8,train,2024
4538,2,train,2024
4539,2,train,2024
4540,2,validation,2024
4541,9,train,2024
4542,0,train,2024
4543,7,train,2024
4544,5,train,2024
4545,2,validation,2024
4546,9,train,2024
4547,4,train,2024
4548,7,train,2024
4549,4,train,2024
4550,4,train,2024
4551,5,train,2024
4552,1,train,2024
4553,5,train,2024
4554,6,train,2024
4555,3,validation,2024
4556,2,train,2024
4557,5,train,2024
4558,0,validation,2024
4559,1,train,2024
4560,8,train,2024
4561,3,train,2024
4562,5,validation,2024
4563,9,train,2024
4564,3,train,2024
4565,2,train,2024
4566,9,train,2024
4567,1,train,2024
4568,1,train,2024
4569,6,validation,2024
4570,7,train,2024
4571,2,train,2024
4572,6,train,2024
4573,7,train,2024
4574,5,train,2024
4575,0,train,2024
4576,8,validation,2024
4577,1,train,2024
4578,3,validation,2024
4579,7,train,2024
4580,2,train,2024
4581,9,train,2024
4582,7,train,2024
4583,2,validation,2024
4584,0,validation,2024
4585,1,train,2024
4586,6,validation,2024
4587,6,train,2024
4588,2,validation,2024
4589,2,train,2024
4590,5,train,2024
4591,9,train,2024
4592,3,train,2024
4593,0,train,2024
4594,9,validation,2024
4595,7,train,2024
4596,3,validation,2024
4597,5,train,2024
4598,4,train,2024
4599,3,train,2024
4600,3,train,2024
4601,8,train,2024
4602,3,train,2024
4603,0,train,2024
4604,1,train,2024
4605,2,validation,2024
4606,9,train,2024
4607,5,train,2024
4608,3,train,2024
4609,7,validation,2024
4610,1,validation,2024
4611,0,train,2024
4612,9,train,2024
4613,2,train,2024
4614,4,train,2024
4615,8,train,2024
4616,8,train,2024
4617,8,train,2024
4618,6,train,2024
4619,4,train,2024
4620,2,train,2024
4621,8,train,2024
4622,5,train,2024
4623,0,validation,2024
4624,9,train,2024
4625,9,train,2024
4626,4,train,2024
4627,8,train,2024
4628,5,validation,2024
4629,2,validation,2024
4630,1,train,2024
4631,4,train,2024
4632,3,train,2024
4633,2,train,2024
4634,8,train,2024
4635,3,train,2024
4636,8,train,2024
4637,9,train,2024
4638,8,train,2024
4639,0,train,2024
4640,7,train,2024
4641,7,train,2024
4642,0,train,2024
4643,7,train,2024
4644,1,train,2024
4645,8,train,2024
4646,8,train,2024
4647,8,train,2024
4648,5,train,2024
4649,8,train,2024
4650,0,train,2024
4651,2,train,2024
4652,9,train,2024
4653,8,train,2024
4654,8,train,2024
4655,3,train,2024
4656,1,train,2024
4657,8,train,2024
4658,1,train,2024
4659,5,validation,2024
4660,3,train,2024
4661,4,train,2024
4662,4,validation,2024
4663,9,train,2024
4664,1,train,2024
4665,4,validation,2024
4666,9,train,2024
4667,3,train,2024
4668,4,train,2024
4669,3,validation,2024
4670,6,train,2024
4671,0,train,2024
4672,4,train,2024
4673,6,train,2024
4674,8,train,2024
4675,2,train,2024
4676,1,train,2024
4677,6,train,2024
4678,1,train,2024
4679,4,validation,2024
4680,7,validation,2024
4681,2,validation,2024
4682,2,validation,2024
4683,9,train,2024
4684,9,train,2024
4685,7,train,2024
4686,0,train,2024
4687,1,train,2024
4688,0,train,2024
4689,9,train,2024
4690,2,validation,2024
4691,9,validation,2024
4692,2,validation,2024
4693,8,train,2024
4694,6,train,2024
4695,6,train,2024
4696,5,train,2024
4697,6,train,2024
4698,1,train,2024
4699,6,train,2024
4700,9,validation,2024
4701,4,train,2024
4702,1,train,2024
4703,9,validation,2024
4704,3,train,2024
4705,2,train,2024
4706,9,train,2024
4707,4,train,2024
4708,8,train,2024
4709,9,train,2024
4710,2,validation,2024
4711,4,train,2024
4712,9,train,2024
4713,6,validation,2024
4714,7,train,2024
4715,6,validation,2024
4716,3,validation,2024
4717,9,train,2024
4718,2,train,2024
4719,6,validation,2024
4720,0,train,2024
4721,1,train,2024
4722,3,train,2024
4723,8,train,2024
4724,4,train,2024
4725,1,train,2024
4726,0,train,2024
4727,0,train,2024
4728,3,validation,2024
4729,7,validation,2024
4730,7,train,2024
4731,3,train,2024
4732,9,train,2024
4733,6,train,2024
4734,5,validation,2024
4735,3,train,2024
4736,9,train,2024
4737,6,validation,2024
4738,9,train,2024
4739,0,train,2024
4740,3,train,2024
4741,7,train,2024
4742,8,train,2024
4743,0,train,2024
4744,6,train,2024
4745,3,train,2024
4746,2,train,2024
4747,3,train,2024
4748,0,train,2024
4749,5,validation,2024
4750,8,train,2024
4751,3,train,2024
4752,9,validation,2024
4753,8,validation,2024
4754,3,validation,2024
4755,3,validation,2024
4756,6,validation,2024
4757,8,train,2024
4758,7,train,2024
4759,8,train,2024
4760,9,train,2024
4761,6,train,2024
4762,0,train,2024
4763,6,train,2024
4764,5,train,2024
4765,6,train,2024
4766,6,validation,2024
4767,0,train,2024
4768,1,train,2024
4769,3,train,2024
4770,4,train,2024
4771,6,train,2024
4772,1,train,2024
4773,3,train,2024
4774,0,validation,2024
4775,2,validation,2024
4776,1,train,2024
4777,2,train,2024
4778,4,train,2024
4779,4,train,2024
4780,0,train,2024
4781,1,validation,2024
4782,0,train,2024
4783,7,train,2024
4784,8,train,2024
4785,7,train,2024
4786,3,train,2024
4787,0,train,2024
4788,9,train,2024
4789,7,validation,2024
4790,8,train,2024
4791,8,train,2024
4792,3,train,2024
4793,6,train,2024
4794,6,train,2024
4795,3,validation,2024
4796,9,validation,2024
4797,3,train,2024
4798,5,train,2024
4799,4,train,2024
4800,2,train,2024
4801,5,train,2024
4802,0,train,2024
4803,7,validation,2024
4804,7,validation,2024
4805,8,train,2024
4806,9,train,2024
4807,4,train,2024
4808,3,train,2024
4809,5,train,2024
4810,8,train,2024
4811,7,train,2024
4812,7,train,2024
4813,2,train,2024
4814,9,train,2024
4815,8,train,2024
4816,0,train,2024
4817,3,train,2024
4818,0,train,2024
4819,0,train,2024
4820,2,validation,2024
4821,5,validation,2024
4822,6,validation,2024
4823,3,train,2024
4824,4,train,2024
4825,3,train,2024
4826,4,validation,2024
4827,3,train,2024
4828,0,train,2024
4829,8,train,2024
4830,8,validation,2024
4831,5,train,2024
4832,1,validation,2024
4833,4,train,2024
4834,4,validation,2024
4835,9,train,2024
4836,1,train,2024
4837,4,train,2024
4838,3,validation,2024
4839,5,validation,2024
4840,7,train,2024
4841,2,validation,2024
4842,7,train,2024
4843,3,train,2024
4844,0,train,2024
4845,2,train,2024
4846,6,validation,2024
4847,7,validation,2024
4848,6,train,2024
4849,3,validation,2024
4850,0,train,2024
4851,6,train,2024
4852,6,train,2024
4853,4,train,2024
4854,0,train,2024
4855,2,train,2024
4856,2,train,2024
4857,1,train,2024
4858,2,validation,2024
4859,2,train,2024
4860,2,train,2024
4861,7,train,2024
4862,3,train,2024
4863,5,train,2024
4864,0,train,2024
4865,1,train,2024
4866,6,train,2024
4867,7,train,2024
4868,6,train,2024
4869,6,validation,2024
4870,0,train,2024
4871,4,validation,2024
4872,8,validation,2024
4873,4,train,2024
4874,6,train,2024
4875,7,validation,2024
4876,9,validation,2024
4877,1,train,2024
4878,4,validation,2024
4879,7,train,2024
4880,7,train,2024
4881,9,train,2024
4882,2,train,2024
4883,8,validation,2024
4884,9,train,2024
4885,3,train,2024
4886,5,train,2024
4887,4,train,2024
4888,9,train,2024
4889,7,train,2024
4890,5,train,2024
4891,0,train,2024
4892,8,validation,2024
4893,6,train,2024
4894,4,train,2024
4895,2,train,2024
4896,6,train,2024
4897,8,train,2024
4898,8,train,2024
4899,9,train,2024
4900,3,train,2024
4901,7,validation,2024
4902,7,train,2024
4903,3,train,2024
4904,8,train,2024
4905,7,train,2024
4906,8,train,2024
4907,0,validation,2024
4908,7,train,2024
4909,8,train,2024
4910,7,train,2024
4911,3,train,2024
4912,6,train,2024
4913,7,validation,2024
4914,4,validation,2024
4915,9,train,2024
4916,3,train,2024
4917,0,train,2024
4918,3,train,2024
4919,4,train,2024
4920,2,train,2024
4921,4,train,2024
4922,7,train,2024
4923,4,train,2024
4924,7,train,2024
4925,1,train,2024
4926,6,train,2024
4927,8,train,2024
4928,8,train,2024
4929,1,validation,2024
4930,0,train,2024
4931,8,train,2024
4932,5,train,2024
4933,0,train,2024
4934,5,train,2024
4935,8,train,2024
4936,3,train,2024
4937,3,validation,2024
4938,8,validation,2024
4939,8,train,2024
4940,3,train,2024
4941,8,train,2024
4942,9,train,2024
4943,5,train,2024
4944,3,train,2024
4945,4,validation,2024
4946,8,train,2024
4947,6,train,2024
4948,4,train,2024
4949,7,train,2024
4950,2,train,2024
4951,8,train,2024
4952,7,validation,2024
4953,7,validation,2024
4954,0,train,2024
4955,8,train,2024
4956,5,train,2024
4957,8,train,2024
4958,8,validation,2024
4959,9,train,2024
4960,7,train,2024
4961,3,train,2024
4962,9,validation,2024
4963,4,train,2024
4964,8,train,2024
4965,5,train,2024
4966,5,train,2024
4967,1,train,2024
4968,9,train,2024
4969,9,train,2024
4970,2,train,2024
4971,9,validation,2024
4972,2,train,2024
4973,7,train,2024
4974,5,train,2024
4975,8,train,2024
4976,8,validation,2024
4977,0,train,2024
4978,2,train,2024
4979,8,train,2024
4980,6,train,2024
4981,6,validation,2024
4982,7,train,2024
4983,0,train,2024
4984,5,train,2024
4985,9,train,2024
4986,4,validation,2024
4987,8,validation,2024
4988,1,train,2024
4989,3,validation,2024
4990,2,validation,2024
4991,3,train,2024
4992,6,train,2024
4993,6,train,2024
4994,0,train,2024
4995,6,train,2024
4996,3,train,2024
4997,1,train,2024
4998,4,train,2024
4999,9,train,2024
5000,0,train,2024
5001,1,train,2024
5002,0,train,2024
5003,0,train,2024
5004,4,train,2024
5005,3,train,2024
5006,4,validation,2024
5007,8,validation,2024
5008,1,train,2024
5009,5,validation,2024
5010,0,validation,2024
5011,9,validation,2024
5012,2,validation,2024
5013,5,train,2024
5014,9,validation,2024
5015,0,validation,2024
5016,7,train,2024
5017,2,validation,2024
5018,0,validation,2024
5019,3,train,2024
5020,4,train,2024
5021,3,train,2024
5022,5,train,2024
5023,1,train,2024
5024,3,train,2024
5025,4,train,2024
5026,9,train,2024
5027,2,train,2024
5028,7,train,2024
5029,3,validation,2024
5030,1,train,2024
5031,4,train,2024
5032,3,train,2024
5033,7,validation,2024
5034,3,train,2024
5035,3,validation,2024
5036,4,train,2024
5037,6,train,2024
5038,6,train,2024
5039,7,train,2024
5040,1,train,2024
5041,5,train,2024
5042,3,validation,2024
5043,3,train,2024
5044,4,train,2024
5045,7,train,2024
5046,4,train,2024
5047,0,train,2024
5048,6,validation,2024
5049,3,train,2024
5050,6,train,2024
5051,6,train,2024
5052,0,train,2024
5053,0,train,2024
5054,3,train,2024
5055,9,train,2024
5056,6,train,2024
5057,7,train,2024
5058,2,train,2024
5059,6,train,2024
5060,0,train,2024
5061,2,train,2024
5062,5,train,2024
5063,0,train,2024
5064,7,train,2024
5065,8,train,2024
5066,4,train,2024
5067,1,validation,2024
5068,3,train,2024
5069,0,train,2024
5070,8,train,2024
5071,6,train,2024
5072,7,train,2024
5073,6,train,2024
5074,6,train,2024
5075,9,train,2024
5076,3,train,2024
5077,0,train,2024
5078,5,train,2024
5079,6,train,2024
5080,0,train,2024
5081,8,train,2024
5082,8,train,2024
5083,9,train,2024
5084,7,train,2024
5085,7,train,2024
5086,3,train,2024
5087,8,train,2024
5088,6,train,2024
5089,9,train,2024
5090,8,train,2024
5091,6,train,2024
5092,6,train,2024
5093,3,train,2024
5094,2,validation,2024
5095,6,train,2024
5096,3,validation,2024
5097,2,train,2024
5098,9,train,2024
5099,0,train,2024
5100,6,train,2024
5101,9,train,2024
5102,7,train,2024
5103,4,validation,2024
5104,8,train,2024
5105,1,validation,2024
5106,4,train,2024
5107,4,validation,2024
5108,9,train,2024
5109,8,validation,2024
5110,7,validation,2024
5111,4,train,2024
5112,3,train,2024
5113,6,train,2024
5114,0,train,2024
5115,2,train,2024
5116,3,train,2024
5117,6,validation,2024
5118,8,train,2024
5119,7,train,2024
5120,2,train,2024
5121,9,train,2024
5122,5,train,2024
5123,5,validation,2024
5124,5,validation,2024
5125,5,validation,2024
5126,4,validation,2024
5127,4,validation,2024
5128,3,train,2024
5129,0,train,2024
5130,8,train,2024
5131,2,train,2024
5132,9,train,2024
5133,7,train,2024
5134,6,train,2024
5135,4,train,2024
5136,0,train,2024
5137,7,train,2024
5138,5,train,2024
5139,3,validation,2024
5140,2,validation,2024
5141,5,train,2024
5142,0,train,2024
5143,5,train,2024
5144,0,train,2024
5145,4,train,2024
5146,2,train,2024
5147,9,train,2024
5148,5,train,2024
5149,7,train,2024
5150,5,train,2024
5151,5,validation,2024
5152,8,train,2024
5153,3,train,2024
5154,7,train,2024
5155,6,train,2024
5156,5,validation,2024
5157,3,train,2024
5158,1,train,2024
5159,8,train,2024
5160,9,train,2024
5161,2,train,2024
5162,8,train,2024
5163,0,validation,2024
5164,8,train,2024
5165,8,train,2024
5166,1,train,2024
5167,5,validation,2024
5168,4,train,2024
5169,5,train,2024
5170,5,train,2024
5171,4,train,2024
5172,4,train,2024
5173,8,train,2024
5174,3,train,2024
5175,9,validation,2024
5176,6,train,2024
5177,3,train,2024
5178,0,train,2024
5179,3,validation,2024
5180,8,train,2024
5181,6,train,2024
5182,1,train,2024
5183,6,train,2024
5184,2,train,2024
5185,3,validation,2024
5186,4,train,2024
5187,4,train,2024
5188,4,train,2024
5189,2,train,2024
5190,2,train,2024
5191,8,validation,2024
5192,2,train,2024
5193,2,validation,2024
5194,1,validation,2024
5195,0,validation,2024
5196,8,train,2024
5197,6,train,2024
5198,3,validation,2024
5199,4,train,2024
5200,8,train,2024
5201,2,validation,2024
5202,3,train,2024
5203,1,train,2024
5204,1,train,2024
5205,6,train,2024
5206,2,train,2024
5207,9,train,2024
5208,9,train,2024
5209,3,train,2024
5210,6,train,2024
5211,3,train,2024
5212,3,train,2024
5213,0,train,2024
5214,6,train,2024
5215,5,train,2024
5216,0,train,2024
5217,0,train,2024
5218,9,validation,2024
5219,7,train,2024
5220,0,train,2024
5221,9,train,2024
5222,1,validation,2024
5223,9,train,2024
5224,8,train,2024
5225,9,train,2024
5226,9,train,2024
5227,0,train,2024
5228,2,validation,2024
5229,9,train,2024
5230,0,train,2024
5231,9,train,2024
5232,6,train,2024
5233,3,train,2024
5234,1,train,2024
5235,3,train,2024
5236,0,validation,2024
5237,0,train,2024
5238,7,train,2024
5239,1,train,2024
5240,7,validation,2024
5241,3,train,2024
5242,6,validation,2024
5243,9,train,2024
5244,2,train,2024
5245,7,train,2024
5246,3,train,2024
5247,0,validation,2024
5248,2,train,2024
5249,8,validation,2024
5250,2,train,2024
5251,7,validation,2024
5252,1,train,2024
5253,1,train,2024
5254,7,validation,2024
5255,1,validation,2024
5256,2,train,2024
5257,1,train,2024
5258,9,validation,2024
5259,3,train,2024
5260,5,train,2024
5261,4,train,2024
5262,8,train,2024
5263,9,train,2024
5264,8,validation,2024
5265,3,train,2024
5266,2,train,2024
5267,9,train,2024
5268,7,train,2024
5269,7,train,2024
5270,2,train,2024
5271,4,train,2024
5272,9,train,2024
5273,9,train,2024
5274,6,train,2024
5275,4,train,2024
5276,1,train,2024
5277,6,train,2024
5278,7,train,2024
5279,2,validation,2024
5280,7,train,2024
5281,9,train,2024
5282,7,train,2024
5283,9,train,2024
5284,8,train,2024
5285,6,train,2024
5286,0,train,2024
5287,7,train,2024
5288,0,train,2024
5289,2,train,2024
5290,8,train,2024
5291,6,train,2024
5292,3,train,2024
5293,5,train,2024
5294,1,train,2024
5295,3,train,2024
5296,5,train,2024
5297,4,train,2024
5298,6,validation,2024
5299,8,train,2024
5300,7,train,2024
5301,3,train,2024
5302,0,train,2024
5303,9,train,2024
5304,4,train,2024
5305,8,train,2024
5306,7,train,2024
5307,5,validation,2024
5308,8,train,2024
5309,8,train,2024
5310,8,validation,2024
5311,3,validation,2024
5312,6,train,2024
5313,2,train,2024
5314,6,train,2024
5315,9,train,2024
5316,4,train,2024
5317,3,validation,2024
5318,6,train,2024
5319,1,validation,2024
5320,9,train,2024
5321,0,validation,2024
5322,6,train,2024
5323,2,train,2024
5324,4,train,2024
5325,3,train,2024
5326,3,train,2024
5327,9,train,2024
5328,1,train,2024
5329,6,validation,2024
5330,7,train,2024
5331,6,train,2024
5332,1,train,2024
5333,6,train,2024
5334,8,train,2024
5335,8,train,2024
5336,5,train,2024
5337,9,train,2024
5338,6,train,2024
5339,7,train,2024
5340,1,train,2024
5341,2,train,2024
5342,5,train,2024
5343,0,validation,2024
5344,0,train,2024
5345,0,train,2024
5346,6,train,2024
5347,7,train,2024
5348,6,train,2024
5349,0,train,2024
5350,4,train,2024
5351,6,validation,2024
5352,3,train,2024
5353,3,train,2024
5354,0,validation,2024
5355,9,train,2024
5356,4,train,2024
5357,5,train,2024
5358,8,train,2024
5359,6,train,2024
5360,4,train,2024
5361,4,train,2024
5362,6,train,2024
5363,8,train,2024
5364,0,train,2024
5365,8,train,2024
5366,0,train,2024
5367,7,train,2024
5368,9,train,2024
5369,0,train,2024
5370,8,train,2024
5371,6,train,2024
5372,7,train,2024
5373,7,train,2024
5374,3,validation,2024
5375,7,validation,2024
5376,9,train,2024
5377,8,train,2024
5378,7,validation,2024
5379,6,train,2024
5380,5,validation,2024
5381,9,train,2024
5382,6,train,2024
5383,2,train,2024
5384,7,train,2024
5385,4,train,2024
5386,1,train,2024
5387,0,train,2024
5388,7,train,2024
5389,5,train,2024
5390,1,train,2024
5391,5,validation,2024
5392,9,train,2024
5393,7,train,2024
5394,2,validation,2024
5395,1,train,2024
5396,9,train,2024
5397,8,train,2024
5398,1,validation,2024
5399,9,train,2024
5400,5,train,2024
5401,8,train,2024
5402,2,train,2024
5403,6,train,2024
5404,1,train,2024
5405,8,train,2024
5406,0,validation,2024
5407,4,train,2024
5408,7,train,2024
5409,9,train,2024
5410,5,train,2024
5411,4,train,2024
5412,5,train,2024
5413,2,validation,2024
5414,6,train,2024
5415,5,train,2024
5416,8,train,2024
5417,5,validation,2024
5418,8,train,2024
5419,2,train,2024
5420,1,validation,2024
5421,1,train,2024
5422,6,train,2024
5423,5,validation,2024
5424,5,train,2024
5425,8,train,2024
5426,9,train,2024
5427,1,train,2024
5428,5,train,2024
5429,2,train,2024
5430,1,train,2024
5431,9,validation,2024
5432,2,train,2024
5433,4,train,2024
5434,9,train,2024
5435,5,train,2024
5436,6,train,2024
5437,0,train,2024
5438,3,train,2024
5439,2,train,2024
5440,4,train,2024
5441,6,train,2024
5442,8,train,2024
5443,7,train,2024
5444,9,train,2024
5445,5,train,2024
5446,1,validation,2024
5447,4,train,2024
5448,2,train,2024
5449,2,train,2024
5450,5,train,2024
5451,7,train,2024
5452,1,validation,2024
5453,9,validation,2024
5454,7,train,2024
5455,2,validation,2024
5456,4,validation,2024
5457,8,train,2024
5458,4,validation,2024
5459,8,train,2024
5460,1,train,2024
5461,0,train,2024
5462,9,train,2024
5463,2,train,2024
5464,7,train,2024
5465,6,train,2024
5466,6,train,2024
5467,9,train,2024
5468,5,train,2024
5469,2,train,2024
5470,0,train,2024
5471,9,validation,2024
5472,7,train,2024
5473,6,validation,2024
5474,7,train,2024
5475,0,train,2024
5476,9,train,2024
5477,6,train,2024
5478,0,train,2024
5479,8,train,2024
5480,0,validation,2024
5481,1,train,2024
5482,0,train,2024
5483,3,train,2024
5484,5,train,2024
5485,9,train,2024
5486,3,train,2024
5487,5,train,2024
5488,5,train,2024
5489,1,validation,2024
5490,7,train,2024
5491,2,train,2024
5492,8,validation,2024
5493,9,train,2024
5494,3,train,2024
5495,7,train,2024
5496,4,train,2024
5497,9,train,2024
5498,2,train,2024
5499,8,train,2024
5500,7,train,2024
5501,7,train,2024
5502,5,validation,2024
5503,6,train,2024
5504,7,validation,2024
5505,3,train,2024
5506,8,train,2024
5507,5,train,2024
5508,1,train,2024
5509,6,train,2024
5510,6,train,2024
5511,6,train,2024
5512,1,train,2024
5513,6,train,2024
5514,5,train,2024
5515,9,train,2024
5516,8,validation,2024
5517,5,train,2024
5518,1,train,2024
5519,5,validation,2024
5520,8,validation,2024
5521,0,train,2024
5522,2,validation,2024
5523,4,train,2024
5524,6,validation,2024
5525,1,train,2024
5526,4,train,2024
5527,1,train,2024
5528,4,validation,2024
5529,5,train,2024
5530,9,validation,2024
5531,5,train,2024
5532,4,train,2024
5533,0,train,2024
5534,0,train,2024
5535,0,train,2024
5536,1,validation,2024
5537,8,train,2024
5538,1,train,2024
5539,8,train,2024
5540,3,validation,2024
5541,1,train,2024
5542,5,train,2024
5543,8,train,2024
5544,3,train,2024
5545,0,validation,2024
5546,1,train,2024
5547,3,train,2024
5548,5,train,2024
5549,8,train,2024
5550,3,train,2024
5551,3,train,2024
5552,0,train,2024
5553,2,train,2024
5554,2,train,2024
5555,9,validation,2024
5556,9,train,2024
5557,1,validation,2024
5558,8,train,2024
5559,5,validation,2024
5560,4,train,2024
5561,6,train,2024
5562,1,train,2024
5563,2,validation,2024
5564,4,train,2024
5565,6,validation,2024
5566,9,train,2024
5567,5,train,2024
5568,8,train,2024
5569,9,train,2024
5570,2,train,2024
5571,8,train,2024
5572,6,validation,2024
5573,8,train,2024
5574,1,train,2024
5575,0,train,2024
5576,7,train,2024
5577,0,train,2024
5578,3,train,2024
5579,8,train,2024
5580,5,train,2024
5581,9,train,2024
5582,8,train,2024
5583,5,train,2024
5584,0,validation,2024
5585,9,validation,2024
5586,6,train,2024
5587,6,validation,2024
5588,0,train,2024
5589,3,validation,2024
5590,2,train,2024
5591,2,validation,2024
5592,9,validation,2024
5593,7,validation,2024
5594,6,train,2024
5595,0,train,2024
5596,5,train,2024
5597,5,train,2024
5598,1,train,2024
5599,9,train,2024
5600,1,train,2024
5601,8,validation,2024
5602,9,validation,2024
5603,4,validation,2024
5604,5,validation,2024
5605,3,validation,2024
5606,2,train,2024
5607,8,validation,2024
5608,9,train,2024
5609,1,train,2024
5610,0,train,2024
5611,2,validation,2024
5612,5,train,2024
5613,0,train,2024
5614,8,train,2024
5615,1,train,2024
5616,9,train,2024
5617,8,train,2024
5618,7,train,2024
5619,0,validation,2024
5620,4,train,2024
5621,5,validation,2024
5622,9,train,2024
5623,1,train,2024
5624,8,train,2024
5625,3,train,2024
5626,7,train,2024
5627,2,train,2024
5628,8,train,2024
5629,5,validation,2024
5630,1,train,2024
5631,2,train,2024
5632,6,train,2024
5633,1,train,2024
5634,2,train,2024
5635,9,train,2024
5636,0,validation,2024
5637,0,validation,2024
5638,6,train,2024
5639,8,train,2024
5640,7,train,2024
5641,6,validation,2024
5642,0,train,2024
5643,2,train,2024
5644,2,validation,2024
5645,5,train,2024
5646,2,train,2024
5647,4,train,2024
5648,5,train,2024
5649,9,train,2024
5650,3,train,2024
5651,1,train,2024
5652,2,train,2024
5653,0,validation,2024
5654,9,validation,2024
5655,0,validation,2024
5656,4,train,2024
5657,2,train,2024
5658,9,train,2024
5659,0,train,2024
5660,5,validation,2024
5661,8,train,2024
5662,2,train,2024
5663,4,train,2024
5664,8,train,2024
5665,4,train,2024
5666,7,train,2024
5667,3,train,2024
5668,7,validation,2024
5669,5,train,2024
5670,6,validation,2024
5671,6,validation,2024
5672,6,train,2024
5673,8,train,2024
5674,1,train,2024
5675,3,train,2024
5676,4,train,2024
5677,8,train,2024
5678,3,validation,2024
5679,6,train,2024
5680,1,train,2024
5681,6,train,2024
5682,9,validation,2024
5683,7,train,2024
5684,4,train,2024
5685,6,train,2024
5686,8,train,2024
5687,4,train,2024
5688,5,train,2024
5689,2,train,2024
5690,7,train,2024
5691,3,train,2024
5692,7,train,2024
5693,6,train,2024
5694,6,train,2024
5695,7,train,2024
5696,0,train,2024
5697,5,train,2024
5698,7,train,2024
5699,7,train,2024
5700,0,train,2024
5701,1,train,2024
5702,5,train,2024
5703,1,validation,2024
5704,1,train,2024
5705,0,train,2024
5706,2,train,2024
5707,9,train,2024
5708,6,train,2024
5709,9,train,2024
5710,4,train,2024
5711,3,train,2024
5712,1,train,2024
5713,7,train,2024
5714,1,train,2024
5715,0,train,2024
5716,6,train,2024
5717,3,train,2024
5718,4,train,2024
5719,7,train,2024
5720,4,train,2024
5721,2,validation,2024
5722,0,train,2024
5723,4,validation,2024
5724,2,train,2024
5725,8,validation,2024
5726,0,validation,2024
5727,4,validation,2024
5728,8,validation,2024
5729,5,train,2024
5730,0,train,2024
5731,9,train,2024
5732,7,train,2024
5733,8,train,2024
5734,5,train,2024
5735,7,train,2024
5736,7,train,2024
5737,9,train,2024
5738,8,validation,2024
5739,9,train,2024
5740,7,validation,2024
5741,9,train,2024
5742,4,train,2024
5743,5,train,2024
5744,6,train,2024
5745,8,train,2024
5746,8,validation,2024
5747,1,train,2024
5748,5,train,2024
5749,4,train,2024
5750,0,train,2024
5751,2,train,2024
5752,4,train,2024
5753,5,validation,2024
5754,8,train,2024
5755,3,validation,2024
5756,6,train,2024
5757,2,train,2024
5758,9,validation,2024
5759,2,train,2024
5760,8,train,2024
5761,1,validation,2024
5762,2,train,2024
5763,8,train,2024
5764,8,train,2024
5765,9,train,2024
5766,7,train,2024
5767,1,train,2024
5768,6,train,2024
5769,8,train,2024
5770,8,train,2024
5771,6,train,2024
5772,7,train,2024
5773,5,validation,2024
5774,4,train,2024
5775,5,train,2024
5776,5,train,2024
5777,1,train,2024
5778,5,train,2024
5779,9,train,2024
5780,4,train,2024
5781,6,validation,2024
5782,0,train,2024
5783,0,train,2024
5784,0,train,2024
5785,1,validation,2024
5786,7,train,2024
5787,2,train,2024
5788,2,validation,2024
5789,3,train,2024
5790,1,train,2024
5791,3,train,2024
5792,3,train,2024
5793,8,train,2024
5794,5,train,2024
5795,7,train,2024
5796,0,train,2024
5797,4,train,2024
5798,7,validation,2024
5799,7,train,2024
5800,0,train,2024
5801,1,train,2024
5802,5,train,2024
5803,2,validation,2024
5804,4,train,2024
5805,5,validation,2024
5806,4,train,2024
5807,0,train,2024
5808,1,train,2024
5809,8,train,2024
5810,6,train,2024
5811,1,train,2024
5812,7,train,2024
5813,0,train,2024
5814,1,validation,2024
5815,7,train,2024
5816,2,train,2024
5817,1,train,2024
5818,0,train,2024
5819,1,train,2024
5820,9,validation,2024
5821,3,train,2024
5822,0,train,2024
5823,9,train,2024
5824,0,train,2024
5825,5,train,2024
5826,7,validation,2024
5827,0,train,2024
5828,7,validation,2024
5829,3,train,2024
5830,5,train,2024
5831,8,train,2024
5832,7,train,2024
5833,1,train,2024
5834,4,train,2024
5835,8,train,2024
5836,1,train,2024
5837,8,train,2024
5838,7,train,2024
5839,8,train,2024
5840,0,validation,2024
5841,5,train,2024
5842,0,train,2024
5843,2,train,2024
5844,4,train,2024
5845,0,train,2024
5846,0,validation,2024
5847,3,train,2024
5848,7,train,2024
5849,0,validation,2024
5850,6,train,2024
5851,2,train,2024
5852,1,validation,2024
5853,8,train,2024
5854,0,train,2024
5855,0,train,2024
5856,8,train,2024
5857,7,train,2024
5858,6,train,2024
5859,3,validation,2024
5860,3,train,2024
5861,1,validation,2024
5862,8,train,2024
5863,3,train,2024
5864,1,train,2024
5865,8,train,2024
5866,7,train,2024
5867,4,train,2024
5868,0,validation,2024
5869,6,train,2024
5870,8,train,2024
5871,7,validation,2024
5872,8,train,2024
5873,6,train,2024
5874,6,train,2024
5875,2,train,2024
5876,2,train,2024
5877,3,train,2024
5878,0,train,2024
5879,8,train,2024
5880,6,train,2024
5881,1,train,2024
5882,4,validation,2024
5883,9,train,2024
5884,0,train,2024
5885,8,validation,2024
5886,6,validation,2024
5887,8,validation,2024
5888,6,train,2024
5889,4,train,2024
5890,7,validation,2024
5891,8,validation,2024
5892,3,train,2024
5893,1,validation,2024
5894,1,train,2024
5895,1,validation,2024
5896,9,train,2024
5897,9,train,2024
5898,9,validation,2024
5899,3,validation,2024
5900,8,train,2024
5901,2,validation,2024
5902,3,train,2024
5903,6,validation,2024
5904,5,train,2024
5905,6,train,2024
5906,4,train,2024
5907,7,train,2024
5908,5,train,2024
5909,7,validation,2024
5910,1,validation,2024
5911,9,validation,2024
5912,9,train,2024
5913,5,train,2024
5914,7,train,2024
5915,7,train,2024
5916,1,train,2024
5917,4,validation,2024
5918,2,train,2024
5919,0,train,2024
5920,5,train,2024
5921,1,train,2024
5922,0,validation,2024
5923,7,train,2024
5924,8,train,2024
5925,9,train,2024
5926,4,train,2024
5927,5,train,2024
5928,5,train,2024
5929,2,train,2024
5930,6,train,2024
5931,9,validation,2024
5932,6,validation,2024
5933,3,train,2024
5934,4,train,2024
5935,4,train,2024
5936,1,train,2024
5937,4,validation,2024
5938,7,train,2024
5939,3,train,2024
5940,0,train,2024
5941,0,validation,2024
5942,1,train,2024
5943,2,validation,2024
5944,6,train,2024
5945,4,validation,2024
5946,0,train,2024
5947,5,train,2024
5948,9,validation,2024
5949,6,train,2024
5950,5,validation,2024
5951,5,validation,2024
5952,5,train,2024
5953,7,validation,2024
5954,7,train,2024
5955,9,train,2024
5956,1,train,2024
5957,2,train,2024
5958,2,train,2024
5959,6,validation,2024
5960,3,train,2024
5961,9,validation,2024
5962,1,train,2024
5963,0,train,2024
5964,0,validation,2024
5965,5,train,2024
5966,9,validation,2024
5967,3,train,2024
5968,3,train,2024
5969,4,train,2024
5970,6,train,2024
5971,4,train,2024
5972,7,validation,2024
5973,1,train,2024
5974,1,train,2024
5975,8,train,2024
5976,9,train,2024
5977,7,train,2024
5978,4,train,2024
5979,0,train,2024
5980,4,train,2024
5981,0,train,2024
5982,7,train,2024
5983,1,validation,2024
5984,0,validation,2024
5985,6,train,2024
5986,4,train,2024
5987,6,train,2024
5988,2,train,2024
5989,1,train,2024
5990,4,train,2024
5991,9,train,2024
5992,9,train,2024
5993,3,train,2024
5994,0,train,2024
5995,3,train,2024
5996,8,train,2024
5997,4,validation,2024
5998,8,train,2024
5999,4,train,2024
6000,6,train,2024
6001,3,train,2024
6002,4,train,2024
6003,8,train,2024
6004,0,train,2024
6005,1,train,2024
6006,2,train,2024
6007,5,train,2024
6008,9,train,2024
6009,1,train,2024
6010,2,train,2024
6011,2,train,2024
6012,4,train,2024
6013,8,train,2024
6014,4,validation,2024
6015,2,validation,2024
6016,2,train,2024
6017,9,validation,2024
6018,5,train,2024
6019,6,train,2024
6020,9,train,2024
6021,0,validation,2024
6022,7,validation,2024
6023,6,validation,2024
6024,5,train,2024
6025,8,train,2024
6026,3,train,2024
6027,1,train,2024
6028,2,train,2024
6029,6,train,2024
6030,3,train,2024
6031,8,train,2024
6032,1,train,2024
6033,4,train,2024
6034,2,train,2024
6035,2,validation,2024
6036,4,validation,2024
6037,3,validation,2024
6038,9,validation,2024
6039,1,train,2024
6040,4,train,2024
6041,7,train,2024
6042,4,train,2024
6043,6,validation,2024
6044,6,validation,2024
6045,6,train,2024
6046,3,train,2024
6047,4,train,2024
6048,7,train,2024
6049,2,validation,2024
6050,4,train,2024
6051,6,validation,2024
6052,2,validation,2024
6053,5,train,2024
6054,2,validation,2024
6055,5,train,2024
6056,4,train,2024
6057,8,train,2024
6058,5,train,2024
6059,8,train,2024
6060,3,train,2024
6061,9,train,2024
6062,5,train,2024
6063,9,validation,2024
6064,4,train,2024
6065,4,validation,2024
6066,2,train,2024
6067,3,validation,2024
6068,6,train,2024
6069,5,train,2024
6070,4,train,2024
6071,6,validation,2024
6072,8,train,2024
6073,6,train,2024
6074,7,validation,2024
6075,1,validation,2024
6076,6,train,2024
6077,1,train,2024
6078,7,validation,2024
6079,0,train,2024
6080,4,train,2024
6081,5,train,2024
6082,6,train,2024
6083,2,train,2024
6084,9,train,2024
6085,3,train,2024
6086,2,train,2024
6087,8,train,2024
6088,1,train,2024
6089,4,train,2024
6090,1,train,2024
6091,1,train,2024
6092,9,train,2024
6093,0,train,2024
6094,3,train,2024
6095,8,train,2024
6096,9,validation,2024
6097,7,train,2024
6098,6,train,2024
6099,1,train,2024
6100,9,train,2024
6101,2,validation,2024
6102,0,train,2024
6103,1,train,2024
6104,5,validation,2024
6105,5,train,2024
6106,9,validation,2024
6107,5,train,2024
6108,8,train,2024
6109,0,train,2024
6110,4,train,2024
6111,7,train,2024
6112,3,train,2024
6113,5,validation,2024
6114,0,validation,2024
6115,4,train,2024
6116,4,train,2024
6117,3,train,2024
6118,5,train,2024
6119,3,train,2024
6120,5,train,2024
6121,3,train,2024
6122,3,train,2024
6123,4,train,2024
6124,8,train,2024
6125,0,train,2024
6126,9,validation,2024
6127,1,train,2024
6128,4,train,2024
6129,7,train,2024
6130,6,train,2024
6131,4,train,2024
6132,3,train,2024
6133,3,train,2024
6134,5,train,2024
6135,2,train,2024
6136,3,train,2024
6137,4,train,2024
6138,9,train,2024
6139,0,train,2024
6140,1,train,2024
6141,8,train,2024
6142,3,train,2024
6143,5,train,2024
6144,6,train,2024
6145,9,train,2024
6146,7,train,2024
6147,9,train,2024
6148,2,validation,2024
6149,3,train,2024
6150,5,train,2024
6151,5,train,2024
6152,6,train,2024
6153,0,train,2024
6154,3,train,2024
6155,3,validation,2024
6156,1,train,2024
6157,8,train,2024
6158,6,validation,2024
6159,9,train,2024
6160,8,train,2024
6161,3,validation,2024
6162,2,train,2024
6163,8,validation,2024
6164,3,validation,2024
6165,0,train,2024
6166,5,train,2024
6167,1,validation,2024
6168,3,train,2024
6169,3,train,2024
6170,2,train,2024
6171,5,train,2024
6172,4,train,2024
6173,2,train,2024
6174,5,validation,2024
6175,1,validation,2024
6176,1,train,2024
6177,9,train,2024
6178,7,train,2024
6179,4,train,2024
6180,1,train,2024
6181,1,train,2024
6182,3,train,2024
6183,9,validation,2024
6184,5,train,2024
6185,5,train,2024
6186,7,train,2024
6187,2,train,2024
6188,0,train,2024
6189,8,train,2024
6190,6,validation,2024
6191,7,train,2024
6192,3,validation,2024
6193,5,train,2024
6194,0,train,2024
6195,1,train,2024
6196,7,train,2024
6197,4,train,2024
6198,6,train,2024
6199,9,train,2024
6200,3,validation,2024
6201,1,train,2024
6202,0,train,2024
6203,9,train,2024
6204,3,validation,2024
6205,5,train,2024
6206,2,train,2024
6207,8,train,2024
6208,0,train,2024
6209,8,train,2024
6210,8,validation,2024
6211,5,train,2024
6212,3,train,2024
6213,3,train,2024
6214,6,validation,2024
6215,5,train,2024
6216,2,train,2024
6217,1,train,2024
6218,4,train,2024
6219,7,validation,2024
6220,1,validation,2024
6221,1,train,2024
6222,4,train,2024
6223,9,train,2024
6224,2,train,2024
6225,1,validation,2024
6226,0,validation,2024
6227,2,validation,2024
6228,9,train,2024
6229,1,validation,2024
6230,6,train,2024
6231,3,train,2024
6232,3,train,2024
6233,6,train,2024
6234,2,train,2024
6235,7,train,2024
6236,6,train,2024
6237,8,validation,2024
6238,1,train,2024
6239,5,train,2024
6240,8,train,2024
6241,2,train,2024
6242,9,train,2024
6243,8,validation,2024
6244,7,train,2024
6245,4,train,2024
6246,1,validation,2024
6247,2,train,2024
6248,5,train,2024
6249,2,train,2024
6250,0,train,2024
6251,3,train,2024
6252,4,train,2024
6253,0,train,2024
6254,7,validation,2024
6255,4,train,2024
6256,9,train,2024
6257,2,train,2024
6258,1,train,2024
6259,7,validation,2024
6260,0,train,2024
6261,6,validation,2024
6262,4,validation,2024
6263,4,train,2024
6264,5,train,2024
6265,6,train,2024
6266,2,train,2024
6267,9,validation,2024
6268,1,train,2024
6269,6,train,2024
6270,2,validation,2024
6271,7,train,2024
6272,8,train,2024
6273,0,train,2024
6274,7,train,2024
6275,1,train,2024
6276,6,train,2024
6277,5,train,2024
6278,7,validation,2024
6279,9,train,2024
6280,3,train,2024
6281,5,train,2024
6282,8,train,2024
6283,1,train,2024
6284,3,train,2024
6285,9,train,2024
6286,5,train,2024
6287,1,train,2024
6288,8,train,2024
6289,5,train,2024
6290,5,train,2024
6291,5,train,2024
6292,8,train,2024
6293,8,train,2024
6294,3,train,2024
6295,3,train,2024
6296,5,train,2024
6297,5,train,2024
6298,4,train,2024
6299,4,validation,2024
6300,4,train,2024
6301,2,train,2024
6302,4,train,2024
6303,8,train,2024
6304,2,validation,2024
6305,9,validation,2024
6306,3,train,2024
6307,8,train,2024
6308,4,train,2024
6309,6,validation,2024
6310,7,train,2024
6311,9,train,2024
6312,4,train,2024
6313,5,validation,2024
6314,2,train,2024
6315,3,train,2024
6316,0,train,2024
6317,1,validation,2024
6318,2,train,2024
6319,6,validation,2024
6320,3,train,2024
6321,3,train,2024
6322,9,train,2024
6323,8,validation,2024
6324,7,train,2024
6325,6,train,2024
6326,2,train,2024
6327,1,train,2024
6328,5,train,2024
6329,7,train,2024
6330,7,train,2024
6331,0,train,2024
6332,3,train,2024
6333,8,validation,2024
6334,6,train,2024
6335,3,train,2024
6336,7,train,2024
6337,6,train,2024
6338,3,train,2024
6339,0,train,2024
6340,2,train,2024
6341,9,validation,2024
6342,2,train,2024
6343,1,train,2024
6344,8,validation,2024
6345,1,train,2024
6346,3,train,2024
6347,2,train,2024
6348,6,validation,2024
6349,1,train,2024
6350,2,validation,2024
6351,9,train,2024
6352,8,train,2024
6353,8,train,2024
6354,7,train,2024
6355,9,train,2024
6356,2,validation,2024
6357,4,validation,2024
6358,3,train,2024
6359,6,train,2024
6360,1,validation,2024
6361,8,train,2024
6362,8,train,2024
6363,9,train,2024
6364,5,train,2024
6365,1,train,2024
6366,1,train,2024
6367,0,train,2024
6368,7,train,2024
6369,8,train,2024
6370,3,train,2024
6371,4,train,2024
6372,0,validation,2024
6373,5,train,2024
6374,8,train,2024
6375,1,train,2024
6376,4,train,2024
6377,0,validation,2024
6378,4,train,2024
6379,5,train,2024
6380,6,train,2024
6381,7,validation,2024
6382,1,train,2024
6383,1,validation,2024
6384,3,train,2024
6385,1,train,2024
6386,8,train,2024
6387,0,train,2024
6388,5,train,2024
6389,7,train,2024
6390,3,train,2024
6391,7,train,2024
6392,1,train,2024
6393,5,validation,2024
6394,2,train,2024
6395,2,train,2024
6396,9,validation,2024
6397,8,train,2024
6398,0,train,2024
6399,3,validation,2024
6400,2,validation,2024
6401,5,validation,2024
6402,4,train,2024
6403,1,train,2024
6404,6,train,2024
6405,5,train,2024
6406,3,train,2024
6407,6,train,2024
6408,1,train,2024
6409,9,train,2024
6410,4,train,2024
6411,2,train,2024
6412,5,train,2024
6413,7,train,2024
6414,3,train,2024
6415,6,train,2024
6416,3,train,2024
6417,3,train,2024
6418,8,train,2024
6419,6,train,2024
6420,2,train,2024
6421,4,train,2024
6422,9,train,2024
6423,5,validation,2024
6424,1,train,2024
6425,6,validation,2024
6426,6,train,2024
6427,5,train,2024
6428,8,train,2024
6429,2,train,2024
6430,3,train,2024
6431,2,train,2024
6432,8,train,2024
6433,3,train,2024
6434,7,validation,2024
6435,0,validation,2024
6436,3,train,2024
6437,1,train,2024
6438,1,train,2024
6439,9,validation,2024
6440,1,train,2024
6441,0,train,2024
6442,7,train,2024
6443,8,train,2024
6444,7,validation,2024
6445,1,train,2024
6446,1,train,2024
6447,1,validation,2024
6448,4,validation,2024
6449,4,train,2024
6450,3,train,2024
6451,9,train,2024
6452,6,train,2024
6453,8,validation,2024
6454,4,train,2024
6455,3,validation,2024
6456,9,train,2024
6457,3,train,2024
6458,0,train,2024
6459,5,train,2024
6460,5,train,2024
6461,5,train,2024
6462,9,train,2024
6463,9,validation,2024
6464,5,train,2024
6465,1,train,2024
6466,6,train,2024
6467,9,train,2024
6468,2,train,2024
6469,7,train,2024
6470,2,validation,2024
6471,1,train,2024
6472,2,train,2024
6473,5,validation,2024
6474,2,train,2024
6475,2,train,2024
6476,8,train,2024
6477,6,train,2024
6478,5,train,2024
6479,0,train,2024
6480,7,validation,2024
6481,2,train,2024
6482,9,train,2024
6483,4,train,2024
6484,5,validation,2024
6485,5,train,2024
6486,6,validation,2024
6487,4,train,2024
6488,6,train,2024
6489,7,train,2024
6490,7,train,2024
6491,3,train,2024
6492,5,train,2024
6493,7,train,2024
6494,5,train,2024
6495,5,train,2024
6496,6,train,2024
6497,7,train,2024
6498,8,train,2024
6499,4,train,2024
6500,2,train,2024
6501,1,train,2024
6502,4,validation,2024
6503,9,train,2024
6504,2,train,2024
6505,8,train,2024
6506,5,train,2024
6507,9,train,2024
6508,5,validation,2024
6509,4,validation,2024
6510,7,train,2024
6511,6,train,2024
6512,7,train,2024
6513,8,train,2024
6514,7,train,2024
6515,7,train,2024
6516,0,train,2024
6517,4,train,2024
6518,5,train,2024
6519,8,train,2024
6520,6,train,2024
6521,3,train,2024
6522,5,train,2024
6523,0,train,2024
6524,1,train,2024
6525,5,train,2024
6526,4,train,2024
6527,0,train,2024
6528,8,train,2024
6529,6,validation,2024
6530,9,validation,2024
6531,4,train,2024
6532,1,train,2024
6533,0,validation,2024
6534,4,train,2024
6535,1,train,2024
6536,6,train,2024
6537,9,train,2024
6538,7,train,2024
6539,9,train,2024
6540,4,train,2024
6541,7,train,2024
6542,6,train,2024
6543,2,train,2024
6544,5,train,2024
6545,9,train,2024
6546,6,validation,2024
6547,1,train,2024
6548,8,train,2024
6549,4,train,2024
6550,2,train,2024
6551,5,train,2024
6552,8,validation,2024
6553,6,train,2024
6554,3,train,2024
6555,5,train,2024
6556,2,train,2024
6557,2,train,2024
6558,5,train,2024
6559,0,train,2024
6560,0,train,2024
6561,8,train,2024
6562,3,train,2024
6563,7,train,2024
6564,6,train,2024
6565,2,train,2024
6566,2,train,2024
6567,8,train,2024
6568,8,train,2024
6569,5,train,2024
6570,0,train,2024
6571,9,validation,2024
6572,6,train,2024
6573,9,train,2024
6574,2,train,2024
6575,6,train,2024
6576,8,validation,2024
6577,1,train,2024
6578,0,train,2024
6579,6,train,2024
6580,2,train,2024
6581,0,train,2024
6582,9,train,2024
6583,0,train,2024
6584,9,train,2024
6585,8,train,2024
6586,5,train,2024
6587,6,train,2024
6588,0,train,2024
6589,0,train,2024
6590,4,train,2024
6591,6,train,2024
6592,7,validation,2024
6593,5,train,2024
6594,3,train,2024
6595,6,validation,2024
6596,9,train,2024
6597,5,train,2024
6598,5,train,2024
6599,7,train,2024
6600,0,train,2024
6601,6,train,2024
6602,8,train,2024
6603,1,train,2024
6604,7,train,2024
6605,6,train,2024
6606,6,train,2024
6607,0,train,2024
6608,2,train,2024
6609,9,train,2024
6610,3,train,2024
6611,9,train,2024
6612,6,train,2024
6613,5,train,2024
6614,3,train,2024
6615,0,train,2024
6616,5,train,2024
6617,3,train,2024
6618,0,train,2024
6619,6,train,2024
6620,3,train,2024
6621,7,train,2024
6622,5,train,2024
6623,4,train,2024
6624,2,train,2024
6625,0,train,2024
6626,7,train,2024
6627,6,train,2024
6628,8,train,2024
6629,2,validation,2024
6630,9,validation,2024
6631,7,train,2024
6632,1,train,2024
6633,6,train,2024
6634,8,train,2024
6635,1,train,2024
6636,5,train,2024
6637,4,validation,2024
6638,8,train,2024
6639,0,train,2024
6640,3,train,2024
6641,6,train,2024
6642,2,train,2024
6643,5,validation,2024
6644,0,train,2024
6645,7,train,2024
6646,9,validation,2024
6647,2,train,2024
6648,6,train,2024
6649,6,train,2024
6650,7,validation,2024
6651,0,train,2024
6652,3,train,2024
6653,3,train,2024
6654,2,train,2024
6655,7,train,2024
6656,4,train,2024
6657,7,train,2024
6658,4,train,2024
6659,5,train,2024
6660,4,validation,2024
6661,8,validation,2024
6662,8,train,2024
6663,3,validation,2024
6664,5,train,2024
6665,1,validation,2024
6666,7,validation,2024
6667,9,train,2024
6668,7,train,2024
6669,4,train,2024
6670,9,train,2024
6671,7,train,2024
6672,1,validation,2024
6673,1,train,2024
6674,4,train,2024
6675,1,validation,2024
6676,4,train,2024
6677,1,train,2024
6678,5,validation,2024
6679,3,train,2024
6680,0,train,2024
6681,5,validation,2024
6682,9,train,2024
6683,8,train,2024
6684,9,train,2024
6685,3,train,2024
6686,2,train,2024
6687,0,validation,2024
6688,6,train,2024
6689,9,train,2024
6690,7,train,2024
6691,4,validation,2024
6692,9,train,2024
6693,2,train,2024
6694,7,train,2024
6695,5,train,2024
6696,3,train,2024
6697,7,train,2024
6698,7,train,2024
6699,1,train,2024
6700,1,validation,2024
6701,6,validation,2024
6702,1,train,2024
6703,4,train,2024
6704,2,train,2024
6705,7,train,2024
6706,7,train,2024
6707,7,train,2024
6708,6,train,2024
6709,5,train,2024
6710,9,train,2024
6711,7,train,2024
6712,0,train,2024
6713,9,validation,2024
6714,0,train,2024
6715,6,train,2024
6716,7,train,2024
6717,4,train,2024
6718,1,validation,2024
6719,7,train,2024
6720,5,train,2024
6721,2,validation,2024
6722,3,validation,2024
6723,3,train,2024
6724,0,train,2024
6725,6,train,2024
6726,6,train,2024
6727,8,validation,2024
6728,4,train,2024
6729,8,train,2024
6730,3,train,2024
6731,4,train,2024
6732,8,validation,2024
6733,6,train,2024
6734,4,train,2024
6735,3,train,2024
6736,6,train,2024
6737,5,train,2024
6738,7,train,2024
6739,4,validation,2024
6740,2,validation,2024
6741,7,train,2024
6742,1,train,2024
6743,8,train,2024
6744,9,train,2024
6745,6,train,2024
6746,5,train,2024
6747,3,train,2024
6748,4,train,2024
6749,1,train,2024
6750,5,train,2024
6751,9,train,2024
6752,7,validation,2024
6753,2,train,2024
6754,2,train,2024
6755,0,train,2024
6756,1,validation,2024
6757,1,train,2024
6758,1,train,2024
6759,3,train,2024
6760,5,train,2024
6761,7,train,2024
6762,2,validation,2024
6763,6,train,2024
6764,2,train,2024
6765,7,train,2024
6766,5,validation,2024
6767,5,train,2024
6768,4,train,2024
6769,2,train,2024
6770,2,train,2024
6771,7,train,2024
6772,5,train,2024
6773,4,train,2024
6774,7,train,2024
6775,0,train,2024
6776,7,train,2024
6777,2,train,2024
6778,4,train,2024
6779,1,train,2024
6780,6,train,2024
6781,3,validation,2024
6782,0,train,2024
6783,8,train,2024
6784,6,validation,2024
6785,9,train,2024
6786,0,train,2024
6787,3,train,2024
6788,9,train,2024
6789,5,validation,2024
6790,0,train,2024
6791,0,train,2024
6792,4,train,2024
6793,6,train,2024
6794,6,train,2024
6795,7,train,2024
6796,7,validation,2024
6797,0,train,2024
6798,6,train,2024
6799,6,train,2024
6800,1,train,2024
6801,5,train,2024
6802,9,train,2024
6803,1,train,2024
6804,5,train,2024
6805,7,train,2024
6806,5,train,2024
6807,0,train,2024
6808,6,train,2024
6809,8,train,2024
6810,3,train,2024
6811,3,train,2024
6812,2,train,2024
6813,6,train,2024
6814,1,train,2024
6815,8,train,2024
6816,7,train,2024
6817,2,train,2024
6818,0,validation,2024
6819,8,train,2024
6820,1,train,2024
6821,8,validation,2024
6822,8,train,2024
6823,8,train,2024
6824,0,train,2024
6825,7,train,2024
6826,3,validation,2024
6827,1,validation,2024
6828,3,train,2024
6829,3,train,2024
6830,6,train,2024
6831,6,train,2024
6832,4,train,2024
6833,0,train,2024
6834,7,train,2024
6835,3,train,2024
6836,1,validation,2024
6837,8,train,2024
6838,6,train,2024
6839,7,train,2024
6840,8,train,2024
6841,5,train,2024
6842,8,train,2024
6843,4,train,2024
6844,5,train,2024
6845,0,train,2024
6846,0,train,2024
6847,0,validation,2024
6848,9,train,2024
6849,6,train,2024
6850,5,train,2024
6851,8,train,2024
6852,2,train,2024
6853,8,validation,2024
6854,4,train,2024
6855,5,train,2024
6856,8,train,2024
6857,7,train,2024
6858,4,train,2024
6859,5,train,2024
6860,7,train,2024
6861,4,train,2024
6862,9,train,2024
6863,6,train,2024
6864,1,validation,2024
6865,9,train,2024
6866,5,train,2024
6867,5,train,2024
6868,4,train,2024
6869,0,train,2024
6870,4,train,2024
6871,1,train,2024
6872,6,validation,2024
6873,4,validation,2024
6874,9,train,2024
6875,4,train,2024
6876,2,train,2024
6877,7,validation,2024
6878,1,train,2024
6879,9,train,2024
6880,5,train,2024
6881,9,validation,2024
6882,4,validation,2024
6883,7,train,2024
6884,6,train,2024
6885,4,train,2024
6886,2,train,2024
6887,9,train,2024
6888,7,train,2024
6889,7,train,2024
6890,4,train,2024
6891,9,train,2024
6892,1,validation,2024
6893,6,train,2024
6894,4,validation,2024
6895,8,train,2024
6896,3,train,2024
6897,1,train,2024
6898,9,train,2024
6899,8,train,2024
6900,0,train,2024
6901,3,validation,2024
6902,7,train,2024
6903,0,train,2024
6904,1,train,2024
6905,1,train,2024
6906,4,train,2024
6907,1,train,2024
6908,1,train,2024
6909,6,train,2024
6910,2,train,2024
6911,2,validation,2024
6912,1,train,2024
6913,5,validation,2024
6914,3,train,2024
6915,3,train,2024
6916,6,train,2024
6917,6,train,2024
6918,3,train,2024
6919,0,train,2024
6920,1,train,2024
6921,8,train,2024
6922,6,train,2024
6923,0,train,2024
6924,1,train,2024
6925,9,train,2024
6926,4,validation,2024
6927,6,validation,2024
6928,4,train,2024
6929,0,train,2024
6930,7,train,2024
6931,3,train,2024
6932,2,train,2024
6933,1,train,2024
6934,5,train,2024
6935,5,train,2024
6936,4,train,2024
6937,7,train,2024
6938,9,train,2024
6939,4,train,2024
6940,1,train,2024
6941,5,train,2024
6942,6,train,2024
6943,1,train,2024
6944,4,train,2024
6945,6,validation,2024
6946,7,train,2024
6947,1,validation,2024
6948,2,train,2024
6949,0,train,2024
6950,0,train,2024
6951,1,train,2024
6952,0,validation,2024
6953,8,train,2024
6954,8,train,2024
6955,4,train,2024
6956,6,train,2024
6957,6,train,2024
6958,0,train,2024
6959,0,train,2024
6960,6,validation,2024
6961,6,validation,2024
6962,2,train,2024
6963,6,train,2024
6964,5,train,2024
6965,1,train,2024
6966,1,train,2024
6967,6,train,2024
6968,7,train,2024
6969,3,validation,2024
6970,1,train,2024
6971,9,train,2024
6972,8,validation,2024
6973,5,validation,2024
6974,7,validation,2024
6975,6,train,2024
6976,9,train,2024
6977,7,validation,2024
6978,0,train,2024
6979,9,train,2024
6980,5,train,2024
6981,7,train,2024
6982,5,train,2024
6983,8,train,2024
6984,7,train,2024
6985,3,train,2024
6986,0,train,2024
6987,7,validation,2024
6988,8,train,2024
6989,1,train,2024
6990,4,train,2024
6991,2,validation,2024
6992,5,train,2024
6993,1,train,2024
6994,4,train,2024
6995,5,train,2024
6996,7,train,2024
6997,4,train,2024
6998,6,train,2024
6999,6,train,2024
7000,3,train,2024
7001,2,train,2024
7002,8,train,2024
7003,5,train,2024
7004,0,train,2024
7005,7,train,2024
7006,0,validation,2024
7007,4,train,2024
7008,4,train,2024
7009,7,train,2024
7010,4,validation,2024
7011,4,train,2024
7012,9,train,2024
7013,7,train,2024
7014,8,train,2024
7015,4,validation,2024
7016,6,train,2024
7017,0,train,2024
7018,8,train,2024
7019,4,train,2024
7020,3,train,2024
7021,3,train,2024
7022,3,train,2024
7023,3,train,2024
7024,4,train,2024
7025,7,train,2024
7026,5,train,2024
7027,8,validation,2024
7028,5,train,2024
7029,2,train,2024
7030,8,train,2024
7031,4,validation,2024
7032,4,validation,2024
7033,5,validation,2024
7034,9,validation,2024
7035,3,validation,2024
7036,2,train,2024
7037,2,train,2024
7038,5,train,2024
7039,3,validation,2024
7040,6,train,2024
7041,8,train,2024
7042,2,train,2024
7043,4,train,2024
7044,5,train,2024
7045,2,train,2024
7046,6,train,2024
7047,1,validation,2024
7048,7,train,2024
7049,9,train,2024
7050,7,train,2024
7051,5,validation,2024
7052,0,train,2024
7053,9,validation,2024
7054,0,train,2024
7055,4,validation,2024
7056,8,train,2024
7057,2,validation,2024
7058,7,train,2024
7059,5,train,2024
7060,5,train,2024
7061,7,train,2024
7062,1,train,2024
7063,3,train,2024
7064,3,train,2024
7065,7,train,2024
7066,4,train,2024
7067,9,train,2024
7068,5,train,2024
7069,7,train,2024
7070,8,train,2024
7071,0,train,2024
7072,2,train,2024
7073,5,train,2024
7074,0,train,2024
7075,4,train,2024
7076,1,train,2024
7077,4,validation,2024
7078,9,validation,2024
7079,8,train,2024
7080,8,train,2024
7081,9,validation,2024
7082,7,train,2024
7083,0,train,2024
7084,0,train,2024
7085,4,train,2024
7086,8,train,2024
7087,1,train,2024
7088,5,train,2024
7089,2,train,2024
7090,1,train,2024
7091,2,validation,2024
7092,9,train,2024
7093,8,train,2024
7094,2,train,2024
7095,1,train,2024
7096,7,validation,2024
7097,3,train,2024
7098,5,train,2024
7099,1,train,2024
7100,4,train,2024
7101,8,train,2024
7102,0,validation,2024
7103,1,train,2024
7104,5,validation,2024
7105,7,train,2024
7106,4,train,2024
7107,7,train,2024
7108,3,train,2024
7109,9,train,2024
7110,6,train,2024
7111,2,train,2024
7112,2,train,2024
7113,7,train,2024
7114,3,train,2024
7115,7,train,2024
7116,9,train,2024
7117,7,train,2024
7118,4,train,2024
7119,4,train,2024
7120,2,train,2024
7121,1,train,2024
7122,1,validation,2024
7123,0,validation,2024
7124,1,train,2024
7125,2,train,2024
7126,3,train,2024
7127,6,train,2024
7128,6,train,2024
7129,7,train,2024
7130,2,train,2024
7131,6,train,2024
7132,3,train,2024
7133,9,train,2024
7134,7,train,2024
7135,3,train,2024
7136,8,validation,2024
7137,0,train,2024
7138,6,train,2024
7139,4,train,2024
7140,6,train,2024
7141,4,train,2024
7142,3,train,2024
7143,2,train,2024
7144,2,train,2024
7145,4,train,2024
7146,6,train,2024
7147,3,train,2024
7148,7,train,2024
7149,1,validation,2024
7150,0,train,2024
7151,5,train,2024
7152,7,train,2024
7153,9,validation,2024
7154,9,train,2024
7155,1,train,2024
7156,5,train,2024
7157,3,train,2024
7158,0,validation,2024
7159,3,validation,2024
7160,1,validation,2024
7161,9,train,2024
7162,4,train,2024
7163,9,train,2024
7164,7,train,2024
7165,8,validation,2024
7166,4,train,2024
7167,3,train,2024
7168,9,train,2024
7169,5,validation,2024
7170,0,validation,2024
7171,4,train,2024
7172,8,train,2024
7173,1,validation,2024
7174,1,train,2024
7175,0,train,2024
7176,7,train,2024
7177,4,train,2024
7178,4,train,2024
7179,8,train,2024
7180,5,train,2024
7181,9,validation,2024
7182,9,validation,2024
7183,8,train,2024
7184,6,train,2024
7185,0,validation,2024
7186,3,train,2024
7187,2,train,2024
7188,6,train,2024
7189,4,train,2024
7190,0,train,2024
7191,9,train,2024
7192,1,train,2024
7193,5,train,2024
7194,3,train,2024
7195,5,train,2024
7196,9,train,2024
7197,9,train,2024
7198,1,train,2024
7199,6,validation,2024
7200,4,train,2024
7201,5,train,2024
7202,1,train,2024
7203,3,validation,2024
7204,1,train,2024
7205,7,validation,2024
7206,8,validation,2024
7207,9,train,2024
7208,2,train,2024
7209,9,validation,2024
7210,3,validation,2024
7211,6,train,2024
7212,7,train,2024
7213,9,train,2024
7214,5,validation,2024
7215,7,train,2024
7216,6,train,2024
7217,1,train,2024
7218,0,train,2024
7219,0,train,2024
7220,7,train,2024
7221,3,train,2024
7222,0,train,2024
7223,0,train,2024
7224,5,train,2024
7225,4,train,2024
7226,1,validation,2024
7227,1,train,2024
7228,4,train,2024
7229,5,train,2024
7230,9,train,2024
7231,2,validation,2024
7232,4,train,2024
7233,3,train,2024
7234,1,train,2024
7235,8,validation,2024
7236,8,train,2024
7237,7,train,2024
7238,7,train,2024
7239,8,train,2024
7240,1,train,2024
7241,0,train,2024
7242,3,train,2024
7243,9,train,2024
7244,6,train,2024
7245,4,train,2024
7246,3,train,2024
7247,6,validation,2024
7248,9,validation,2024
7249,2,train,2024
7250,6,validation,2024
7251,2,train,2024
7252,1,train,2024
7253,3,validation,2024
7254,0,validation,2024
7255,2,validation,2024
7256,2,train,2024
7257,2,validation,2024
7258,8,validation,2024
7259,4,train,2024
7260,8,train,2024
7261,9,train,2024
7262,4,train,2024
7263,4,train,2024
7264,7,validation,2024
7265,5,train,2024
7266,4,train,2024
7267,5,validation,2024
7268,6,train,2024
7269,3,train,2024
7270,3,validation,2024
7271,9,train,2024
7272,3,train,2024
7273,2,train,2024
7274,3,validation,2024
7275,1,train,2024
7276,9,train,2024
7277,2,train,2024
7278,0,train,2024
7279,2,validation,2024
7280,2,train,2024
7281,6,train,2024
7282,9,validation,2024
7283,6,validation,2024
7284,2,train,2024
7285,0,train,2024
7286,7,train,2024
7287,8,train,2024
7288,6,train,2024
7289,4,train,2024
7290,7,train,2024
7291,6,train,2024
7292,9,train,2024
7293,2,train,2024
7294,7,validation,2024
7295,1,validation,2024
7296,4,train,2024
7297,5,train,2024
7298,2,validation,2024
7299,8,train,2024
7300,8,train,2024
7301,2,train,2024
7302,9,train,2024
7303,7,train,2024
7304,3,validation,2024
7305,3,train,2024
7306,5,train,2024
7307,1,train,2024
7308,2,train,2024
7309,7,train,2024
7310,9,train,2024
7311,3,validation,2024
7312,3,train,2024
7313,4,validation,2024
7314,9,train,2024
7315,2,train,2024
7316,5,train,2024
7317,7,validation,2024
7318,1,train,2024
7319,4,train,2024
7320,2,train,2024
7321,7,validation,2024
7322,1,validation,2024
7323,3,validation,2024
7324,8,validation,2024
7325,6,train,2024
7326,1,validation,2024
7327,2,train,2024
7328,4,validation,2024
7329,0,train,2024
7330,9,train,2024
7331,1,train,2024
7332,7,train,2024
7333,8,train,2024
7334,2,train,2024
7335,4,train,2024
7336,7,train,2024
7337,4,train,2024
7338,9,train,2024
7339,9,train,2024
7340,8,train,2024
7341,8,validation,2024
7342,4,train,2024
7343,6,train,2024
7344,0,train,2024
7345,2,train,2024
7346,8,validation,2024
7347,5,train,2024
7348,4,train,2024
7349,1,train,2024
7350,2,train,2024
7351,0,train,2024
7352,4,validation,2024
7353,2,train,2024
7354,4,train,2024
7355,9,train,2024
7356,7,train,2024
7357,0,train,2024
7358,1,train,2024
7359,4,train,2024
7360,4,train,2024
7361,1,train,2024
7362,8,train,2024
7363,4,train,2024
7364,1,train,2024
7365,1,train,2024
7366,6,train,2024
7367,8,train,2024
