row_id,target,role,split_seed
0,7,validation,2025
1,3,train,2025
2,2,train,2025
3,1,train,2025
4,4,train,2025
5,4,train,2025
6,7,train,2025
7,7,validation,2025
8,0,train,2025
9,0,train,2025
10,4,train,2025
11,5,train,2025
12,5,train,2025
13,1,train,2025
14,3,train,2025
15,7,train,2025
16,2,validation,2025
17,2,train,2025
18,7,train,2025
19,6,train,2025
20,9,validation,2025
21,7,validation,2025
22,8,train,2025
23,4,train,2025
24,1,validation,2025
25,4,train,2025
26,2,train,2025
27,5,train,2025
28,3,train,2025
29,7,train,2025
30,6,train,2025
31,5,train,2025
32,9,train,2025
33,8,validation,2025
34,4,train,2025
35,8,train,2025
36,7,train,2025
37,1,validation,2025
38,8,validation,2025
39,6,train,2025
40,1,train,2025
41,8,train,2025
42,1,train,2025
43,8,train,2025
44,5,train,2025
45,1,train,2025
46,5,validation,2025
47,4,train,2025
48,8,train,2025
49,7,train,2025
50,9,validation,2025
51,5,train,2025
52,4,train,2025
53,5,train,2025
54,0,train,2025
55,3,validation,2025
56,0,train,2025
57,9,train,2025
58,2,train,2025
59,8,validation,2025
60,0,train,2025
61,2,train,2025
62,1,train,2025
63,1,validation,2025
64,4,validation,2025
65,0,train,2025
66,7,train,2025
67,2,train,2025
68,0,train,2025
69,4,validation,2025
70,8,train,2025
71,9,train,2025
72,4,validation,2025
73,3,train,2025
74,9,train,2025
75,0,train,2025
76,3,train,2025
77,7,train,2025
78,5,train,2025
79,1,train,2025
80,6,train,2025
81,8,train,2025
82,4,train,2025
83,1,train,2025
84,6,train,2025
85,2,train,2025
86,0,train,2025
87,6,train,2025
88,5,train,2025
89,0,train,2025
90,7,train,2025
91,8,train,2025
92,3,validation,2025
93,4,train,2025
94,6,validation,2025
95,8,train,2025
96,5,validation,2025
97,8,train,2025
98,8,train,2025
99,3,validation,2025
100,2,train,2025
101,0,validation,2025
102,3,train,2025
103,7,train,2025
104,2,train,2025
105,5,train,2025
106,0,train,2025
107,4,validation,2025
108,3,train,2025
109,7,validation,2025
110,2,train,2025
111,3,train,2025
112,3,train,2025
113,5,validation,2025
114,8,validation,2025
115,5,train,2025
116,4,train,2025
117,7,validation,2025
118,6,train,2025
119,3,train,2025
120,9,train,2025
121,4,train,2025
122,5,train,2025
123,3,train,2025
124,9,validation,2025
125,8,train,2025
126,5,train,2025
127,3,train,2025
128,7,validation,2025
129,9,validation,2025
130,3,train,2025
131,0,train,2025
132,5,train,2025
133,7,train,2025
134,5,validation,2025
135,1,validation,2025
136,2,train,2025
137,0,validation,2025
138,2,validation,2025
139,0,train,2025
140,0,validation,2025
141,5,validation,2025
142,1,validation,2025
143,7,train,2025
144,3,train,2025
145,8,train,2025
146,1,train,2025
147,3,validation,2025
148,8,train,2025
149,1,train,2025
150,7,validation,2025
151,5,train,2025
152,8,train,2025
153,6,train,2025
154,8,train,2025
155,6,train,2025
156,4,train,2025
157,6,train,2025
158,9,train,2025
159,8,train,2025
160,0,train,2025
161,2,train,2025
162,8,train,2025
163,5,train,2025
164,4,train,2025
165,5,train,2025
166,7,train,2025
167,0,train,2025
168,7,train,2025
169,4,train,2025
170,3,train,2025
171,4,validation,2025
172,6,train,2025
173,7,train,2025
174,3,train,2025
175,5,train,2025
176,0,validation,2025
177,0,train,2025
178,8,train,2025
179,1,validation,2025
180,0,train,2025
181,2,train,2025
182,7,train,2025
183,3,train,2025
184,6,validation,2025
185,1,train,2025
186,9,train,2025
187,7,train,2025
188,6,train,2025
189,8,validation,2025
190,5,train,2025
191,3,validation,2025
192,0,validation,2025
193,2,train,2025
194,9,train,2025
195,7,validation,2025
196,3,validation,2025
197,2,train,2025
198,6,train,2025
199,0,train,2025
200,8,train,2025
201,9,train,2025
202,9,train,2025
203,4,validation,2025
204,0,train,2025
205,1,train,2025
206,3,train,2025
207,5,validation,2025
208,7,train,2025
209,7,validation,2025
210,9,train,2025
211,3,train,2025
212,0,train,2025
213,3,validation,2025
214,7,train,2025
215,4,train,2025
216,0,train,2025
217,9,train,2025
218,9,validation,2025
219,7,validation,2025
220,6,train,2025
221,3,train,2025
222,2,validation,2025
223,3,train,2025
224,3,validation,2025
225,1,train,2025
226,8,train,2025
227,5,train,2025
228,3,train,2025
229,2,train,2025
230,6,validation,2025
231,8,train,2025
232,1,train,2025
233,7,train,2025
234,4,train,2025
235,9,train,2025
236,7,train,2025
237,0,train,2025
238,3,train,2025
239,0,validation,2025
240,8,train,2025
241,3,train,2025
242,7,train,2025
243,3,train,2025
244,0,validation,2025
245,5,train,2025
246,8,train,2025
247,5,train,2025
248,8,train,2025
249,9,train,2025
250,9,train,2025
251,0,validation,2025
252,2,train,2025
253,7,train,2025
254,3,validation,2025
255,2,train,2025
256,2,train,2025
257,8,train,2025
258,2,train,2025
259,3,train,2025
260,9,validation,2025
261,7,train,2025
262,0,train,2025
263,9,train,2025
264,4,train,2025
265,4,validation,2025
266,4,train,2025
267,6,train,2025
268,5,train,2025
269,1,train,2025
270,0,train,2025
271,8,train,2025
272,8,train,2025
273,7,train,2025
274,5,validation,2025
275,8,train,2025
276,9,train,2025
277,3,train,2025
278,8,validation,2025
279,4,validation,2025
280,7,train,2025
281,2,train,2025
282,7,train,2025
283,1,train,2025
284,6,train,2025
285,6,train,2025
286,7,train,2025
287,8,train,2025
288,1,validation,2025
289,5,train,2025
290,5,train,2025
291,3,train,2025
292,6,train,2025
293,2,validation,2025
294,9,train,2025
295,5,train,2025
296,2,train,2025
297,7,train,2025
298,4,train,2025
299,8,train,2025
300,2,train,2025
301,2,train,2025
302,4,train,2025
303,0,train,2025
304,6,train,2025
305,2,validation,2025
306,8,train,2025
307,9,train,2025
308,9,validation,2025
309,7,train,2025
310,7,train,2025
311,5,train,2025
312,2,validation,2025
313,8,train,2025
314,9,validation,2025
315,5,train,2025
316,9,train,2025
317,0,train,2025
318,7,train,2025
319,6,train,2025
320,2,train,2025
321,4,validation,2025
322,6,train,2025
323,1,train,2025
324,0,train,2025
325,2,train,2025
326,6,validation,2025
327,9,validation,2025
328,6,train,2025
329,8,train,2025
330,8,train,2025
331,8,train,2025
332,1,train,2025
333,0,validation,2025
334,7,train,2025
335,1,train,2025
336,7,train,2025
337,2,validation,2025
338,7,train,2025
339,9,train,2025
340,5,train,2025
341,3,train,2025
342,2,validation,2025
343,8,train,2025
344,6,train,2025
345,2,train,2025
346,1,validation,2025
347,4,train,2025
348,9,train,2025
349,1,train,2025
350,6,train,2025
351,4,train,2025
352,5,validation,2025
353,3,train,2025
354,6,train,2025
355,4,train,2025
356,9,train,2025
357,6,train,2025
358,0,train,2025
359,5,train,2025
360,6,validation,2025
361,8,train,2025
362,4,train,2025
363,8,train,2025
364,9,validation,2025
365,5,validation,2025
366,3,train,2025
367,2,train,2025
368,6,train,2025
369,6,validation,2025
370,5,validation,2025
371,2,validation,2025
372,7,train,2025
373,7,train,2025
374,6,train,2025
375,0,train,2025
376,6,validation,2025
377,6,validation,2025
378,2,train,2025
379,8,train,2025
380,4,validation,2025
381,3,validation,2025
382,4,train,2025
383,6,train,2025
384,6,train,2025
385,3,train,2025
386,7,validation,2025
387,5,validation,2025
388,1,train,2025
389,8,validation,2025
390,5,train,2025
391,4,train,2025
392,8,train,2025
393,3,train,2025
394,0,train,2025
395,3,train,2025
396,6,train,2025
397,9,train,2025
398,8,train,2025
399,0,validation,2025
400,8,train,2025
401,8,train,2025
402,1,train,2025
403,7,train,2025
404,6,train,2025
405,9,validation,2025
406,7,validation,2025
407,8,validation,2025
408,2,validation,2025
409,2,train,2025
410,7,train,2025
411,8,train,2025
412,3,train,2025
413,3,train,2025
414,8,train,2025
415,6,train,2025
416,8,train,2025
417,9,train,2025
418,2,train,2025
419,3,validation,2025
420,1,train,2025
421,8,validation,2025
422,6,validation,2025
423,7,train,2025
424,3,train,2025
425,4,train,2025
426,8,train,2025
427,7,train,2025
428,2,train,2025
429,2,validation,2025
430,4,train,2025
431,0,validation,2025
432,0,validation,2025
433,2,validation,2025
434,9,train,2025
435,2,train,2025
436,9,train,2025
437,5,train,2025
438,9,train,2025
439,9,train,2025
440,9,validation,2025
441,8,train,2025
442,8,train,2025
443,4,validation,2025
444,9,train,2025
445,8,train,2025
446,6,validation,2025
447,7,train,2025
448,0,train,2025
449,0,train,2025
450,5,train,2025
451,4,train,2025
452,4,train,2025
453,5,train,2025
454,1,train,2025
455,5,train,2025
456,5,train,2025
457,4,train,2025
458,7,train,2025
459,5,validation,2025
460,5,train,2025
461,0,train,2025
462,3,train,2025
463,0,train,2025
464,5,train,2025
465,3,train,2025
466,7,train,2025
467,6,train,2025
468,6,train,2025
469,9,train,2025
470,6,train,2025
471,0,train,2025
472,3,train,2025
473,3,validation,2025
474,7,train,2025
475,2,train,2025
476,9,train,2025
477,8,validation,2025
478,9,train,2025
479,5,train,2025
480,2,train,2025
481,6,train,2025
482,0,train,2025
483,8,train,2025
484,4,train,2025
485,0,train,2025
486,6,train,2025
487,8,train,2025
488,0,train,2025
489,1,train,2025
490,5,validation,2025
491,1,validation,2025
492,9,validation,2025
493,8,train,2025
494,8,train,2025
495,4,train,2025
496,2,train,2025
497,4,train,2025
498,8,train,2025
499,6,validation,2025
500,2,train,2025
501,0,train,2025
502,4,validation,2025
503,7,train,2025
504,1,train,2025
505,6,train,2025
506,3,validation,2025
507,7,train,2025
508,8,train,2025
509,7,train,2025
510,3,validation,2025
511,1,train,2025
512,7,train,2025
513,3,train,2025
514,0,train,2025
515,2,train,2025
516,1,train,2025
517,6,train,2025
518,8,train,2025
519,0,validation,2025
520,6,train,2025
521,8,train,2025
522,8,train,2025
523,6,train,2025
524,6,train,2025
525,5,validation,2025
526,7,train,2025
527,9,validation,2025
528,8,train,2025
529,6,train,2025
530,6,train,2025
531,3,train,2025
532,8,train,2025
533,9,train,2025
534,9,train,2025
535,0,train,2025
536,4,train,2025
537,5,train,2025
538,5,validation,2025
539,5,train,2025
540,0,train,2025
541,6,train,2025
542,1,train,2025
543,9,train,2025
544,4,train,2025
545,3,train,2025
546,7,train,2025
547,3,train,2025
548,8,train,2025
549,2,train,2025
550,2,validation,2025
551,0,validation,2025
552,8,validation,2025
553,8,validation,2025
554,3,train,2025
555,4,train,2025
556,0,train,2025
557,9,validation,2025
558,9,train,2025
559,9,train,2025
560,3,train,2025
561,0,train,2025
562,6,train,2025
563,1,validation,2025
564,9,train,2025
565,4,train,2025
566,6,train,2025
567,1,train,2025
568,9,train,2025
569,7,train,2025
570,4,train,2025
571,6,train,2025
572,0,train,2025
573,4,validation,2025
574,9,train,2025
575,9,validation,2025
576,6,validation,2025
577,4,train,2025
578,4,train,2025
579,5,validation,2025
580,2,train,2025
581,1,validation,2025
582,7,train,2025
583,9,train,2025
584,2,train,2025
585,4,train,2025
586,8,train,2025
587,8,train,2025
588,6,train,2025
589,2,validation,2025
590,0,validation,2025
591,8,train,2025
592,7,train,2025
593,0,train,2025
594,7,train,2025
595,5,validation,2025
596,8,train,2025
597,9,train,2025
598,0,train,2025
599,9,train,2025
600,4,validation,2025
601,1,train,2025
602,2,train,2025
603,2,train,2025
604,3,train,2025
605,4,train,2025
606,6,validation,2025
607,6,train,2025
608,6,train,2025
609,7,train,2025
610,2,train,2025
611,1,train,2025
612,4,validation,2025
613,7,train,2025
614,3,validation,2025
615,9,train,2025
616,7,train,2025
617,4,train,2025
618,1,train,2025
619,7,validation,2025
620,4,train,2025
621,9,train,2025
622,7,train,2025
623,1,train,2025
624,1,train,2025
625,0,train,2025
626,1,train,2025
627,3,train,2025
628,5,train,2025
629,9,train,2025
630,2,train,2025
631,2,validation,2025
632,5,train,2025
633,9,train,2025
634,7,train,2025
635,9,train,2025
636,4,train,2025
637,8,train,2025
638,1,train,2025
639,3,train,2025
640,2,train,2025
641,4,train,2025
642,7,train,2025
643,0,train,2025
644,0,validation,2025
645,9,train,2025
646,0,train,2025
647,5,train,2025
648,1,train,2025
649,3,train,2025
650,9,train,2025
651,8,train,2025
652,5,train,2025
653,5,train,2025
654,6,train,2025
655,5,validation,2025
656,1,train,2025
657,5,train,2025
658,4,validation,2025
659,2,validation,2025
660,8,validation,2025
661,3,validation,2025
662,3,train,2025
663,3,train,2025
664,9,train,2025
665,1,train,2025
666,1,train,2025
667,0,train,2025
668,4,train,2025
669,7,train,2025
670,0,train,2025
671,7,train,2025
672,8,train,2025
673,1,train,2025
674,9,train,2025
675,0,train,2025
676,3,validation,2025
677,1,train,2025
678,2,train,2025
679,4,train,2025
680,1,train,2025
681,3,train,2025
682,9,validation,2025
683,4,train,2025
684,6,train,2025
685,7,train,2025
686,5,train,2025
687,8,validation,2025
688,8,train,2025
689,4,train,2025
690,0,train,2025
691,2,train,2025
692,2,validation,2025
693,3,train,2025
694,2,train,2025
695,1,train,2025
696,4,train,2025
697,9,train,2025
698,8,train,2025
699,3,validation,2025
700,4,train,2025
701,4,train,2025
702,2,train,2025
703,4,train,2025
704,6,train,2025
705,1,train,2025
706,1,train,2025
707,9,train,2025
708,1,train,2025
709,6,train,2025
710,5,train,2025
711,1,validation,2025
712,4,train,2025
713,6,train,2025
714,6,validation,2025
715,4,train,2025
716,5,validation,2025
717,0,train,2025
718,7,validation,2025
719,6,train,2025
720,4,validation,2025
721,5,train,2025
722,5,train,2025
723,6,validation,2025
724,8,train,2025
725,3,train,2025
726,6,train,2025
727,5,train,2025
728,5,train,2025
729,4,train,2025
730,2,train,2025
731,9,train,2025
732,9,train,2025
733,8,train,2025
734,4,train,2025
735,6,train,2025
736,9,train,2025
737,8,train,2025
738,4,train,2025
739,2,train,2025
740,7,validation,2025
741,2,train,2025
742,1,validation,2025
743,6,train,2025
744,5,train,2025
745,8,validation,2025
746,2,train,2025
747,2,train,2025
748,8,train,2025
749,1,train,2025
750,3,validation,2025
751,7,train,2025
752,5,train,2025
753,2,validation,2025
754,1,train,2025
755,0,validation,2025
756,6,train,2025
757,3,train,2025
758,0,train,2025
759,0,train,2025
760,2,train,2025
761,2,train,2025
762,1,validation,2025
763,4,train,2025
764,3,validation,2025
765,4,train,2025
766,9,train,2025
767,0,train,2025
768,9,validation,2025
769,3,train,2025
770,9,train,2025
771,1,train,2025
772,7,validation,2025
773,0,train,2025
774,1,validation,2025
775,7,train,2025
776,0,train,2025
777,8,train,2025
778,3,train,2025
779,5,train,2025
780,8,train,2025
781,3,validation,2025
782,0,train,2025
783,2,train,2025
784,7,train,2025
785,3,validation,2025
786,8,train,2025
787,3,train,2025
788,5,train,2025
789,3,validation,2025
790,7,train,2025
791,2,train,2025
792,1,validation,2025
793,2,train,2025
794,4,validation,2025
795,5,train,2025
796,7,train,2025
797,1,train,2025
798,2,train,2025
799,5,train,2025
800,4,validation,2025
801,4,train,2025
802,4,train,2025
803,7,train,2025
804,7,train,2025
805,9,train,2025
806,3,validation,2025
807,7,train,2025
808,8,train,2025
809,8,validation,2025
810,6,train,2025
811,5,train,2025
812,4,train,2025
813,5,train,2025
814,6,train,2025
815,1,train,2025
816,8,validation,2025
817,3,train,2025
818,7,train,2025
819,7,train,2025
820,5,validation,2025
821,6,train,2025
822,4,train,2025
823,0,train,2025
824,3,train,2025
825,3,train,2025
826,0,validation,2025
827,7,validation,2025
828,8,train,2025
829,0,train,2025
830,4,validation,2025
831,1,train,2025
832,5,train,2025
833,3,train,2025
834,5,train,2025
835,7,train,2025
836,4,train,2025
837,1,train,2025
838,8,train,2025
839,3,train,2025
840,7,train,2025
841,1,train,2025
842,6,train,2025
843,7,train,2025
844,5,train,2025
845,2,train,2025
846,4,train,2025
847,5,train,2025
848,1,train,2025
849,9,train,2025
850,1,train,2025
851,3,train,2025
852,0,train,2025
853,5,validation,2025
854,5,validation,2025
855,0,train,2025
856,8,train,2025
857,3,train,2025
858,7,validation,2025
859,4,train,2025
860,6,train,2025
861,2,train,2025
862,8,train,2025
863,3,train,2025
864,5,train,2025
865,4,train,2025
866,6,train,2025
867,0,train,2025
868,6,train,2025
869,8,validation,2025
870,2,train,2025
871,8,train,2025
872,6,train,2025
873,5,train,2025
874,5,train,2025
875,7,train,2025
876,5,train,2025
877,7,train,2025
878,0,train,2025
879,3,train,2025
880,5,train,2025
881,4,validation,2025
882,0,validation,2025
883,0,train,2025
884,9,train,2025
885,1,train,2025
886,6,train,2025
887,5,train,2025
888,0,train,2025
889,1,train,2025
890,2,train,2025
891,3,train,2025
892,7,validation,2025
893,5,train,2025
894,2,train,2025
895,8,train,2025
896,2,train,2025
897,4,validation,2025
898,5,train,2025
899,4,validation,2025
900,1,validation,2025
901,7,train,2025
902,4,train,2025
903,2,train,2025
904,7,train,2025
905,7,train,2025
906,4,train,2025
907,7,train,2025
908,1,train,2025
909,0,train,2025
910,9,train,2025
911,4,validation,2025
912,0,train,2025
913,5,train,2025
914,8,train,2025
915,1,validation,2025
916,3,train,2025
917,4,train,2025
918,7,validation,2025
919,8,train,2025
920,5,train,2025
921,0,validation,2025
922,2,train,2025
923,0,train,2025
924,0,train,2025
925,9,validation,2025
926,9,train,2025
927,0,train,2025
928,4,train,2025
929,7,train,2025
930,1,train,2025
931,7,train,2025
932,0,train,2025
933,4,train,2025
934,1,train,2025
935,0,train,2025
936,2,train,2025
937,2,train,2025
938,8,train,2025
939,5,validation,2025
940,5,validation,2025
941,2,validation,2025
942,7,train,2025
943,7,train,2025
944,6,validation,2025
945,5,validation,2025
946,9,train,2025
947,4,train,2025
948,3,train,2025
949,6,train,2025
950,0,train,2025
951,3,train,2025
952,6,train,2025
953,2,train,2025
954,8,validation,2025
955,7,train,2025
956,0,train,2025
957,3,train,2025
958,0,train,2025
959,6,validation,2025
960,9,train,2025
961,6,train,2025
962,4,train,2025
963,9,validation,2025
964,3,validation,2025
965,1,validation,2025
966,5,train,2025
967,8,train,2025
968,6,train,2025
969,5,train,2025
970,4,train,2025
971,9,train,2025
972,3,train,2025
973,3,train,2025
974,3,train,2025
975,3,train,2025
976,9,train,2025
977,4,train,2025
978,3,train,2025
979,3,validation,2025
980,6,train,2025
981,2,train,2025
982,3,validation,2025
983,8,train,2025
984,8,train,2025
985,8,train,2025
986,0,train,2025
987,0,validation,2025
988,2,train,2025
989,4,train,2025
990,5,train,2025
991,3,train,2025
992,0,train,2025
993,3,train,2025
994,2,train,2025
995,2,validation,2025
996,4,train,2025
997,5,validation,2025
998,1,train,2025
999,1,train,2025
1000,7,validation,2025
1001,8,validation,2025
1002,3,train,2025
1003,6,train,2025
1004,9,train,2025
1005,6,train,2025
1006,3,train,2025
1007,7,train,2025
1008,8,train,2025
1009,5,train,2025
1010,5,train,2025
1011,6,train,2025
1012,3,train,2025
1013,8,validation,2025
1014,8,validation,2025
1015,1,train,2025
1016,7,train,2025
1017,7,train,2025
1018,2,train,2025
1019,7,train,2025
1020,4,validation,2025
1021,4,train,2025
1022,6,train,2025
1023,5,train,2025
1024,4,validation,2025
1025,3,train,2025
1026,6,train,2025
1027,7,train,2025
1028,4,train,2025
1029,5,train,2025
1030,2,validation,2025
1031,0,train,2025
1032,3,train,2025
1033,2,train,2025
1034,4,validation,2025
1035,1,train,2025
1036,3,validation,2025
1037,1,train,2025
1038,2,train,2025
1039,3,train,2025
1040,2,train,2025
1041,1,train,2025
1042,6,train,2025
1043,0,validation,2025
1044,5,validation,2025
1045,2,train,2025
1046,3,train,2025
1047,4,train,2025
1048,8,train,2025
1049,5,validation,2025
1050,5,train,2025
1051,2,train,2025
1052,2,validation,2025
1053,5,train,2025
1054,1,train,2025
1055,7,validation,2025
1056,2,train,2025
1057,0,train,2025
1058,0,train,2025
1059,5,validation,2025
1060,1,train,2025
1061,4,train,2025
1062,2,train,2025
1063,8,train,2025
1064,7,train,2025
1065,6,train,2025
1066,8,train,2025
1067,3,train,2025
1068,8,train,2025
1069,4,train,2025
1070,6,train,2025
1071,9,train,2025
1072,4,train,2025
1073,2,train,2025
1074,5,train,2025
1075,4,train,2025
1076,7,train,2025
1077,4,train,2025
1078,4,train,2025
1079,8,train,2025
1080,9,validation,2025
1081,1,train,2025
1082,8,validation,2025
1083,7,train,2025
1084,8,train,2025
1085,2,train,2025
1086,6,train,2025
1087,7,train,2025
1088,8,train,2025
1089,0,train,2025
1090,7,train,2025
1091,4,train,2025
1092,9,train,2025
1093,4,train,2025
1094,4,train,2025
1095,5,validation,2025
1096,3,train,2025
1097,8,train,2025
1098,2,train,2025
1099,3,validation,2025
1100,5,validation,2025
1101,1,train,2025
1102,7,train,2025
1103,1,train,2025
1104,8,train,2025
1105,8,train,2025
1106,3,train,2025
1107,8,train,2025
1108,1,train,2025
1109,1,train,2025
1110,1,train,2025
1111,4,train,2025
1112,9,validation,2025
1113,0,train,2025
1114,9,validation,2025
1115,3,train,2025
1116,0,train,2025
1117,6,validation,2025
1118,6,train,2025
1119,0,train,2025
1120,8,train,2025
1121,7,validation,2025
1122,8,train,2025
1123,6,train,2025
1124,3,train,2025
1125,1,train,2025
1126,6,train,2025
1127,4,train,2025
1128,3,train,2025
1129,0,validation,2025
1130,6,train,2025
1131,6,train,2025
1132,8,train,2025
1133,8,train,2025
1134,9,train,2025
1135,0,train,2025
1136,5,validation,2025
1137,8,train,2025
1138,1,train,2025
1139,4,train,2025
1140,3,train,2025
1141,1,train,2025
1142,1,train,2025
1143,3,train,2025
1144,0,train,2025
1145,5,train,2025
1146,5,validation,2025
1147,9,train,2025
1148,4,train,2025
1149,1,train,2025
1150,6,train,2025
1151,4,train,2025
1152,1,train,2025
1153,4,validation,2025
1154,3,train,2025
1155,2,validation,2025
1156,6,train,2025
1157,5,validation,2025
1158,7,train,2025
1159,7,train,2025
1160,7,train,2025
1161,9,train,2025
1162,2,train,2025
1163,9,train,2025
1164,8,train,2025
1165,6,train,2025
1166,3,validation,2025
1167,8,train,2025
1168,7,train,2025
1169,6,train,2025
1170,9,train,2025
1171,4,validation,2025
1172,6,train,2025
1173,1,validation,2025
1174,1,train,2025
1175,4,train,2025
1176,6,train,2025
1177,6,train,2025
1178,1,validation,2025
1179,0,train,2025
1180,5,validation,2025
1181,1,train,2025
1182,3,train,2025
1183,9,train,2025
1184,4,train,2025
1185,3,train,2025
1186,2,train,2025
1187,3,validation,2025
1188,4,train,2025
1189,4,train,2025
1190,9,train,2025
1191,4,train,2025
1192,5,validation,2025
1193,0,train,2025
1194,0,train,2025
1195,3,train,2025
1196,1,train,2025
1197,7,train,2025
1198,8,validation,2025
1199,0,train,2025
1200,7,train,2025
1201,5,train,2025
1202,0,train,2025
1203,7,validation,2025
1204,8,train,2025
1205,6,validation,2025
1206,3,train,2025
1207,7,train,2025
1208,2,train,2025
1209,5,train,2025
1210,9,train,2025
1211,0,train,2025
1212,6,validation,2025
1213,2,train,2025
1214,8,validation,2025
1215,6,train,2025
1216,9,train,2025
1217,6,train,2025
1218,1,train,2025
1219,9,train,2025
1220,1,train,2025
1221,0,train,2025
1222,9,train,2025
1223,3,train,2025
1224,2,train,2025
1225,1,train,2025
1226,3,validation,2025
1227,8,validation,2025
1228,1,train,2025
1229,8,train,2025
1230,9,validation,2025
1231,9,train,2025
1232,2,train,2025
1233,3,train,2025
1234,4,train,2025
1235,2,train,2025
1236,0,train,2025
1237,3,train,2025
1238,3,train,2025
1239,3,train,2025
1240,8,train,2025
1241,5,train,2025
1242,7,validation,2025
1243,2,train,2025
1244,0,train,2025
1245,0,train,2025
1246,8,train,2025
1247,8,train,2025
1248,9,train,2025
1249,8,train,2025
1250,7,train,2025
1251,6,train,2025
1252,3,train,2025
1253,4,validation,2025
1254,3,train,2025
1255,3,train,2025
1256,7,train,2025
1257,8,validation,2025
1258,2,train,2025
1259,0,train,2025
1260,5,train,2025
1261,6,train,2025
1262,4,train,2025
1263,4,train,2025
1264,2,validation,2025
1265,3,train,2025
1266,9,validation,2025
1267,7,validation,2025
1268,1,train,2025
1269,4,validation,2025
1270,1,train,2025
1271,8,train,2025
1272,2,train,2025
1273,9,train,2025
1274,3,train,2025
1275,1,train,2025
1276,3,validation,2025
1277,0,train,2025
1278,5,train,2025
1279,9,train,2025
1280,8,train,2025
1281,9,train,2025
1282,5,train,2025
1283,0,train,2025
1284,3,train,2025
1285,9,validation,2025
1286,7,validation,2025
1287,0,validation,2025
1288,1,train,2025
1289,0,validation,2025
1290,2,train,2025
1291,0,train,2025
1292,4,train,2025
1293,2,train,2025
1294,6,train,2025
1295,8,train,2025
1296,6,validation,2025
1297,6,train,2025
1298,9,train,2025
1299,7,validation,2025
1300,9,train,2025
1301,0,train,2025
1302,6,validation,2025
1303,5,train,2025
1304,0,validation,2025
1305,7,train,2025
1306,7,train,2025
1307,4,train,2025
1308,3,train,2025
1309,6,train,2025
1310,2,train,2025
1311,7,train,2025
1312,7,train,2025
1313,2,train,2025
1314,9,validation,2025
1315,2,train,2025
1316,2,validation,2025
1317,0,validation,2025
1318,6,train,2025
1319,3,validation,2025
1320,7,train,2025
1321,7,validation,2025
1322,8,train,2025
1323,8,train,2025
1324,6,train,2025
1325,8,validation,2025
1326,5,train,2025
1327,4,train,2025
1328,4,train,2025
1329,8,train,2025
1330,5,train,2025
1331,0,train,2025
1332,8,train,2025
1333,4,train,2025
1334,9,train,2025
1335,4,train,2025
1336,2,validation,2025
1337,5,train,2025
1338,3,train,2025
1339,2,train,2025
1340,8,validation,2025
1341,5,train,2025
1342,9,train,2025
1343,5,train,2025
1344,6,validation,2025
1345,0,train,2025
1346,7,validation,2025
1347,6,validation,2025
1348,6,train,2025
1349,2,train,2025
1350,4,train,2025
1351,8,train,2025
1352,3,validation,2025
1353,8,validation,2025
1354,1,train,2025
1355,3,validation,2025
1356,1,train,2025
1357,1,train,2025
1358,5,validation,2025
1359,0,train,2025
1360,0,train,2025
1361,3,validation,2025
1362,4,train,2025
1363,2,train,2025
1364,5,train,2025
1365,3,train,2025
1366,9,train,2025
1367,2,validation,2025
1368,8,train,2025
1369,7,train,2025
1370,9,train,2025
1371,6,validation,2025
1372,2,train,2025
1373,8,train,2025
1374,6,train,2025
1375,4,train,2025
1376,2,train,2025
1377,4,train,2025
1378,0,train,2025
1379,4,validation,2025
1380,1,train,2025
1381,8,train,2025
1382,0,train,2025
1383,8,train,2025
1384,4,train,2025
1385,3,train,2025
1386,7,train,2025
1387,8,train,2025
1388,5,train,2025
1389,3,train,2025
1390,7,train,2025
1391,2,train,2025
1392,6,train,2025
1393,3,train,2025
1394,1,train,2025
1395,6,validation,2025
1396,9,validation,2025
1397,4,train,2025
1398,2,train,2025
1399,5,train,2025
1400,1,train,2025
1401,9,train,2025
1402,8,train,2025
1403,5,train,2025
1404,6,train,2025
1405,7,train,2025
1406,0,train,2025
1407,2,train,2025
1408,5,train,2025
1409,5,validation,2025
1410,2,train,2025
1411,0,train,2025
1412,7,train,2025
1413,9,validation,2025
1414,1,validation,2025
1415,1,validation,2025
1416,3,train,2025
1417,2,train,2025
1418,9,train,2025
1419,2,train,2025
1420,5,train,2025
1421,5,train,2025
1422,6,train,2025
1423,6,validation,2025
1424,3,train,2025
1425,2,train,2025
1426,2,train,2025
1427,4,train,2025
1428,2,train,2025
1429,2,validation,2025
1430,6,validation,2025
1431,1,validation,2025
1432,7,train,2025
1433,6,validation,2025
1434,4,train,2025
1435,5,train,2025
1436,0,train,2025
1437,9,train,2025
1438,4,train,2025
1439,9,train,2025
1440,2,train,2025
1441,1,validation,2025
1442,0,train,2025
1443,1,train,2025
1444,0,validation,2025
1445,7,train,2025
1446,0,train,2025
1447,4,train,2025
1448,6,train,2025
1449,5,train,2025
1450,9,train,2025
1451,0,validation,2025
1452,2,train,2025
1453,1,train,2025
1454,3,train,2025
1455,8,train,2025
1456,1,train,2025
1457,2,validation,2025
1458,0,train,2025
1459,6,train,2025
1460,5,train,2025
1461,1,train,2025
1462,4,train,2025
1463,5,train,2025
1464,8,validation,2025
1465,8,train,2025
1466,8,train,2025
1467,6,train,2025
1468,4,train,2025
1469,4,validation,2025
1470,3,train,2025
1471,3,train,2025
1472,0,train,2025
1473,8,validation,2025
1474,4,train,2025
1475,7,train,2025
1476,8,train,2025
1477,3,train,2025
1478,5,train,2025
1479,7,validation,2025
1480,9,train,2025
1481,0,train,2025
1482,1,train,2025
1483,1,validation,2025
1484,5,train,2025
1485,7,train,2025
1486,5,train,2025
1487,6,validation,2025
1488,8,train,2025
1489,6,validation,2025
1490,6,train,2025
1491,2,train,2025
1492,2,train,2025
1493,6,train,2025
1494,3,train,2025
1495,6,validation,2025
1496,0,train,2025
1497,9,train,2025
1498,3,train,2025
1499,0,train,2025
1500,3,train,2025
1501,8,train,2025
1502,9,train,2025
1503,1,train,2025
1504,1,train,2025
1505,1,train,2025
1506,4,train,2025
1507,8,validation,2025
1508,1,train,2025
1509,6,validation,2025
1510,7,train,2025
1511,4,validation,2025
1512,8,train,2025
1513,7,train,2025
1514,9,train,2025
1515,6,train,2025
1516,0,train,2025
1517,0,train,2025
1518,4,train,2025
1519,2,validation,2025
1520,6,train,2025
1521,0,train,2025
1522,8,train,2025
1523,2,validation,2025
1524,9,train,2025
1525,5,train,2025
1526,8,train,2025
1527,0,train,2025
1528,3,train,2025
1529,2,train,2025
1530,7,train,2025
1531,9,train,2025
1532,1,train,2025
1533,6,validation,2025
1534,5,train,2025
1535,7,train,2025
1536,3,train,2025
1537,3,train,2025
1538,3,train,2025
1539,5,train,2025
1540,2,train,2025
1541,9,validation,2025
1542,5,train,2025
1543,1,train,2025
1544,0,train,2025
1545,1,train,2025
1546,0,train,2025
1547,9,train,2025
1548,5,train,2025
1549,8,train,2025
1550,7,train,2025
1551,5,train,2025
1552,4,train,2025
1553,0,train,2025
1554,2,train,2025
1555,2,validation,2025
1556,9,train,2025
1557,0,train,2025
1558,6,train,2025
1559,3,validation,2025
1560,8,train,2025
1561,2,train,2025
1562,2,train,2025
1563,5,train,2025
1564,6,train,2025
1565,3,train,2025
1566,8,train,2025
1567,5,train,2025
1568,1,train,2025
1569,3,validation,2025
1570,4,validation,2025
1571,7,train,2025
1572,0,train,2025
1573,5,train,2025
1574,3,train,2025
1575,5,train,2025
1576,0,train,2025
1577,0,validation,2025
1578,3,train,2025
1579,4,validation,2025
1580,0,train,2025
1581,4,train,2025
1582,1,validation,2025
1583,1,train,2025
1584,8,train,2025
1585,3,train,2025
1586,7,validation,2025
1587,8,validation,2025
1588,9,train,2025
1589,0,train,2025
1590,4,train,2025
1591,2,train,2025
1592,3,train,2025
1593,6,validation,2025
1594,9,train,2025
1595,1,train,2025
1596,0,train,2025
1597,1,train,2025
1598,1,train,2025
1599,4,train,2025
1600,2,train,2025
1601,6,train,2025
1602,6,validation,2025
1603,5,train,2025
1604,7,train,2025
1605,5,train,2025
1606,4,train,2025
1607,2,train,2025
1608,6,validation,2025
1609,6,validation,2025
1610,5,train,2025
1611,3,train,2025
1612,7,validation,2025
1613,7,validation,2025
1614,9,validation,2025
1615,7,train,2025
1616,1,train,2025
1617,7,train,2025
1618,3,train,2025
1619,2,train,2025
1620,7,train,2025
1621,9,train,2025
1622,9,train,2025
1623,6,validation,2025
1624,8,train,2025
1625,0,train,2025
1626,8,train,2025
1627,8,validation,2025
1628,6,validation,2025
1629,7,train,2025
1630,2,validation,2025
1631,9,train,2025
1632,9,train,2025
1633,8,validation,2025
1634,0,train,2025
1635,5,train,2025
1636,3,train,2025
1637,1,validation,2025
1638,4,train,2025
1639,5,train,2025
1640,7,train,2025
1641,8,train,2025
1642,3,train,2025
1643,5,train,2025
1644,9,train,2025
1645,0,train,2025
1646,2,train,2025
1647,3,train,2025
1648,0,train,2025
1649,3,train,2025
1650,8,train,2025
1651,5,validation,2025
1652,9,train,2025
1653,5,train,2025
1654,6,train,2025
1655,5,validation,2025
1656,0,train,2025
1657,7,train,2025
1658,0,train,2025
1659,3,train,2025
1660,2,train,2025
1661,3,train,2025
1662,4,train,2025
1663,8,train,2025
1664,9,train,2025
1665,1,train,2025
1666,5,train,2025
1667,1,validation,2025
1668,4,train,2025
1669,4,validation,2025
1670,8,validation,2025
1671,9,validation,2025
1672,9,train,2025
1673,9,validation,2025
1674,8,train,2025
1675,8,train,2025
1676,0,train,2025
1677,7,train,2025
1678,1,train,2025
1679,2,train,2025
1680,6,train,2025
1681,7,train,2025
1682,3,validation,2025
1683,0,train,2025
1684,6,train,2025
1685,1,train,2025
1686,2,validation,2025
1687,4,train,2025
1688,6,train,2025
1689,9,train,2025
1690,0,train,2025
1691,8,train,2025
1692,3,train,2025
1693,0,validation,2025
1694,3,validation,2025
1695,8,train,2025
1696,4,validation,2025
1697,5,train,2025
1698,5,train,2025
1699,7,validation,2025
1700,6,train,2025
1701,6,train,2025
1702,5,train,2025
1703,9,train,2025
1704,3,train,2025
1705,4,train,2025
1706,5,train,2025
1707,3,train,2025
1708,3,train,2025
1709,2,train,2025
1710,4,train,2025
1711,3,train,2025
1712,3,train,2025
1713,7,train,2025
1714,7,train,2025
1715,8,train,2025
1716,2,train,2025
1717,6,train,2025
1718,0,train,2025
1719,4,train,2025
1720,2,train,2025
1721,7,train,2025
1722,3,train,2025
1723,2,validation,2025
1724,5,train,2025
1725,5,train,2025
1726,6,train,2025
1727,9,train,2025
1728,6,train,2025
1729,8,train,2025
1730,9,train,2025
1731,5,validation,2025
1732,1,validation,2025
1733,0,train,2025
1734,9,validation,2025
1735,3,validation,2025
1736,9,train,2025
1737,9,train,2025
1738,0,train,2025
1739,0,train,2025
1740,3,train,2025
1741,1,validation,2025
1742,1,train,2025
1743,7,train,2025
1744,8,train,2025
1745,0,train,2025
1746,2,train,2025
1747,1,train,2025
1748,2,train,2025
1749,2,validation,2025
1750,5,train,2025
1751,1,train,2025
1752,9,train,2025
1753,0,validation,2025
1754,5,train,2025
1755,0,validation,2025
1756,3,train,2025
1757,9,train,2025
1758,8,train,2025
1759,2,train,2025
1760,1,train,2025
1761,6,validation,2025
1762,1,train,2025
1763,7,train,2025
1764,2,train,2025
1765,5,train,2025
1766,4,train,2025
1767,6,train,2025
1768,5,train,2025
1769,8,train,2025
1770,3,train,2025
1771,0,train,2025
1772,5,validation,2025
1773,3,train,2025
1774,0,train,2025
1775,8,train,2025
1776,1,train,2025
1777,5,train,2025
1778,4,train,2025
1779,3,train,2025
1780,1,validation,2025
1781,5,train,2025
1782,2,train,2025
1783,3,train,2025
1784,0,validation,2025
1785,4,train,2025
1786,8,train,2025
1787,5,train,2025
1788,5,train,2025
1789,6,train,2025
1790,8,validation,2025
1791,7,train,2025
1792,9,train,2025
1793,3,train,2025
1794,8,train,2025
1795,8,train,2025
1796,2,train,2025
1797,1,train,2025
1798,0,validation,2025
1799,7,train,2025
1800,9,train,2025
1801,4,train,2025
1802,2,train,2025
1803,0,train,2025
1804,7,validation,2025
1805,1,validation,2025
1806,0,train,2025
1807,9,validation,2025
1808,7,train,2025
1809,6,train,2025
1810,1,train,2025
1811,2,train,2025
1812,1,train,2025
1813,4,train,2025
1814,9,train,2025
1815,8,train,2025
1816,7,train,2025
1817,0,train,2025
1818,5,train,2025
1819,8,train,2025
1820,6,train,2025
1821,2,train,2025
1822,6,train,2025
1823,6,train,2025
1824,7,train,2025
1825,0,train,2025
1826,5,train,2025
1827,0,validation,2025
1828,2,train,2025
1829,0,train,2025
1830,7,train,2025
1831,6,validation,2025
1832,5,train,2025
1833,2,train,2025
1834,5,validation,2025
1835,9,train,2025
1836,9,train,2025
1837,6,train,2025
1838,9,train,2025
1839,0,train,2025
1840,4,train,2025
1841,6,train,2025
1842,1,train,2025
1843,7,train,2025
1844,7,train,2025
1845,2,train,2025
1846,6,train,2025
1847,5,train,2025
1848,7,train,2025
1849,8,train,2025
1850,5,train,2025
1851,0,train,2025
1852,8,train,2025
1853,9,train,2025
1854,9,train,2025
1855,8,train,2025
1856,9,train,2025
1857,0,train,2025
1858,9,train,2025
1859,6,validation,2025
1860,0,train,2025
1861,9,train,2025
1862,1,train,2025
1863,5,train,2025
1864,3,validation,2025
1865,8,train,2025
1866,3,train,2025
1867,4,validation,2025
1868,0,train,2025
1869,6,validation,2025
1870,7,train,2025
1871,2,train,2025
1872,6,train,2025
1873,8,train,2025
1874,8,validation,2025
1875,1,train,2025
1876,1,train,2025
1877,5,train,2025
1878,3,train,2025
1879,4,train,2025
1880,3,validation,2025
1881,8,train,2025
1882,1,validation,2025
1883,6,train,2025
1884,9,train,2025
1885,3,train,2025
1886,2,train,2025
1887,3,validation,2025
1888,1,train,2025
1889,2,train,2025
1890,1,train,2025
1891,7,train,2025
1892,3,train,2025
1893,2,train,2025
1894,2,train,2025
1895,8,train,2025
1896,0,validation,2025
1897,3,train,2025
1898,8,train,2025
1899,7,train,2025
1900,2,validation,2025
1901,2,train,2025
1902,0,train,2025
1903,3,train,2025
1904,3,train,2025
1905,3,train,2025
1906,9,train,2025
1907,6,train,2025
1908,1,train,2025
1909,1,train,2025
1910,8,train,2025
1911,5,train,2025
1912,2,validation,2025
1913,1,train,2025
1914,1,train,2025
1915,5,train,2025
1916,6,validation,2025
1917,8,train,2025
1918,4,validation,2025
1919,3,train,2025
1920,0,train,2025
1921,6,validation,2025
1922,7,train,2025
1923,3,train,2025
1924,0,train,2025
1925,6,validation,2025
1926,6,train,2025
1927,1,train,2025
1928,8,train,2025
1929,8,train,2025
1930,0,train,2025
1931,3,train,2025
1932,7,train,2025
1933,5,validation,2025
1934,4,validation,2025
1935,2,train,2025
1936,3,train,2025
1937,9,train,2025
1938,4,train,2025
1939,5,train,2025
1940,3,validation,2025
1941,1,validation,2025
1942,9,train,2025
1943,6,validation,2025
1944,8,validation,2025
1945,3,train,2025
1946,8,train,2025
1947,0,train,2025
1948,3,train,2025
1949,0,validation,2025
1950,7,train,2025
1951,1,train,2025
1952,7,train,2025
1953,3,validation,2025
1954,5,train,2025
1955,5,train,2025
1956,9,train,2025
1957,3,train,2025
1958,0,validation,2025
1959,7,train,2025
1960,8,train,2025
1961,1,validation,2025
1962,9,train,2025
1963,2,train,2025
1964,8,train,2025
1965,9,train,2025
1966,6,validation,2025
1967,8,train,2025
1968,5,train,2025
1969,7,train,2025
1970,5,validation,2025
1971,0,train,2025
1972,0,train,2025
1973,6,train,2025
1974,7,train,2025
1975,1,train,2025
1976,3,validation,2025
1977,5,train,2025
1978,6,train,2025
1979,1,train,2025
1980,1,train,2025
1981,6,train,2025
1982,9,validation,2025
1983,0,validation,2025
1984,4,train,2025
1985,8,train,2025
1986,8,train,2025
1987,9,train,2025
1988,6,train,2025
1989,7,train,2025
1990,7,train,2025
1991,5,train,2025
1992,3,train,2025
1993,6,validation,2025
1994,8,train,2025
1995,8,validation,2025
1996,1,train,2025
1997,0,train,2025
1998,7,validation,2025
1999,3,train,2025
2000,2,train,2025
2001,7,train,2025
2002,6,train,2025
2003,2,validation,2025
2004,1,train,2025
2005,1,train,2025
2006,9,train,2025
2007,3,train,2025
2008,3,train,2025
2009,4,train,2025
2010,8,validation,2025
2011,5,train,2025
2012,7,train,2025
2013,9,train,2025
2014,2,train,2025
2015,0,train,2025
2016,1,validation,2025
2017,2,train,2025
2018,3,train,2025
2019,9,train,2025
2020,9,train,2025
2021,3,train,2025
2022,0,train,2025
2023,8,train,2025
2024,7,train,2025
2025,7,train,2025
2026,5,train,2025
2027,2,train,2025
2028,2,train,2025
2029,4,train,2025
2030,6,train,2025
2031,3,train,2025
2032,8,train,2025
2033,0,train,2025
2034,9,train,2025
2035,1,train,2025
2036,3,train,2025
2037,8,validation,2025
2038,2,train,2025
2039,2,train,2025
2040,4,train,2025
2041,2,train,2025
2042,5,validation,2025
2043,7,train,2025
2044,7,train,2025
2045,7,validation,2025
2046,0,validation,2025
2047,9,validation,2025
2048,4,validation,2025
2049,5,train,2025
2050,1,train,2025
2051,6,train,2025
2052,7,train,2025
2053,7,train,2025
2054,0,validation,2025
2055,4,train,2025
2056,6,train,2025
2057,1,validation,2025
2058,1,validation,2025
2059,7,train,2025
2060,5,train,2025
2061,6,train,2025
2062,4,validation,2025
2063,5,train,2025
2064,5,validation,2025
2065,2,train,2025
2066,2,validation,2025
2067,9,train,2025
2068,6,train,2025
2069,3,train,2025
2070,9,train,2025
2071,4,train,2025
2072,1,train,2025
2073,7,train,2025
2074,3,train,2025
2075,5,train,2025
2076,6,train,2025
2077,5,train,2025
2078,3,train,2025
2079,6,validation,2025
2080,3,train,2025
2081,7,train,2025
2082,8,train,2025
2083,8,train,2025
2084,4,train,2025
2085,7,train,2025
2086,2,validation,2025
2087,8,train,2025
2088,5,train,2025
2089,3,validation,2025
2090,8,validation,2025
2091,0,train,2025
2092,0,train,2025
2093,7,train,2025
2094,9,train,2025
2095,0,train,2025
2096,6,train,2025
2097,2,validation,2025
2098,5,train,2025
2099,0,train,2025
2100,9,train,2025
2101,7,train,2025
2102,6,train,2025
2103,2,train,2025
2104,2,train,2025
2105,2,validation,2025
2106,1,train,2025
2107,5,train,2025
2108,7,train,2025
2109,8,train,2025
2110,7,validation,2025
2111,8,train,2025
2112,8,train,2025
2113,2,validation,2025
2114,9,train,2025
2115,4,train,2025
2116,5,train,2025
2117,6,train,2025
2118,5,train,2025
2119,7,train,2025
2120,2,train,2025
2121,5,train,2025
2122,7,train,2025
2123,8,train,2025
2124,3,train,2025
2125,5,train,2025
2126,0,train,2025
2127,0,train,2025
2128,2,train,2025
2129,0,train,2025
2130,1,train,2025
2131,5,train,2025
2132,2,train,2025
2133,8,train,2025
2134,5,train,2025
2135,7,validation,2025
2136,2,train,2025
2137,4,train,2025
2138,6,train,2025
2139,3,train,2025
2140,3,train,2025
2141,2,train,2025
2142,4,validation,2025
2143,0,validation,2025
2144,8,train,2025
2145,1,train,2025
2146,9,train,2025
2147,9,train,2025
2148,6,train,2025
2149,2,train,2025
2150,6,train,2025
2151,1,train,2025
2152,2,train,2025
2153,5,train,2025
2154,1,train,2025
2155,7,train,2025
2156,2,train,2025
2157,7,train,2025
2158,2,validation,2025
2159,1,train,2025
2160,3,train,2025
2161,6,validation,2025
2162,7,validation,2025
2163,7,validation,2025
2164,1,train,2025
2165,8,validation,2025
2166,1,train,2025
2167,4,train,2025
2168,2,train,2025
2169,5,validation,2025
2170,7,train,2025
2171,3,train,2025
2172,0,train,2025
2173,2,train,2025
2174,1,train,2025
2175,3,train,2025
2176,3,train,2025
2177,0,train,2025
2178,2,train,2025
2179,4,train,2025
2180,5,train,2025
2181,7,train,2025
2182,7,validation,2025
2183,6,train,2025
2184,2,train,2025
2185,3,train,2025
2186,5,validation,2025
2187,9,train,2025
2188,4,train,2025
2189,7,train,2025
2190,7,train,2025
2191,9,validation,2025
2192,2,train,2025
2193,1,train,2025
2194,5,train,2025
2195,3,train,2025
2196,2,validation,2025
2197,1,train,2025
2198,4,train,2025
2199,1,train,2025
2200,1,train,2025
2201,8,validation,2025
2202,0,train,2025
2203,1,train,2025
2204,4,train,2025
2205,5,train,2025
2206,9,train,2025
2207,3,train,2025
2208,0,train,2025
2209,0,train,2025
2210,3,train,2025
2211,7,validation,2025
2212,2,train,2025
2213,2,train,2025
2214,1,train,2025
2215,6,train,2025
2216,0,validation,2025
2217,3,train,2025
2218,6,train,2025
2219,8,validation,2025
2220,2,train,2025
2221,4,train,2025
2222,1,validation,2025
2223,2,train,2025
2224,9,train,2025
2225,8,train,2025
2226,7,train,2025
2227,3,train,2025
2228,7,train,2025
2229,0,train,2025
2230,8,train,2025
2231,0,validation,2025
2232,6,train,2025
2233,5,validation,2025
2234,6,validation,2025
2235,6,validation,2025
2236,1,train,2025
2237,5,train,2025
2238,0,validation,2025
2239,7,train,2025
2240,5,train,2025
2241,4,train,2025
2242,6,train,2025
2243,2,train,2025
2244,2,validation,2025
2245,9,train,2025
2246,0,validation,2025
2247,6,validation,2025
2248,7,validation,2025
2249,4,validation,2025
2250,3,train,2025
2251,2,train,2025
2252,4,train,2025
2253,1,train,2025
2254,0,train,2025
2255,5,train,2025
2256,3,train,2025
2257,4,validation,2025
2258,2,train,2025
2259,6,train,2025
2260,4,validation,2025
2261,9,train,2025
2262,7,train,2025
2263,1,validation,2025
2264,3,train,2025
2265,5,train,2025
2266,6,train,2025
2267,6,train,2025
2268,5,train,2025
2269,9,train,2025
2270,4,validation,2025
2271,1,train,2025
2272,2,train,2025
2273,0,train,2025
2274,1,train,2025
2275,1,train,2025
2276,3,validation,2025
2277,5,train,2025
2278,9,train,2025
2279,7,train,2025
2280,5,train,2025
2281,9,train,2025
2282,8,train,2025
2283,2,validation,2025
2284,8,train,2025
2285,5,validation,2025
2286,2,train,2025
2287,4,train,2025
2288,8,train,2025
2289,0,validation,2025
2290,7,train,2025
2291,2,train,2025
2292,8,train,2025
2293,5,validation,2025
2294,4,train,2025
2295,2,train,2025
2296,1,validation,2025
2297,7,train,2025
2298,9,train,2025
2299,5,train,2025
2300,2,train,2025
2301,8,train,2025
2302,1,train,2025
2303,1,train,2025
2304,5,train,2025
2305,7,train,2025
2306,5,train,2025
2307,2,train,2025
2308,8,train,2025
2309,2,train,2025
2310,6,train,2025
2311,1,train,2025
2312,1,train,2025
2313,4,train,2025
2314,4,train,2025
2315,4,train,2025
2316,1,train,2025
2317,8,validation,2025
2318,7,validation,2025
2319,7,validation,2025
2320,4,validation,2025
2321,7,validation,2025
2322,5,validation,2025
2323,8,train,2025
2324,3,train,2025
2325,8,train,2025
2326,4,train,2025
2327,6,validation,2025
2328,1,validation,2025
2329,5,train,2025
2330,6,train,2025
2331,9,train,2025
2332,3,train,2025
2333,1,train,2025
2334,4,train,2025
2335,7,train,2025
2336,4,train,2025
2337,8,train,2025
2338,3,train,2025
2339,5,train,2025
2340,6,train,2025
2341,7,train,2025
2342,0,validation,2025
2343,6,train,2025
2344,7,train,2025
2345,8,train,2025
2346,5,train,2025
2347,0,validation,2025
2348,1,validation,2025
2349,0,train,2025
2350,6,validation,2025
2351,0,train,2025
2352,2,validation,2025
2353,2,train,2025
2354,5,train,2025
2355,3,train,2025
2356,7,train,2025
2357,8,train,2025
2358,3,train,2025
2359,3,validation,2025
2360,0,validation,2025
2361,0,train,2025
2362,3,train,2025
2363,3,train,2025
2364,9,train,2025
2365,0,train,2025
2366,6,train,2025
2367,2,train,2025
2368,7,train,2025
2369,6,validation,2025
2370,5,validation,2025
2371,3,train,2025
2372,5,train,2025
2373,0,validation,2025
2374,2,validation,2025
2375,0,train,2025
2376,8,train,2025
2377,4,train,2025
2378,9,train,2025
2379,1,train,2025
2380,1,train,2025
2381,0,train,2025
2382,9,train,2025
2383,1,train,2025
2384,5,train,2025
2385,0,train,2025
2386,8,validation,2025
2387,4,train,2025
2388,0,validation,2025
2389,0,train,2025
2390,8,train,2025
2391,7,train,2025
2392,8,validation,2025
2393,0,train,2025
2394,3,validation,2025
2395,4,train,2025
2396,4,train,2025
2397,3,train,2025
2398,7,train,2025
2399,3,train,2025
2400,6,train,2025
2401,3,train,2025
2402,0,train,2025
2403,1,train,2025
2404,4,validation,2025
2405,9,train,2025
2406,9,validation,2025
2407,7,train,2025
2408,3,train,2025
2409,2,validation,2025
2410,6,train,2025
2411,9,train,2025
2412,9,validation,2025
2413,7,train,2025
2414,2,train,2025
2415,3,train,2025
2416,6,train,2025
2417,8,train,2025
2418,0,train,2025
2419,9,train,2025
2420,8,train,2025
2421,7,train,2025
2422,5,train,2025
2423,4,train,2025
2424,5,validation,2025
2425,5,validation,2025
2426,8,train,2025
2427,2,train,2025
2428,1,train,2025
2429,2,train,2025
2430,2,train,2025
2431,2,train,2025
2432,6,validation,2025
2433,2,validation,2025
2434,4,train,2025
2435,2,train,2025
2436,5,train,2025
2437,0,train,2025
2438,4,validation,2025
2439,0,train,2025
2440,8,train,2025
2441,3,train,2025
2442,1,train,2025
2443,0,train,2025
2444,9,train,2025
2445,4,train,2025
2446,8,train,2025
2447,3,train,2025
2448,2,train,2025
2449,9,train,2025
2450,9,train,2025
2451,9,train,2025
2452,2,train,2025
2453,0,validation,2025
2454,8,train,2025
2455,3,validation,2025
2456,3,validation,2025
2457,5,train,2025
2458,1,train,2025
2459,0,train,2025
2460,4,train,2025
2461,1,train,2025
2462,7,train,2025
2463,4,validation,2025
2464,0,train,2025
2465,9,train,2025
2466,5,train,2025
2467,0,train,2025
2468,3,train,2025
2469,8,train,2025
2470,2,train,2025
2471,6,train,2025
2472,7,validation,2025
2473,4,train,2025
2474,1,validation,2025
2475,3,train,2025
2476,5,train,2025
2477,8,train,2025
2478,8,train,2025
2479,6,validation,2025
2480,5,train,2025
2481,2,train,2025
2482,9,validation,2025
2483,2,train,2025
2484,1,train,2025
2485,5,train,2025
2486,4,train,2025
2487,8,train,2025
2488,9,train,2025
2489,5,validation,2025
2490,5,train,2025
2491,9,train,2025
2492,7,train,2025
2493,4,train,2025
2494,4,train,2025
2495,6,train,2025
2496,7,train,2025
2497,6,train,2025
2498,7,train,2025
2499,8,train,2025
2500,1,train,2025
2501,4,train,2025
2502,4,train,2025
2503,3,train,2025
2504,4,train,2025
2505,1,train,2025
2506,5,train,2025
2507,8,train,2025
2508,4,train,2025
2509,4,train,2025
2510,1,validation,2025
2511,7,train,2025
2512,1,train,2025
2513,8,train,2025
2514,3,train,2025
2515,5,train,2025
2516,5,validation,2025
2517,2,train,2025
2518,6,train,2025
2519,4,train,2025
2520,8,train,2025
2521,4,train,2025
2522,1,train,2025
2523,8,train,2025
2524,3,train,2025
2525,6,train,2025
2526,2,train,2025
2527,3,train,2025
2528,6,train,2025
2529,7,validation,2025
2530,3,train,2025
2531,1,train,2025
2532,1,train,2025
2533,0,train,2025
2534,5,validation,2025
2535,7,train,2025
2536,8,validation,2025
2537,8,train,2025
2538,9,validation,2025
2539,9,train,2025
2540,4,train,2025
2541,5,train,2025
2542,6,train,2025
2543,7,train,2025
2544,2,validation,2025
2545,5,train,2025
2546,8,validation,2025
2547,8,train,2025
2548,4,validation,2025
2549,4,train,2025
2550,6,train,2025
2551,9,train,2025
2552,6,train,2025
2553,2,train,2025
2554,1,train,2025
2555,7,train,2025
2556,1,train,2025
2557,6,train,2025
2558,9,train,2025
2559,8,train,2025
2560,6,train,2025
2561,3,train,2025
2562,9,validation,2025
2563,0,train,2025
2564,5,validation,2025
2565,2,train,2025
2566,9,train,2025
2567,2,train,2025
2568,0,train,2025
2569,2,validation,2025
2570,5,validation,2025
2571,7,validation,2025
2572,8,train,2025
2573,2,train,2025
2574,2,train,2025
2575,5,validation,2025
2576,6,validation,2025
2577,0,train,2025
2578,5,validation,2025
2579,5,train,2025
2580,5,train,2025
2581,2,train,2025
2582,4,train,2025
2583,7,train,2025
2584,7,train,2025
2585,8,train,2025
2586,2,validation,2025
2587,2,validation,2025
2588,0,train,2025
2589,2,train,2025
2590,0,train,2025
2591,3,train,2025
2592,8,train,2025
2593,0,train,2025
2594,2,train,2025
2595,2,train,2025
2596,4,train,2025
2597,9,validation,2025
2598,7,validation,2025
2599,7,validation,2025
2600,8,validation,2025
2601,7,train,2025
2602,8,train,2025
2603,2,train,2025
2604,2,train,2025
2605,8,train,2025
2606,4,train,2025
2607,4,train,2025
2608,9,train,2025
2609,5,train,2025
2610,5,train,2025
2611,5,validation,2025
2612,4,validation,2025
2613,0,train,2025
2614,4,train,2025
2615,2,train,2025
2616,0,train,2025
2617,6,train,2025
2618,4,train,2025
2619,2,train,2025
2620,5,train,2025
2621,3,train,2025
2622,1,train,2025
2623,7,train,2025
2624,5,train,2025
2625,0,train,2025
2626,0,train,2025
2627,5,train,2025
2628,6,train,2025
2629,1,validation,2025
2630,1,validation,2025
2631,8,train,2025
2632,7,validation,2025
2633,4,train,2025
2634,4,train,2025
2635,3,train,2025
2636,5,train,2025
2637,9,train,2025
2638,1,train,2025
2639,6,validation,2025
2640,7,train,2025
2641,9,train,2025
2642,4,train,2025
2643,4,validation,2025
2644,1,validation,2025
2645,0,train,2025
2646,5,train,2025
2647,1,train,2025
2648,7,train,2025
2649,6,validation,2025
2650,7,train,2025
2651,0,validation,2025
2652,1,train,2025
2653,1,validation,2025
2654,3,train,2025
2655,3,train,2025
2656,1,train,2025
2657,2,validation,2025
2658,2,train,2025
2659,1,train,2025
2660,1,validation,2025
2661,6,validation,2025
2662,2,train,2025
2663,3,validation,2025
2664,8,validation,2025
2665,6,train,2025
2666,8,train,2025
2667,2,train,2025
2668,7,train,2025
2669,4,train,2025
2670,6,train,2025
2671,6,train,2025
2672,4,train,2025
2673,9,train,2025
2674,3,train,2025
2675,6,train,2025
2676,7,validation,2025
2677,1,train,2025
2678,8,validation,2025
2679,5,train,2025
2680,9,train,2025
2681,7,train,2025
2682,8,validation,2025
2683,5,train,2025
2684,4,train,2025
2685,3,validation,2025
2686,6,train,2025
2687,1,train,2025
2688,2,train,2025
2689,6,train,2025
2690,2,train,2025
2691,1,train,2025
2692,0,train,2025
2693,6,train,2025
2694,4,train,2025
2695,3,train,2025
2696,9,validation,2025
2697,6,train,2025
2698,9,validation,2025
2699,8,train,2025
2700,6,validation,2025
2701,4,train,2025
2702,5,train,2025
2703,3,train,2025
2704,5,train,2025
2705,7,train,2025
2706,1,train,2025
2707,3,validation,2025
2708,6,train,2025
2709,8,validation,2025
2710,6,train,2025
2711,4,train,2025
2712,1,train,2025
2713,6,train,2025
2714,3,train,2025
2715,0,validation,2025
2716,7,train,2025
2717,4,train,2025
2718,6,train,2025
2719,7,train,2025
2720,1,train,2025
2721,5,train,2025
2722,9,train,2025
2723,6,train,2025
2724,9,train,2025
2725,0,train,2025
2726,8,train,2025
2727,7,train,2025
2728,1,validation,2025
2729,1,train,2025
2730,9,validation,2025
2731,2,train,2025
2732,6,train,2025
2733,9,train,2025
2734,3,train,2025
2735,7,train,2025
2736,9,train,2025
2737,4,train,2025
2738,8,train,2025
2739,4,train,2025
2740,5,train,2025
2741,8,train,2025
2742,7,train,2025
2743,2,validation,2025
2744,7,validation,2025
2745,4,train,2025
2746,0,train,2025
2747,2,train,2025
2748,8,validation,2025
2749,9,train,2025
2750,8,train,2025
2751,3,train,2025
2752,1,train,2025
2753,1,validation,2025
2754,5,train,2025
2755,4,train,2025
2756,5,validation,2025
2757,6,train,2025
2758,3,train,2025
2759,7,train,2025
2760,2,train,2025
2761,5,train,2025
2762,8,train,2025
2763,9,train,2025
2764,0,train,2025
2765,7,validation,2025
2766,0,train,2025
2767,4,validation,2025
2768,8,train,2025
2769,0,train,2025
2770,6,validation,2025
2771,8,train,2025
2772,9,train,2025
2773,2,train,2025
2774,5,train,2025
2775,3,validation,2025
2776,7,train,2025
2777,2,train,2025
2778,3,train,2025
2779,0,train,2025
2780,2,train,2025
2781,9,validation,2025
2782,1,train,2025
2783,6,train,2025
2784,4,train,2025
2785,6,train,2025
2786,2,train,2025
2787,7,train,2025
2788,7,train,2025
2789,3,train,2025
2790,0,train,2025
2791,3,validation,2025
2792,4,train,2025
2793,0,train,2025
2794,8,train,2025
2795,4,validation,2025
2796,4,train,2025
2797,0,train,2025
2798,6,train,2025
2799,6,train,2025
2800,6,train,2025
2801,8,train,2025
2802,9,train,2025
2803,6,train,2025
2804,0,train,2025
2805,9,train,2025
2806,9,train,2025
2807,6,train,2025
2808,8,train,2025
2809,8,validation,2025
2810,5,train,2025
2811,5,train,2025
2812,5,train,2025
2813,1,train,2025
2814,2,validation,2025
2815,4,train,2025
2816,7,validation,2025
2817,4,train,2025
2818,5,train,2025
2819,5,train,2025
2820,6,train,2025
2821,4,train,2025
2822,1,validation,2025
2823,4,train,2025
2824,1,train,2025
2825,4,train,2025
2826,7,validation,2025
2827,1,validation,2025
2828,4,validation,2025
2829,8,train,2025
2830,0,train,2025
2831,4,train,2025
2832,9,validation,2025
2833,8,train,2025
2834,1,train,2025
2835,1,train,2025
2836,4,train,2025
2837,7,train,2025
2838,3,train,2025
2839,9,train,2025
2840,4,train,2025
2841,0,train,2025
2842,0,validation,2025
2843,5,train,2025
2844,3,train,2025
2845,7,train,2025
2846,4,validation,2025
2847,0,train,2025
2848,6,validation,2025
2849,2,validation,2025
2850,3,train,2025
2851,1,validation,2025
2852,0,train,2025
2853,9,train,2025
2854,9,train,2025
2855,4,train,2025
2856,6,validation,2025
2857,0,train,2025
2858,6,validation,2025
2859,7,train,2025
2860,3,train,2025
2861,3,train,2025
2862,0,train,2025
2863,8,train,2025
2864,9,train,2025
2865,0,train,2025
2866,4,train,2025
2867,7,train,2025
2868,3,train,2025
2869,1,train,2025
2870,5,train,2025
2871,3,train,2025
2872,7,train,2025
2873,2,train,2025
2874,3,validation,2025
2875,9,train,2025
2876,3,train,2025
2877,7,train,2025
2878,5,validation,2025
2879,9,train,2025
2880,7,train,2025
2881,2,train,2025
2882,9,validation,2025
2883,4,train,2025
2884,7,train,2025
2885,3,validation,2025
2886,4,train,2025
2887,9,train,2025
2888,0,train,2025
2889,2,validation,2025
2890,9,train,2025
2891,7,train,2025
2892,5,validation,2025
2893,1,train,2025
2894,5,train,2025
2895,5,train,2025
2896,4,train,2025
2897,1,train,2025
2898,7,train,2025
2899,0,train,2025
2900,5,train,2025
2901,0,train,2025
2902,3,train,2025
2903,8,train,2025
2904,0,validation,2025
2905,0,train,2025
2906,9,train,2025
2907,9,train,2025
2908,1,train,2025
2909,1,train,2025
2910,8,train,2025
2911,7,train,2025
2912,7,validation,2025
2913,4,train,2025
2914,8,train,2025
2915,8,train,2025
2916,1,train,2025
2917,6,train,2025
2918,6,train,2025
2919,7,validation,2025
2920,0,train,2025
2921,7,train,2025
2922,5,train,2025
2923,5,train,2025
2924,1,train,2025
2925,7,train,2025
2926,9,train,2025
2927,0,validation,2025
2928,9,train,2025
2929,2,validation,2025
2930,2,train,2025
2931,1,train,2025
2932,5,validation,2025
2933,3,train,2025
2934,9,train,2025
2935,0,train,2025
2936,3,train,2025
2937,6,train,2025
2938,3,train,2025
2939,6,train,2025
2940,5,train,2025
2941,3,train,2025
2942,5,train,2025
2943,2,validation,2025
2944,9,train,2025
2945,9,validation,2025
2946,6,train,2025
2947,3,train,2025
2948,5,train,2025
2949,8,train,2025
2950,4,train,2025
2951,3,train,2025
2952,6,validation,2025
2953,9,train,2025
2954,1,train,2025
2955,9,train,2025
2956,2,train,2025
2957,4,train,2025
2958,2,train,2025
2959,1,train,2025
2960,3,train,2025
2961,0,validation,2025
2962,5,validation,2025
2963,4,validation,2025
2964,1,train,2025
2965,0,train,2025
2966,5,train,2025
2967,0,train,2025
2968,6,validation,2025
2969,2,validation,2025
2970,3,train,2025
2971,6,train,2025
2972,4,train,2025
2973,8,train,2025
2974,2,train,2025
2975,7,train,2025
2976,6,validation,2025
2977,5,train,2025
2978,1,train,2025
2979,4,train,2025
2980,6,train,2025
2981,3,validation,2025
2982,0,train,2025
2983,5,validation,2025
2984,6,validation,2025
2985,0,train,2025
2986,4,validation,2025
2987,6,train,2025
2988,0,train,2025
2989,1,train,2025
2990,8,train,2025
2991,7,validation,2025
2992,5,train,2025
2993,9,train,2025
2994,8,train,2025
2995,4,validation,2025
2996,2,train,2025
2997,6,validation,2025
2998,4,train,2025
2999,7,train,2025
3000,6,train,2025
3001,8,validation,2025
3002,2,train,2025
3003,5,train,2025
3004,7,train,2025
3005,0,train,2025
3006,0,train,2025
3007,0,validation,2025
3008,2,train,2025
3009,5,train,2025
3010,6,train,2025
3011,3,train,2025
3012,1,train,2025
3013,8,train,2025
3014,2,train,2025
3015,2,validation,2025
3016,0,train,2025
3017,0,train,2025
3018,1,validation,2025
3019,4,validation,2025
3020,6,train,2025
3021,1,validation,2025
3022,3,train,2025
3023,9,train,2025
3024,6,validation,2025
3025,0,train,2025
3026,5,train,2025
3027,5,train,2025
3028,1,train,2025
3029,3,train,2025
3030,7,train,2025
3031,6,validation,2025
3032,5,train,2025
3033,9,train,2025
3034,4,train,2025
3035,1,train,2025
3036,4,train,2025
3037,2,validation,2025
3038,4,train,2025
3039,9,train,2025
3040,7,train,2025
3041,9,validation,2025
3042,2,validation,2025
3043,0,validation,2025
3044,8,train,2025
3045,6,validation,2025
3046,5,train,2025
3047,4,train,2025
3048,4,train,2025
3049,4,train,2025
3050,0,validation,2025
3051,3,train,2025
3052,8,train,2025
3053,4,validation,2025
3054,6,train,2025
3055,7,train,2025
3056,5,train,2025
3057,2,train,2025
3058,5,train,2025
3059,5,train,2025
3060,4,validation,2025
3061,4,train,2025
3062,4,train,2025
3063,4,train,2025
3064,8,train,2025
3065,2,train,2025
3066,0,train,2025
3067,2,train,2025
3068,0,train,2025
3069,7,train,2025
3070,6,train,2025
3071,2,validation,2025
3072,6,train,2025
3073,2,train,2025
3074,0,train,2025
3075,8,train,2025
3076,7,train,2025
3077,1,validation,2025
3078,9,train,2025
3079,1,train,2025
3080,6,train,2025
3081,4,validation,2025
3082,0,train,2025
3083,8,train,2025
3084,5,train,2025
3085,9,train,2025
3086,5,train,2025
3087,7,train,2025
3088,4,train,2025
3089,4,train,2025
3090,9,train,2025
3091,7,train,2025
3092,7,train,2025
3093,7,train,2025
3094,5,validation,2025
3095,3,train,2025
3096,0,train,2025
3097,6,validation,2025
3098,1,train,2025
3099,7,train,2025
3100,5,train,2025
3101,2,train,2025
3102,6,train,2025
3103,4,train,2025
3104,0,train,2025
3105,0,train,2025
3106,5,train,2025
3107,4,train,2025
3108,2,train,2025
3109,2,validation,2025
3110,6,train,2025
3111,0,train,2025
3112,2,validation,2025
3113,1,train,2025
3114,8,train,2025
3115,4,train,2025
3116,9,train,2025
3117,3,train,2025
3118,1,train,2025
3119,4,train,2025
3120,6,train,2025
3121,4,train,2025
3122,8,train,2025
3123,0,train,2025
3124,0,train,2025
3125,3,train,2025
3126,2,train,2025
3127,3,train,2025
3128,0,train,2025
3129,6,validation,2025
3130,7,train,2025
3131,0,validation,2025
3132,3,train,2025
3133,3,train,2025
3134,2,train,2025
3135,3,validation,2025
3136,1,train,2025
3137,7,validation,2025
3138,4,validation,2025
3139,7,validation,2025
3140,7,validation,2025
3141,4,train,2025
3142,8,train,2025
3143,1,validation,2025
3144,9,train,2025
3145,0,train,2025
3146,3,validation,2025
3147,7,train,2025
3148,9,train,2025
3149,5,validation,2025
3150,8,train,2025
3151,3,train,2025
3152,2,train,2025
3153,9,train,2025
3154,6,train,2025
3155,5,train,2025
3156,2,train,2025
3157,5,train,2025
3158,3,validation,2025
3159,5,train,2025
3160,6,validation,2025
3161,3,train,2025
3162,5,train,2025
3163,0,train,2025
3164,1,train,2025
3165,3,train,2025
3166,5,train,2025
3167,0,train,2025
3168,3,train,2025
3169,5,train,2025
3170,3,train,2025
3171,2,validation,2025
3172,5,train,2025
3173,5,validation,2025
3174,1,validation,2025
3175,6,train,2025
3176,8,train,2025
3177,7,train,2025
3178,3,validation,2025
3179,7,train,2025
3180,2,train,2025
3181,9,train,2025
3182,9,train,2025
3183,9,train,2025
3184,1,train,2025
3185,9,train,2025
3186,7,train,2025
3187,2,train,2025
3188,8,train,2025
3189,1,train,2025
3190,4,train,2025
3191,4,train,2025
3192,0,train,2025
3193,3,validation,2025
3194,4,train,2025
3195,7,train,2025
3196,0,validation,2025
3197,1,validation,2025
3198,5,train,2025
3199,9,train,2025
3200,8,train,2025
3201,9,train,2025
3202,8,validation,2025
3203,6,train,2025
3204,0,validation,2025
3205,0,train,2025
3206,1,train,2025
3207,1,train,2025
3208,5,train,2025
3209,8,train,2025
3210,6,train,2025
3211,9,train,2025
3212,1,train,2025
3213,8,train,2025
3214,4,train,2025
3215,0,validation,2025
3216,8,validation,2025
3217,3,train,2025
3218,7,train,2025
3219,2,train,2025
3220,3,train,2025
3221,2,train,2025
3222,4,train,2025
3223,6,train,2025
3224,5,train,2025
3225,7,train,2025
3226,7,train,2025
3227,2,train,2025
3228,2,train,2025
3229,9,train,2025
3230,2,validation,2025
3231,3,train,2025
3232,5,train,2025
3233,7,train,2025
3234,9,train,2025
3235,9,validation,2025
3236,8,validation,2025
3237,4,train,2025
3238,5,train,2025
3239,6,validation,2025
3240,6,validation,2025
3241,2,train,2025
3242,9,train,2025
3243,1,train,2025
3244,2,train,2025
3245,2,train,2025
3246,6,train,2025
3247,8,train,2025
3248,7,train,2025
3249,9,train,2025
3250,0,train,2025
3251,6,train,2025
3252,3,train,2025
3253,3,train,2025
3254,8,validation,2025
3255,8,validation,2025
3256,1,train,2025
3257,9,train,2025
3258,6,train,2025
3259,8,train,2025
3260,3,train,2025
3261,3,train,2025
3262,8,train,2025
3263,5,train,2025
3264,6,train,2025
3265,7,train,2025
3266,9,train,2025
3267,2,train,2025
3268,0,train,2025
3269,9,train,2025
3270,2,train,2025
3271,4,validation,2025
3272,7,train,2025
3273,9,train,2025
3274,9,validation,2025
3275,9,validation,2025
3276,9,train,2025
3277,7,train,2025
3278,6,validation,2025
3279,0,train,2025
3280,6,train,2025
3281,9,train,2025
3282,0,train,2025
3283,1,validation,2025
3284,3,train,2025
3285,1,validation,2025
3286,2,train,2025
3287,3,train,2025
3288,5,train,2025
3289,1,validation,2025
3290,3,train,2025
3291,8,train,2025
3292,4,train,2025
3293,1,train,2025
3294,6,validation,2025
3295,0,train,2025
3296,3,train,2025
3297,6,train,2025
3298,2,validation,2025
3299,5,validation,2025
3300,6,train,2025
3301,9,train,2025
3302,4,train,2025
3303,4,validation,2025
3304,1,train,2025
3305,9,train,2025
3306,8,train,2025
3307,0,train,2025
3308,9,train,2025
3309,2,train,2025
3310,0,train,2025
3311,9,train,2025
3312,9,train,2025
3313,8,train,2025
3314,1,validation,2025
3315,1,train,2025
3316,3,train,2025
3317,6,train,2025
3318,9,validation,2025
3319,7,train,2025
3320,4,validation,2025
3321,0,train,2025
3322,8,train,2025
3323,0,train,2025
3324,1,train,2025
3325,7,train,2025
3326,0,train,2025
3327,7,train,2025
3328,2,validation,2025
3329,8,validation,2025
3330,9,train,2025
3331,6,train,2025
3332,3,train,2025
3333,5,train,2025
3334,2,train,2025
3335,4,train,2025
3336,9,train,2025
3337,1,validation,2025
3338,9,validation,2025
3339,1,train,2025
3340,5,train,2025
3341,2,train,2025
3342,2,train,2025
3343,2,train,2025
3344,6,train,2025
3345,3,validation,2025
3346,5,train,2025
3347,4,train,2025
3348,7,validation,2025
3349,4,validation,2025
3350,4,train,2025
3351,2,validation,2025
3352,9,train,2025
3353,7,train,2025
3354,8,train,2025
3355,6,train,2025
3356,2,train,2025
3357,6,validation,2025
3358,8,validation,2025
3359,9,train,2025
3360,6,train,2025
3361,0,validation,2025
3362,2,train,2025
3363,0,train,2025
3364,4,train,2025
3365,1,train,2025
3366,2,train,2025
3367,7,validation,2025
3368,1,train,2025
3369,5,train,2025
3370,6,train,2025
3371,9,train,2025
3372,4,train,2025
3373,6,train,2025
3374,2,train,2025
3375,3,train,2025
3376,2,train,2025
3377,4,train,2025
3378,1,train,2025
3379,2,train,2025
3380,2,train,2025
3381,4,train,2025
3382,6,train,2025
3383,2,train,2025
3384,0,train,2025
3385,5,train,2025
3386,9,train,2025
3387,7,train,2025
3388,1,train,2025
3389,7,train,2025
3390,6,train,2025
3391,0,train,2025
3392,6,train,2025
3393,1,train,2025
3394,0,train,2025
3395,7,train,2025
3396,3,validation,2025
3397,8,train,2025
3398,6,train,2025
3399,5,train,2025
3400,5,train,2025
3401,8,train,2025
3402,5,validation,2025
3403,2,validation,2025
3404,0,train,2025
3405,7,train,2025
3406,6,train,2025
3407,8,train,2025
3408,1,train,2025
3409,9,train,2025
3410,1,validation,2025
3411,3,train,2025
3412,9,validation,2025
3413,8,train,2025
3414,2,train,2025
3415,3,train,2025
3416,1,train,2025
3417,0,train,2025
3418,4,train,2025
3419,6,train,2025
3420,6,train,2025
3421,5,train,2025
3422,7,train,2025
3423,3,train,2025
3424,7,train,2025
3425,9,train,2025
3426,6,train,2025
3427,5,train,2025
3428,7,train,2025
3429,1,train,2025
3430,3,train,2025
3431,0,train,2025
3432,6,train,2025
3433,2,train,2025
3434,9,train,2025
3435,5,validation,2025
3436,6,train,2025
3437,9,train,2025
3438,1,validation,2025
3439,3,train,2025
3440,3,train,2025
3441,7,train,2025
3442,1,train,2025
3443,4,train,2025
3444,9,train,2025
3445,0,validation,2025
3446,9,train,2025
3447,1,train,2025
3448,9,train,2025
3449,8,validation,2025
3450,3,validation,2025
3451,4,train,2025
3452,8,train,2025
3453,3,train,2025
3454,0,train,2025
3455,5,train,2025
3456,1,train,2025
3457,3,train,2025
3458,7,validation,2025
3459,8,train,2025
3460,4,train,2025
3461,9,train,2025
3462,9,train,2025
3463,1,train,2025
3464,0,validation,2025
3465,8,train,2025
3466,7,train,2025
3467,1,train,2025
3468,7,train,2025
3469,2,train,2025
3470,2,train,2025
3471,2,train,2025
3472,6,train,2025
3473,0,validation,2025
3474,1,train,2025
3475,3,train,2025
3476,4,train,2025
3477,6,train,2025
3478,8,train,2025
3479,3,train,2025
3480,1,train,2025
3481,1,train,2025
3482,4,train,2025
3483,1,train,2025
3484,2,train,2025
3485,1,train,2025
3486,5,train,2025
3487,5,train,2025
3488,0,train,2025
3489,2,train,2025
3490,6,validation,2025
3491,9,train,2025
3492,2,validation,2025
3493,1,train,2025
3494,2,train,2025
3495,8,validation,2025
3496,4,train,2025
3497,0,validation,2025
3498,9,train,2025
3499,4,train,2025
3500,6,train,2025
3501,1,train,2025
3502,2,validation,2025
3503,1,train,2025
3504,6,train,2025
3505,5,train,2025
3506,8,train,2025
3507,7,validation,2025
3508,3,train,2025
3509,9,train,2025
3510,9,train,2025
3511,5,train,2025
3512,0,train,2025
3513,0,validation,2025
3514,4,validation,2025
3515,4,validation,2025
3516,9,validation,2025
3517,9,train,2025
3518,2,train,2025
3519,8,validation,2025
3520,2,train,2025
3521,6,train,2025
3522,8,train,2025
3523,9,train,2025
3524,9,train,2025
3525,4,train,2025
3526,8,train,2025
3527,3,train,2025
3528,1,train,2025
3529,4,train,2025
3530,1,train,2025
3531,6,validation,2025
3532,8,validation,2025
3533,6,train,2025
3534,7,validation,2025
3535,4,train,2025
3536,4,train,2025
3537,4,train,2025
3538,1,train,2025
3539,7,validation,2025
3540,9,train,2025
3541,4,train,2025
3542,2,validation,2025
3543,7,train,2025
3544,6,validation,2025
3545,8,train,2025
3546,8,train,2025
3547,8,validation,2025
3548,8,validation,2025
3549,8,train,2025
3550,0,train,2025
3551,3,train,2025
3552,8,train,2025
3553,1,validation,2025
3554,2,train,2025
3555,0,train,2025
3556,8,train,2025
3557,0,train,2025
3558,6,validation,2025
3559,5,train,2025
3560,6,train,2025
3561,0,train,2025
3562,4,train,2025
3563,6,train,2025
3564,0,validation,2025
3565,8,train,2025
3566,4,train,2025
3567,5,validation,2025
3568,7,train,2025
3569,9,validation,2025
3570,8,train,2025
3571,1,train,2025
3572,1,validation,2025
3573,2,train,2025
3574,0,train,2025
3575,0,train,2025
3576,6,train,2025
3577,9,train,2025
3578,1,train,2025
3579,9,train,2025
3580,4,train,2025
3581,2,validation,2025
3582,2,train,2025
3583,7,train,2025
3584,7,train,2025
3585,0,train,2025
3586,6,train,2025
3587,9,train,2025
3588,7,train,2025
3589,9,train,2025
3590,5,train,2025
3591,6,train,2025
3592,3,train,2025
3593,1,train,2025
3594,1,train,2025
3595,6,train,2025
3596,5,train,2025
3597,8,train,2025
3598,3,train,2025
3599,2,train,2025
3600,9,validation,2025
3601,1,validation,2025
3602,5,validation,2025
3603,7,validation,2025
3604,2,train,2025
3605,1,validation,2025
3606,7,validation,2025
3607,5,train,2025
3608,6,train,2025
3609,4,train,2025
3610,2,train,2025
3611,2,validation,2025
3612,1,train,2025
3613,3,train,2025
3614,6,train,2025
3615,4,validation,2025
3616,6,train,2025
3617,3,train,2025
3618,3,validation,2025
3619,0,train,2025
3620,6,train,2025
3621,7,train,2025
3622,8,train,2025
3623,5,train,2025
3624,1,train,2025
3625,6,train,2025
3626,9,train,2025
3627,2,validation,2025
3628,5,validation,2025
3629,5,validation,2025
3630,4,validation,2025
3631,5,train,2025
3632,8,validation,2025
3633,4,train,2025
3634,9,validation,2025
3635,1,train,2025
3636,5,train,2025
3637,1,train,2025
3638,1,train,2025
3639,8,train,2025
3640,3,train,2025
3641,1,validation,2025
3642,1,validation,2025
3643,2,train,2025
3644,5,train,2025
3645,9,train,2025
3646,1,train,2025
3647,8,train,2025
3648,6,train,2025
3649,9,validation,2025
3650,9,validation,2025
3651,7,train,2025
3652,9,train,2025
3653,7,validation,2025
3654,0,validation,2025
3655,1,train,2025
3656,7,train,2025
3657,9,train,2025
3658,5,validation,2025
3659,7,train,2025
3660,0,train,2025
3661,9,train,2025
3662,7,train,2025
3663,3,train,2025
3664,8,train,2025
3665,4,validation,2025
3666,8,train,2025
3667,5,train,2025
3668,2,train,2025
3669,5,train,2025
3670,5,train,2025
3671,5,train,2025
3672,7,validation,2025
3673,7,train,2025
3674,4,train,2025
3675,5,train,2025
3676,7,train,2025
3677,1,train,2025
3678,4,train,2025
3679,5,train,2025
3680,2,train,2025
3681,1,train,2025
3682,6,validation,2025
3683,4,train,2025
3684,2,train,2025
3685,4,validation,2025
3686,3,train,2025
3687,9,train,2025
3688,0,train,2025
3689,2,train,2025
3690,9,train,2025
3691,6,validation,2025
3692,1,validation,2025
3693,0,train,2025
3694,1,train,2025
3695,0,validation,2025
3696,1,train,2025
3697,4,train,2025
3698,0,train,2025
3699,9,train,2025
3700,3,train,2025
3701,4,train,2025
3702,5,train,2025
3703,7,train,2025
3704,2,train,2025
3705,7,validation,2025
3706,6,train,2025
3707,8,train,2025
3708,6,train,2025
3709,2,train,2025
3710,1,train,2025
3711,1,train,2025
3712,6,train,2025
3713,1,validation,2025
3714,8,train,2025
3715,1,train,2025
3716,8,validation,2025
3717,3,train,2025
3718,9,train,2025
3719,4,train,2025
3720,5,train,2025
3721,9,train,2025
3722,2,train,2025
3723,0,train,2025
3724,8,validation,2025
3725,2,validation,2025
3726,7,train,2025
3727,5,validation,2025
3728,6,validation,2025
3729,9,train,2025
3730,1,train,2025
3731,6,train,2025
3732,5,train,2025
3733,4,train,2025
3734,4,train,2025
3735,9,train,2025
3736,2,train,2025
3737,9,train,2025
3738,6,train,2025
3739,4,train,2025
3740,5,train,2025
3741,5,train,2025
3742,2,train,2025
3743,8,train,2025
3744,5,train,2025
3745,7,train,2025
3746,8,train,2025
3747,4,train,2025
3748,1,train,2025
3749,3,train,2025
3750,4,train,2025
3751,8,train,2025
3752,6,validation,2025
3753,5,train,2025
3754,3,train,2025
3755,0,train,2025
3756,2,train,2025
3757,9,train,2025
3758,9,train,2025
3759,4,train,2025
3760,5,train,2025
3761,8,train,2025
3762,6,train,2025
3763,0,train,2025
3764,2,train,2025
3765,7,train,2025
3766,0,train,2025
3767,5,validation,2025
3768,4,train,2025
3769,9,train,2025
3770,1,train,2025
3771,7,train,2025
3772,2,train,2025
3773,4,train,2025
3774,4,train,2025
3775,6,train,2025
3776,6,train,2025
3777,1,validation,2025
3778,0,validation,2025
3779,5,train,2025
3780,8,train,2025
3781,4,train,2025
3782,7,train,2025
3783,2,train,2025
3784,2,train,2025
3785,2,validation,2025
3786,9,train,2025
3787,4,train,2025
3788,6,train,2025
3789,1,train,2025
3790,0,train,2025
3791,1,train,2025
3792,2,train,2025
3793,1,validation,2025
3794,6,validation,2025
3795,7,validation,2025
3796,6,train,2025
3797,2,train,2025
3798,8,train,2025
3799,5,train,2025
3800,3,train,2025
3801,9,validation,2025
3802,0,train,2025
3803,1,train,2025
3804,2,train,2025
3805,0,validation,2025
3806,2,train,2025
3807,7,train,2025
3808,4,train,2025
3809,3,validation,2025
3810,5,train,2025
3811,0,train,2025
3812,3,train,2025
3813,1,train,2025
3814,9,train,2025
3815,2,train,2025
3816,5,train,2025
3817,0,train,2025
3818,0,train,2025
3819,3,train,2025
3820,6,train,2025
3821,5,train,2025
3822,3,train,2025
3823,0,train,2025
3824,2,train,2025
3825,9,train,2025
3826,0,train,2025
3827,9,train,2025
3828,3,validation,2025
3829,4,train,2025
3830,1,train,2025
3831,9,train,2025
3832,7,train,2025
3833,2,train,2025
3834,5,train,2025
3835,6,validation,2025
3836,5,train,2025
3837,4,train,2025
3838,4,validation,2025
3839,0,train,2025
3840,6,train,2025
3841,5,train,2025
3842,5,train,2025
3843,8,train,2025
3844,2,train,2025
3845,1,train,2025
3846,5,validation,2025
3847,0,train,2025
3848,1,train,2025
3849,2,train,2025
3850,1,train,2025
3851,7,train,2025
3852,2,train,2025
3853,1,train,2025
3854,4,train,2025
3855,4,train,2025
3856,7,train,2025
3857,2,train,2025
3858,3,validation,2025
3859,6,train,2025
3860,6,train,2025
3861,2,train,2025
3862,2,validation,2025
3863,2,train,2025
3864,0,train,2025
3865,4,validation,2025
3866,5,train,2025
3867,5,validation,2025
3868,2,train,2025
3869,2,validation,2025
3870,3,train,2025
3871,4,train,2025
3872,1,validation,2025
3873,6,train,2025
3874,8,validation,2025
3875,9,train,2025
3876,1,train,2025
3877,3,train,2025
3878,8,train,2025
3879,2,train,2025
3880,3,train,2025
3881,8,train,2025
3882,6,validation,2025
3883,8,validation,2025
3884,7,train,2025
3885,8,validation,2025
3886,1,validation,2025
3887,5,train,2025
3888,3,train,2025
3889,7,train,2025
3890,1,train,2025
3891,0,train,2025
3892,9,train,2025
3893,6,validation,2025
3894,3,train,2025
3895,6,validation,2025
3896,6,train,2025
3897,8,validation,2025
3898,4,train,2025
3899,4,train,2025
3900,0,train,2025
3901,9,train,2025
3902,9,train,2025
3903,0,train,2025
3904,9,train,2025
3905,0,train,2025
3906,9,train,2025
3907,1,train,2025
3908,8,train,2025
3909,1,train,2025
3910,7,train,2025
3911,0,train,2025
3912,2,train,2025
3913,7,train,2025
3914,3,train,2025
3915,0,train,2025
3916,6,train,2025
3917,0,train,2025
3918,7,validation,2025
3919,8,train,2025
3920,3,validation,2025
3921,2,train,2025
3922,5,train,2025
3923,3,train,2025
3924,8,train,2025
3925,3,validation,2025
3926,4,train,2025
3927,7,train,2025
3928,1,train,2025
3929,4,validation,2025
3930,1,train,2025
3931,0,validation,2025
3932,1,train,2025
3933,2,train,2025
3934,0,train,2025
3935,5,train,2025
3936,4,validation,2025
3937,2,train,2025
3938,4,train,2025
3939,8,train,2025
3940,9,train,2025
3941,6,train,2025
3942,7,train,2025
3943,0,train,2025
3944,1,train,2025
3945,9,train,2025
3946,9,train,2025
3947,5,train,2025
3948,6,train,2025
3949,2,train,2025
3950,4,validation,2025
3951,0,train,2025
3952,5,train,2025
3953,8,train,2025
3954,2,validation,2025
3955,6,train,2025
3956,1,train,2025
3957,5,train,2025
3958,9,train,2025
3959,5,validation,2025
3960,4,train,2025
3961,2,train,2025
3962,9,train,2025
3963,0,train,2025
3964,2,train,2025
3965,1,train,2025
3966,7,validation,2025
3967,6,train,2025
3968,7,train,2025
3969,5,validation,2025
3970,7,train,2025
3971,0,validation,2025
3972,6,train,2025
3973,4,train,2025
3974,7,train,2025
3975,4,train,2025
3976,3,train,2025
3977,6,train,2025
3978,8,train,2025
3979,3,train,2025
3980,7,train,2025
3981,7,train,2025
3982,7,train,2025
3983,7,train,2025
3984,3,train,2025
3985,7,train,2025
3986,7,train,2025
3987,7,train,2025
3988,3,train,2025
3989,5,train,2025
3990,4,validation,2025
3991,6,train,2025
3992,3,train,2025
3993,1,train,2025
3994,3,train,2025
3995,6,train,2025
3996,8,validation,2025
3997,4,train,2025
3998,9,train,2025
3999,4,train,2025
4000,7,validation,2025
4001,4,train,2025
4002,1,train,2025
4003,0,train,2025
4004,1,train,2025
4005,6,train,2025
4006,8,train,2025
4007,2,train,2025
4008,0,train,2025
4009,5,train,2025
4010,5,train,2025
4011,0,train,2025
4012,0,train,2025
4013,1,train,2025
4014,7,train,2025
4015,6,train,2025
4016,5,train,2025
4017,0,train,2025
4018,9,train,2025
4019,1,validation,2025
4020,3,validation,2025
4021,2,train,2025
4022,0,validation,2025
4023,6,validation,2025
4024,4,train,2025
4025,4,validation,2025
4026,3,train,2025
4027,2,train,2025
4028,1,train,2025
4029,7,train,2025
4030,6,train,2025
4031,0,validation,2025
4032,9,train,2025
4033,8,train,2025
4034,4,train,2025
4035,8,train,2025
4036,6,validation,2025
4037,9,train,2025
4038,0,validation,2025
4039,8,train,2025
4040,3,train,2025
4041,4,train,2025
4042,5,train,2025
4043,8,train,2025
4044,5,train,2025
4045,2,train,2025
4046,7,train,2025
4047,8,train,2025
4048,7,train,2025
4049,2,train,2025
4050,6,train,2025
4051,7,train,2025
4052,6,train,2025
4053,1,train,2025
4054,1,validation,2025
4055,4,train,2025
4056,0,train,2025
4057,3,validation,2025
4058,7,train,2025
4059,2,train,2025
4060,2,train,2025
4061,2,train,2025
4062,1,validation,2025
4063,2,train,2025
4064,2,train,2025
4065,4,train,2025
4066,9,train,2025
4067,5,train,2025
4068,2,validation,2025
4069,3,train,2025
4070,8,train,2025
4071,6,train,2025
4072,7,validation,2025
4073,6,validation,2025
4074,2,train,2025
4075,9,validation,2025
4076,9,validation,2025
4077,3,train,2025
4078,1,train,2025
4079,4,train,2025
4080,8,validation,2025
4081,1,train,2025
4082,6,train,2025
4083,4,train,2025
4084,0,train,2025
4085,5,train,2025
4086,4,validation,2025
4087,8,validation,2025
4088,6,train,2025
4089,4,train,2025
4090,4,train,2025
4091,6,train,2025
4092,8,train,2025
4093,3,train,2025
4094,5,train,2025
4095,5,validation,2025
4096,7,train,2025
4097,3,train,2025
4098,5,train,2025
4099,6,train,2025
4100,0,train,2025
4101,3,train,2025
4102,1,validation,2025
4103,2,train,2025
4104,2,train,2025
4105,8,train,2025
4106,4,train,2025
4107,0,train,2025
4108,0,train,2025
4109,0,validation,2025
4110,5,train,2025
4111,0,validation,2025
4112,8,train,2025
4113,5,train,2025
4114,4,validation,2025
4115,2,train,2025
4116,6,train,2025
4117,7,train,2025
4118,7,train,2025
4119,3,train,2025
4120,8,validation,2025
4121,3,train,2025
4122,9,train,2025
4123,3,train,2025
4124,4,train,2025
4125,2,train,2025
4126,2,train,2025
4127,8,validation,2025
4128,0,train,2025
4129,3,validation,2025
4130,5,train,2025
4131,6,validation,2025
4132,9,train,2025
4133,6,train,2025
4134,0,train,2025
4135,9,validation,2025
4136,3,train,2025
4137,4,train,2025
4138,9,train,2025
4139,0,train,2025
4140,8,train,2025
4141,4,train,2025
4142,3,train,2025
4143,0,validation,2025
4144,5,train,2025
4145,5,train,2025
4146,2,train,2025
4147,4,train,2025
4148,5,train,2025
4149,9,train,2025
4150,7,train,2025
4151,4,validation,2025
4152,0,train,2025
4153,9,train,2025
4154,1,train,2025
4155,8,train,2025
4156,7,train,2025
4157,1,train,2025
4158,1,train,2025
4159,5,validation,2025
4160,0,train,2025
4161,1,train,2025
4162,1,train,2025
4163,1,train,2025
4164,5,train,2025
4165,9,train,2025
4166,7,train,2025
4167,8,train,2025
4168,4,validation,2025
4169,8,validation,2025
4170,3,train,2025
4171,8,train,2025
4172,7,train,2025
4173,4,train,2025
4174,2,train,2025
4175,7,validation,2025
4176,9,validation,2025
4177,1,train,2025
4178,4,train,2025
4179,6,train,2025
4180,1,train,2025
4181,4,train,2025
4182,4,train,2025
4183,3,train,2025
4184,1,train,2025
4185,7,train,2025
4186,0,validation,2025
4187,7,train,2025
4188,9,train,2025
4189,1,train,2025
4190,9,train,2025
4191,9,train,2025
4192,3,train,2025
4193,1,train,2025
4194,1,train,2025
4195,1,validation,2025
4196,3,train,2025
4197,9,train,2025
4198,6,train,2025
4199,1,train,2025
4200,7,train,2025
4201,3,train,2025
4202,5,train,2025
4203,3,train,2025
4204,3,train,2025
4205,3,train,2025
4206,9,validation,2025
4207,7,train,2025
4208,5,validation,2025
4209,6,train,2025
4210,8,train,2025
4211,7,validation,2025
4212,3,train,2025
4213,3,train,2025
4214,0,validation,2025
4215,4,train,2025
4216,8,train,2025
4217,6,validation,2025
4218,7,train,2025
4219,7,train,2025
4220,1,validation,2025
4221,9,validation,2025
4222,8,train,2025
4223,4,train,2025
4224,5,validation,2025
4225,1,train,2025
4226,5,train,2025
4227,8,train,2025
4228,3,train,2025
4229,6,train,2025
4230,5,train,2025
4231,9,train,2025
4232,4,train,2025
4233,4,validation,2025
4234,6,train,2025
4235,9,train,2025
4236,2,train,2025
4237,3,train,2025
4238,4,train,2025
4239,7,train,2025
4240,6,train,2025
4241,2,train,2025
4242,5,train,2025
4243,2,validation,2025
4244,5,train,2025
4245,0,train,2025
4246,5,train,2025
4247,1,train,2025
4248,6,train,2025
4249,4,train,2025
4250,2,train,2025
4251,0,train,2025
4252,9,train,2025
4253,6,validation,2025
4254,4,train,2025
4255,3,train,2025
4256,2,validation,2025
4257,4,validation,2025
4258,9,train,2025
4259,7,train,2025
4260,6,validation,2025
4261,5,train,2025
4262,6,train,2025
4263,0,train,2025
4264,4,train,2025
4265,8,train,2025
4266,1,train,2025
4267,0,train,2025
4268,5,train,2025
4269,3,train,2025
4270,1,train,2025
4271,9,train,2025
4272,8,train,2025
4273,5,train,2025
4274,3,train,2025
4275,4,train,2025
4276,9,validation,2025
4277,0,validation,2025
4278,3,train,2025
4279,9,train,2025
4280,4,validation,2025
4281,0,train,2025
4282,1,train,2025
4283,5,validation,2025
4284,3,train,2025
4285,7,train,2025
4286,6,train,2025
4287,2,train,2025
4288,1,validation,2025
4289,9,validation,2025
4290,3,train,2025
4291,7,validation,2025
4292,3,train,2025
4293,9,train,2025
4294,0,train,2025
4295,1,train,2025
4296,5,train,2025
4297,5,train,2025
4298,7,validation,2025
4299,8,train,2025
4300,8,train,2025
4301,5,validation,2025
4302,1,validation,2025
4303,0,train,2025
4304,7,train,2025
4305,8,train,2025
4306,0,train,2025
4307,1,train,2025
4308,9,train,2025
4309,2,train,2025
4310,1,train,2025
4311,6,train,2025
4312,1,train,2025
4313,3,train,2025
4314,5,train,2025
4315,2,train,2025
4316,9,train,2025
4317,1,train,2025
4318,5,train,2025
4319,9,validation,2025
4320,1,validation,2025
4321,0,train,2025
4322,1,train,2025
4323,2,validation,2025
4324,6,validation,2025
4325,0,train,2025
4326,9,validation,2025
4327,1,train,2025
4328,6,train,2025
4329,7,validation,2025
4330,0,train,2025
4331,4,train,2025
4332,0,validation,2025
4333,8,validation,2025
4334,6,train,2025
4335,6,train,2025
4336,1,train,2025
4337,4,train,2025
4338,8,train,2025
4339,3,train,2025
4340,4,train,2025
4341,0,train,2025
4342,9,train,2025
4343,9,train,2025
4344,3,train,2025
4345,2,validation,2025
4346,2,train,2025
4347,1,train,2025
4348,6,train,2025
4349,6,train,2025
4350,3,train,2025
4351,3,train,2025
4352,9,train,2025
4353,5,train,2025
4354,1,train,2025
4355,4,train,2025
4356,6,train,2025
4357,8,validation,2025
4358,7,train,2025
4359,5,validation,2025
4360,5,train,2025
4361,2,train,2025
4362,6,train,2025
4363,0,train,2025
4364,3,train,2025
4365,7,train,2025
4366,8,train,2025
4367,4,validation,2025
4368,9,train,2025
4369,3,train,2025
4370,5,train,2025
4371,0,train,2025
4372,9,train,2025
4373,5,train,2025
4374,6,train,2025
4375,2,train,2025
4376,3,validation,2025
4377,8,validation,2025
4378,1,train,2025
4379,3,validation,2025
4380,0,train,2025
4381,0,train,2025
4382,8,validation,2025
4383,9,train,2025
4384,4,train,2025
4385,8,train,2025
4386,7,validation,2025
4387,3,train,2025
4388,4,train,2025
4389,3,train,2025
4390,9,train,2025
4391,4,validation,2025
4392,4,train,2025
4393,3,train,2025
4394,2,train,2025
4395,1,train,2025
4396,1,train,2025
4397,6,train,2025
4398,6,train,2025
4399,3,train,2025
4400,0,train,2025
4401,3,train,2025
4402,0,validation,2025
4403,7,train,2025
4404,5,validation,2025
4405,7,validation,2025
4406,4,train,2025
4407,1,train,2025
4408,5,train,2025
4409,2,train,2025
4410,5,train,2025
4411,8,validation,2025
4412,5,train,2025
4413,2,train,2025
4414,6,train,2025
4415,1,train,2025
4416,1,train,2025
4417,8,train,2025
4418,5,train,2025
4419,6,train,2025
4420,6,train,2025
4421,6,train,2025
4422,4,train,2025
4423,0,validation,2025
4424,2,train,2025
4425,3,validation,2025
4426,5,train,2025
4427,9,train,2025
4428,7,train,2025
4429,3,validation,2025
4430,2,train,2025
4431,8,train,2025
4432,0,train,2025
4433,7,train,2025
4434,2,validation,2025
4435,0,train,2025
4436,1,train,2025
4437,4,train,2025
4438,0,validation,2025
4439,7,train,2025
4440,1,train,2025
4441,9,train,2025
4442,5,train,2025
4443,2,train,2025
4444,8,validation,2025
4445,1,train,2025
4446,1,validation,2025
4447,0,train,2025
4448,8,train,2025
4449,0,train,2025
4450,0,validation,2025
4451,4,train,2025
4452,9,validation,2025
4453,7,train,2025
4454,9,train,2025
4455,9,train,2025
4456,6,train,2025
4457,1,train,2025
4458,0,train,2025
4459,2,train,2025
4460,3,train,2025
4461,2,validation,2025
4462,2,train,2025
4463,9,validation,2025
4464,2,train,2025
4465,5,train,2025
4466,1,train,2025
4467,7,validation,2025
4468,3,train,2025
4469,0,train,2025
4470,4,validation,2025
4471,5,validation,2025
4472,8,train,2025
4473,4,train,2025
4474,0,train,2025
4475,8,validation,2025
4476,0,train,2025
4477,7,train,2025
4478,1,train,2025
4479,9,train,2025
4480,1,train,2025
4481,9,train,2025
4482,5,train,2025
4483,8,train,2025
4484,2,train,2025
4485,2,train,2025
4486,1,validation,2025
4487,4,train,2025
4488,5,train,2025
4489,5,train,2025
4490,6,train,2025
4491,2,validation,2025
4492,4,train,2025
4493,7,train,2025
4494,0,train,2025
4495,2,train,2025
4496,7,train,2025
4497,2,validation,2025
4498,2,train,2025
4499,3,train,2025
4500,0,train,2025
4501,4,train,2025
4502,2,validation,2025
4503,9,validation,2025
4504,9,train,2025
4505,9,train,2025
4506,4,train,2025
4507,3,validation,2025
4508,3,train,2025
4509,4,train,2025
4510,5,train,2025
4511,3,train,2025
4512,6,train,2025
4513,1,train,2025
4514,1,train,2025
4515,3,train,2025
4516,1,train,2025
4517,9,train,2025
4518,1,train,2025
4519,9,validation,2025
4520,9,train,2025
4521,8,train,2025
4522,9,train,2025
4523,5,train,2025
4524,1,train,2025
4525,8,train,2025
4526,3,train,2025
4527,4,train,2025
4528,5,validation,2025
4529,8,train,2025
4530,1,validation,2025
4531,9,validation,2025
4532,6,train,2025
4533,9,train,2025
4534,7,train,2025
4535,6,train,2025
4536,5,train,2025
4537,8,train,2025
4538,2,train,2025
4539,2,train,2025
4540,2,train,2025
4541,9,validation,2025
4542,0,train,2025
4543,7,train,2025
4544,5,validation,2025
4545,2,train,2025
4546,9,train,2025
4547,4,train,2025
4548,7,validation,2025
4549,4,train,2025
4550,4,train,2025
4551,5,validation,2025
4552,1,train,2025
4553,5,validation,2025
4554,6,validation,2025
4555,3,train,2025
4556,2,train,2025
4557,5,train,2025
4558,0,train,2025
4559,1,train,2025
4560,8,train,2025
4561,3,validation,2025
4562,5,train,2025
4563,9,train,2025
4564,3,train,2025
4565,2,train,2025
4566,9,train,2025
4567,1,train,2025
4568,1,train,2025
4569,6,train,2025
4570,7,validation,2025
4571,2,train,2025
4572,6,train,2025
4573,7,validation,2025
4574,5,train,2025
4575,0,train,2025
4576,8,validation,2025
4577,1,train,2025
4578,3,train,2025
4579,7,train,2025
4580,2,train,2025
4581,9,train,2025
4582,7,validation,2025
4583,2,train,2025
4584,0,validation,2025
4585,1,train,2025
4586,6,train,2025
4587,6,train,2025
4588,2,validation,2025
4589,2,train,2025
4590,5,train,2025
4591,9,train,2025
4592,3,train,2025
4593,0,train,2025
4594,9,train,2025
4595,7,train,2025
4596,3,validation,2025
4597,5,train,2025
4598,4,train,2025
4599,3,train,2025
4600,3,train,2025
4601,8,validation,2025
4602,3,validation,2025
4603,0,validation,2025
4604,1,validation,2025
4605,2,train,2025
4606,9,train,2025
4607,5,train,2025
4608,3,train,2025
4609,7,train,2025
4610,1,train,2025
4611,0,validation,2025
4612,9,train,2025
4613,2,train,2025
4614,4,validation,2025
4615,8,train,2025
4616,8,train,2025
4617,8,validation,2025
4618,6,train,2025
4619,4,train,2025
4620,2,train,2025
4621,8,validation,2025
4622,5,train,2025
4623,0,train,2025
4624,9,train,2025
4625,9,train,2025
4626,4,train,2025
4627,8,train,2025
4628,5,train,2025
4629,2,train,2025
4630,1,validation,2025
4631,4,train,2025
4632,3,train,2025
4633,2,validation,2025
4634,8,validation,2025
4635,3,train,2025
4636,8,train,2025
4637,9,train,2025
4638,8,train,2025
4639,0,validation,2025
4640,7,train,2025
4641,7,train,2025
4642,0,train,2025
4643,7,train,2025
4644,1,train,2025
4645,8,train,2025
4646,8,train,2025
4647,8,train,2025
4648,5,train,2025
4649,8,validation,2025
4650,0,train,2025
4651,2,train,2025
4652,9,train,2025
4653,8,train,2025
4654,8,train,2025
4655,3,train,2025
4656,1,validation,2025
4657,8,train,2025
4658,1,train,2025
4659,5,validation,2025
4660,3,train,2025
4661,4,train,2025
4662,4,train,2025
4663,9,train,2025
4664,1,train,2025
4665,4,validation,2025
4666,9,train,2025
4667,3,validation,2025
4668,4,train,2025
4669,3,train,2025
4670,6,train,2025
4671,0,train,2025
4672,4,train,2025
4673,6,train,2025
4674,8,train,2025
4675,2,train,2025
4676,1,train,2025
4677,6,validation,2025
4678,1,validation,2025
4679,4,train,2025
4680,7,train,2025
4681,2,train,2025
4682,2,train,2025
4683,9,train,2025
4684,9,train,2025
4685,7,train,2025
4686,0,train,2025
4687,1,train,2025
4688,0,train,2025
4689,9,train,2025
4690,2,train,2025
4691,9,train,2025
4692,2,train,2025
4693,8,train,2025
4694,6,train,2025
4695,6,train,2025
4696,5,train,2025
4697,6,train,2025
4698,1,validation,2025
4699,6,train,2025
4700,9,validation,2025
4701,4,train,2025
4702,1,train,2025
4703,9,train,2025
4704,3,validation,2025
4705,2,train,2025
4706,9,train,2025
4707,4,train,2025
4708,8,validation,2025
4709,9,train,2025
4710,2,validation,2025
4711,4,train,2025
4712,9,validation,2025
4713,6,train,2025
4714,7,train,2025
4715,6,train,2025
4716,3,validation,2025
4717,9,validation,2025
4718,2,train,2025
4719,6,train,2025
4720,0,validation,2025
4721,1,validation,2025
4722,3,train,2025
4723,8,validation,2025
4724,4,validation,2025
4725,1,train,2025
4726,0,train,2025
4727,0,train,2025
4728,3,train,2025
4729,7,train,2025
4730,7,train,2025
4731,3,train,2025
4732,9,train,2025
4733,6,train,2025
4734,5,validation,2025
4735,3,train,2025
4736,9,train,2025
4737,6,train,2025
4738,9,validation,2025
4739,0,train,2025
4740,3,train,2025
4741,7,train,2025
4742,8,train,2025
4743,0,validation,2025
4744,6,validation,2025
4745,3,validation,2025
4746,2,train,2025
4747,3,train,2025
4748,0,train,2025
4749,5,train,2025
4750,8,validation,2025
4751,3,train,2025
4752,9,train,2025
4753,8,train,2025
4754,3,train,2025
4755,3,train,2025
4756,6,train,2025
4757,8,train,2025
4758,7,train,2025
4759,8,train,2025
4760,9,train,2025
4761,6,train,2025
4762,0,train,2025
4763,6,train,2025
4764,5,train,2025
4765,6,train,2025
4766,6,validation,2025
4767,0,train,2025
4768,1,train,2025
4769,3,train,2025
4770,4,train,2025
4771,6,train,2025
4772,1,train,2025
4773,3,train,2025
4774,0,train,2025
4775,2,train,2025
4776,1,train,2025
4777,2,train,2025
4778,4,validation,2025
4779,4,train,2025
4780,0,train,2025
4781,1,train,2025
4782,0,train,2025
4783,7,train,2025
4784,8,train,2025
4785,7,train,2025
4786,3,train,2025
4787,0,train,2025
4788,9,train,2025
4789,7,train,2025
4790,8,train,2025
4791,8,train,2025
4792,3,train,2025
4793,6,train,2025
4794,6,train,2025
4795,3,train,2025
4796,9,train,2025
4797,3,train,2025
4798,5,train,2025
4799,4,train,2025
4800,2,train,2025
4801,5,train,2025
4802,0,validation,2025
4803,7,train,2025
4804,7,train,2025
4805,8,train,2025
4806,9,train,2025
4807,4,train,2025
4808,3,validation,2025
4809,5,train,2025
4810,8,train,2025
4811,7,validation,2025
4812,7,train,2025
4813,2,train,2025
4814,9,train,2025
4815,8,train,2025
4816,0,validation,2025
4817,3,train,2025
4818,0,train,2025
4819,0,train,2025
4820,2,train,2025
4821,5,train,2025
4822,6,train,2025
4823,3,train,2025
4824,4,validation,2025
4825,3,train,2025
4826,4,train,2025
4827,3,train,2025
4828,0,train,2025
4829,8,train,2025
4830,8,train,2025
4831,5,train,2025
4832,1,train,2025
4833,4,train,2025
4834,4,train,2025
4835,9,train,2025
4836,1,train,2025
4837,4,train,2025
4838,3,train,2025
4839,5,train,2025
4840,7,train,2025
4841,2,train,2025
4842,7,validation,2025
4843,3,validation,2025
4844,0,train,2025
4845,2,train,2025
4846,6,train,2025
4847,7,train,2025
4848,6,train,2025
4849,3,train,2025
4850,0,train,2025
4851,6,validation,2025
4852,6,train,2025
4853,4,train,2025
4854,0,train,2025
4855,2,train,2025
4856,2,train,2025
4857,1,validation,2025
4858,2,train,2025
4859,2,validation,2025
4860,2,train,2025
4861,7,train,2025
4862,3,train,2025
4863,5,train,2025
4864,0,train,2025
4865,1,train,2025
4866,6,train,2025
4867,7,train,2025
4868,6,train,2025
4869,6,validation,2025
4870,0,train,2025
4871,4,train,2025
4872,8,train,2025
4873,4,train,2025
4874,6,train,2025
4875,7,train,2025
4876,9,train,2025
4877,1,validation,2025
4878,4,train,2025
4879,7,train,2025
4880,7,train,2025
4881,9,train,2025
4882,2,train,2025
4883,8,train,2025
4884,9,train,2025
4885,3,train,2025
4886,5,train,2025
4887,4,train,2025
4888,9,validation,2025
4889,7,validation,2025
4890,5,train,2025
4891,0,train,2025
4892,8,train,2025
4893,6,validation,2025
4894,4,validation,2025
4895,2,validation,2025
4896,6,train,2025
4897,8,train,2025
4898,8,train,2025
4899,9,train,2025
4900,3,train,2025
4901,7,validation,2025
4902,7,validation,2025
4903,3,train,2025
4904,8,train,2025
4905,7,train,2025
4906,8,train,2025
4907,0,train,2025
4908,7,train,2025
4909,8,train,2025
4910,7,train,2025
4911,3,train,2025
4912,6,train,2025
4913,7,train,2025
4914,4,validation,2025
4915,9,train,2025
4916,3,train,2025
4917,0,train,2025
4918,3,train,2025
4919,4,train,2025
4920,2,train,2025
4921,4,validation,2025
4922,7,train,2025
4923,4,validation,2025
4924,7,train,2025
4925,1,train,2025
4926,6,train,2025
4927,8,validation,2025
4928,8,train,2025
4929,1,train,2025
4930,0,train,2025
4931,8,validation,2025
4932,5,train,2025
4933,0,validation,2025
4934,5,train,2025
4935,8,train,2025
4936,3,train,2025
4937,3,train,2025
4938,8,train,2025
4939,8,train,2025
4940,3,validation,2025
4941,8,train,2025
4942,9,validation,2025
4943,5,train,2025
4944,3,validation,2025
4945,4,train,2025
4946,8,train,2025
4947,6,train,2025
4948,4,train,2025
4949,7,validation,2025
4950,2,validation,2025
4951,8,train,2025
4952,7,validation,2025
4953,7,train,2025
4954,0,train,2025
4955,8,train,2025
4956,5,train,2025
4957,8,train,2025
4958,8,validation,2025
4959,9,train,2025
4960,7,validation,2025
4961,3,train,2025
4962,9,train,2025
4963,4,train,2025
4964,8,validation,2025
4965,5,train,2025
4966,5,train,2025
4967,1,train,2025
4968,9,train,2025
4969,9,train,2025
4970,2,train,2025
4971,9,validation,2025
4972,2,validation,2025
4973,7,train,2025
4974,5,train,2025
4975,8,train,2025
4976,8,train,2025
4977,0,train,2025
4978,2,train,2025
4979,8,validation,2025
4980,6,train,2025
4981,6,train,2025
4982,7,train,2025
4983,0,train,2025
4984,5,train,2025
4985,9,validation,2025
4986,4,train,2025
4987,8,train,2025
4988,1,train,2025
4989,3,train,2025
4990,2,train,2025
4991,3,train,2025
4992,6,train,2025
4993,6,train,2025
4994,0,validation,2025
4995,6,train,2025
4996,3,train,2025
4997,1,validation,2025
4998,4,train,2025
4999,9,train,2025
5000,0,train,2025
5001,1,train,2025
5002,0,validation,2025
5003,0,train,2025
5004,4,train,2025
5005,3,train,2025
5006,4,train,2025
5007,8,train,2025
5008,1,train,2025
5009,5,train,2025
5010,0,train,2025
5011,9,train,2025
5012,2,train,2025
5013,5,train,2025
5014,9,train,2025
5015,0,validation,2025
5016,7,train,2025
5017,2,train,2025
5018,0,train,2025
5019,3,validation,2025
5020,4,train,2025
5021,3,train,2025
5022,5,train,2025
5023,1,train,2025
5024,3,train,2025
5025,4,validation,2025
5026,9,train,2025
5027,2,train,2025
5028,7,train,2025
5029,3,train,2025
5030,1,train,2025
5031,4,validation,2025
5032,3,train,2025
5033,7,validation,2025
5034,3,train,2025
5035,3,train,2025
5036,4,validation,2025
5037,6,train,2025
5038,6,train,2025
5039,7,train,2025
5040,1,train,2025
5041,5,train,2025
5042,3,validation,2025
5043,3,train,2025
5044,4,train,2025
5045,7,train,2025
5046,4,train,2025
5047,0,train,2025
5048,6,train,2025
5049,3,train,2025
5050,6,train,2025
5051,6,train,2025
5052,0,train,2025
5053,0,train,2025
5054,3,train,2025
5055,9,train,2025
5056,6,train,2025
5057,7,train,2025
5058,2,train,2025
5059,6,train,2025
5060,0,train,2025
5061,2,train,2025
5062,5,train,2025
5063,0,train,2025
5064,7,train,2025
5065,8,train,2025
5066,4,validation,2025
5067,1,train,2025
5068,3,train,2025
5069,0,train,2025
5070,8,train,2025
5071,6,train,2025
5072,7,train,2025
5073,6,train,2025
5074,6,train,2025
5075,9,train,2025
5076,3,train,2025
5077,0,validation,2025
5078,5,train,2025
5079,6,train,2025
5080,0,train,2025
5081,8,train,2025
5082,8,train,2025
5083,9,train,2025
5084,7,train,2025
5085,7,train,2025
5086,3,train,2025
5087,8,train,2025
5088,6,train,2025
5089,9,validation,2025
5090,8,train,2025
5091,6,train,2025
5092,6,validation,2025
5093,3,train,2025
5094,2,train,2025
5095,6,train,2025
5096,3,train,2025
5097,2,validation,2025
5098,9,train,2025
5099,0,train,2025
5100,6,validation,2025
5101,9,train,2025
5102,7,train,2025
5103,4,train,2025
5104,8,train,2025
5105,1,train,2025
5106,4,train,2025
5107,4,train,2025
5108,9,validation,2025
5109,8,train,2025
5110,7,train,2025
5111,4,train,2025
5112,3,validation,2025
5113,6,train,2025
5114,0,validation,2025
5115,2,train,2025
5116,3,train,2025
5117,6,train,2025
5118,8,train,2025
5119,7,train,2025
5120,2,train,2025
5121,9,validation,2025
5122,5,train,2025
5123,5,train,2025
5124,5,train,2025
5125,5,train,2025
5126,4,train,2025
5127,4,train,2025
5128,3,validation,2025
5129,0,train,2025
5130,8,train,2025
5131,2,train,2025
5132,9,train,2025
5133,7,train,2025
5134,6,train,2025
5135,4,train,2025
5136,0,validation,2025
5137,7,train,2025
5138,5,train,2025
5139,3,validation,2025
5140,2,validation,2025
5141,5,train,2025
5142,0,validation,2025
5143,5,train,2025
5144,0,train,2025
5145,4,train,2025
5146,2,train,2025
5147,9,train,2025
5148,5,train,2025
5149,7,train,2025
5150,5,validation,2025
5151,5,train,2025
5152,8,train,2025
5153,3,validation,2025
5154,7,train,2025
5155,6,train,2025
5156,5,train,2025
5157,3,validation,2025
5158,1,train,2025
5159,8,train,2025
5160,9,train,2025
5161,2,train,2025
5162,8,train,2025
5163,0,train,2025
5164,8,train,2025
5165,8,train,2025
5166,1,train,2025
5167,5,validation,2025
5168,4,validation,2025
5169,5,train,2025
5170,5,validation,2025
5171,4,train,2025
5172,4,train,2025
5173,8,validation,2025
5174,3,validation,2025
5175,9,train,2025
5176,6,train,2025
5177,3,train,2025
5178,0,validation,2025
5179,3,train,2025
5180,8,train,2025
5181,6,train,2025
5182,1,train,2025
5183,6,train,2025
5184,2,validation,2025
5185,3,train,2025
5186,4,validation,2025
5187,4,train,2025
5188,4,train,2025
5189,2,train,2025
5190,2,train,2025
5191,8,train,2025
5192,2,train,2025
5193,2,train,2025
5194,1,train,2025
5195,0,validation,2025
5196,8,train,2025
5197,6,train,2025
5198,3,train,2025
5199,4,train,2025
5200,8,train,2025
5201,2,train,2025
5202,3,validation,2025
5203,1,train,2025
5204,1,train,2025
5205,6,validation,2025
5206,2,validation,2025
5207,9,train,2025
5208,9,train,2025
5209,3,train,2025
5210,6,train,2025
5211,3,train,2025
5212,3,train,2025
5213,0,train,2025
5214,6,train,2025
5215,5,train,2025
5216,0,train,2025
5217,0,train,2025
5218,9,train,2025
5219,7,train,2025
5220,0,train,2025
5221,9,train,2025
5222,1,train,2025
5223,9,train,2025
5224,8,train,2025
5225,9,validation,2025
5226,9,train,2025
5227,0,train,2025
5228,2,train,2025
5229,9,validation,2025
5230,0,train,2025
5231,9,train,2025
5232,6,train,2025
5233,3,train,2025
5234,1,validation,2025
5235,3,train,2025
5236,0,train,2025
5237,0,train,2025
5238,7,train,2025
5239,1,validation,2025
5240,7,train,2025
5241,3,train,2025
5242,6,train,2025
5243,9,train,2025
5244,2,train,2025
5245,7,train,2025
5246,3,train,2025
5247,0,train,2025
5248,2,validation,2025
5249,8,train,2025
5250,2,train,2025
5251,7,train,2025
5252,1,train,2025
5253,1,train,2025
5254,7,validation,2025
5255,1,train,2025
5256,2,train,2025
5257,1,train,2025
5258,9,train,2025
5259,3,train,2025
5260,5,validation,2025
5261,4,train,2025
5262,8,train,2025
5263,9,validation,2025
5264,8,train,2025
5265,3,train,2025
5266,2,validation,2025
5267,9,train,2025
5268,7,train,2025
5269,7,train,2025
5270,2,train,2025
5271,4,validation,2025
5272,9,train,2025
5273,9,validation,2025
5274,6,train,2025
5275,4,train,2025
5276,1,train,2025
5277,6,train,2025
5278,7,train,2025
5279,2,train,2025
5280,7,train,2025
5281,9,train,2025
5282,7,train,2025
5283,9,train,2025
5284,8,train,2025
5285,6,validation,2025
5286,0,train,2025
5287,7,train,2025
5288,0,train,2025
5289,2,train,2025
5290,8,train,2025
5291,6,train,2025
5292,3,train,2025
5293,5,train,2025
5294,1,train,2025
5295,3,train,2025
5296,5,train,2025
5297,4,train,2025
5298,6,train,2025
5299,8,train,2025
5300,7,train,2025
5301,3,train,2025
5302,0,validation,2025
5303,9,train,2025
5304,4,train,2025
5305,8,train,2025
5306,7,train,2025
5307,5,train,2025
5308,8,train,2025
5309,8,train,2025
5310,8,train,2025
5311,3,train,2025
5312,6,train,2025
5313,2,train,2025
5314,6,train,2025
5315,9,train,2025
5316,4,train,2025
5317,3,validation,2025
5318,6,train,2025
5319,1,train,2025
5320,9,train,2025
5321,0,train,2025
5322,6,train,2025
5323,2,validation,2025
5324,4,train,2025
5325,3,validation,2025
5326,3,train,2025
5327,9,validation,2025
5328,1,train,2025
5329,6,train,2025
5330,7,train,2025
5331,6,train,2025
5332,1,validation,2025
5333,6,train,2025
5334,8,train,2025
5335,8,train,2025
5336,5,validation,2025
5337,9,train,2025
5338,6,train,2025
5339,7,train,2025
5340,1,train,2025
5341,2,train,2025
5342,5,train,2025
5343,0,train,2025
5344,0,train,2025
5345,0,train,2025
5346,6,validation,2025
5347,7,train,2025
5348,6,train,2025
5349,0,train,2025
5350,4,validation,2025
5351,6,train,2025
5352,3,train,2025
5353,3,train,2025
5354,0,train,2025
5355,9,train,2025
5356,4,train,2025
5357,5,train,2025
5358,8,validation,2025
5359,6,train,2025
5360,4,validation,2025
5361,4,validation,2025
5362,6,train,2025
5363,8,validation,2025
5364,0,train,2025
5365,8,train,2025
5366,0,train,2025
5367,7,train,2025
5368,9,train,2025
5369,0,train,2025
5370,8,train,2025
5371,6,train,2025
5372,7,train,2025
5373,7,validation,2025
5374,3,train,2025
5375,7,train,2025
5376,9,train,2025
5377,8,train,2025
5378,7,train,2025
5379,6,train,2025
5380,5,validation,2025
5381,9,train,2025
5382,6,train,2025
5383,2,validation,2025
5384,7,train,2025
5385,4,train,2025
5386,1,train,2025
5387,0,train,2025
5388,7,validation,2025
5389,5,train,2025
5390,1,train,2025
5391,5,train,2025
5392,9,train,2025
5393,7,train,2025
5394,2,train,2025
5395,1,train,2025
5396,9,validation,2025
5397,8,train,2025
5398,1,train,2025
5399,9,train,2025
5400,5,train,2025
5401,8,train,2025
5402,2,train,2025
5403,6,train,2025
5404,1,train,2025
5405,8,validation,2025
5406,0,validation,2025
5407,4,train,2025
5408,7,train,2025
5409,9,train,2025
5410,5,train,2025
5411,4,train,2025
5412,5,validation,2025
5413,2,train,2025
5414,6,train,2025
5415,5,validation,2025
5416,8,train,2025
5417,5,train,2025
5418,8,train,2025
5419,2,train,2025
5420,1,validation,2025
5421,1,train,2025
5422,6,train,2025
5423,5,train,2025
5424,5,train,2025
5425,8,train,2025
5426,9,train,2025
5427,1,train,2025
5428,5,train,2025
5429,2,train,2025
5430,1,train,2025
5431,9,validation,2025
5432,2,validation,2025
5433,4,train,2025
5434,9,validation,2025
5435,5,train,2025
5436,6,train,2025
5437,0,train,2025
5438,3,train,2025
5439,2,train,2025
5440,4,train,2025
5441,6,train,2025
5442,8,train,2025
5443,7,train,2025
5444,9,train,2025
5445,5,train,2025
5446,1,train,2025
5447,4,train,2025
5448,2,train,2025
5449,2,train,2025
5450,5,train,2025
5451,7,train,2025
5452,1,train,2025
5453,9,train,2025
5454,7,train,2025
5455,2,validation,2025
5456,4,train,2025
5457,8,train,2025
5458,4,validation,2025
5459,8,train,2025
5460,1,validation,2025
5461,0,train,2025
5462,9,train,2025
5463,2,validation,2025
5464,7,train,2025
5465,6,train,2025
5466,6,train,2025
5467,9,train,2025
5468,5,train,2025
5469,2,train,2025
5470,0,validation,2025
5471,9,train,2025
5472,7,validation,2025
5473,6,train,2025
5474,7,train,2025
5475,0,train,2025
5476,9,validation,2025
5477,6,train,2025
5478,0,train,2025
5479,8,train,2025
5480,0,train,2025
5481,1,train,2025
5482,0,train,2025
5483,3,validation,2025
5484,5,train,2025
5485,9,train,2025
5486,3,train,2025
5487,5,train,2025
5488,5,train,2025
5489,1,validation,2025
5490,7,train,2025
5491,2,train,2025
5492,8,validation,2025
5493,9,validation,2025
5494,3,train,2025
5495,7,train,2025
5496,4,train,2025
5497,9,train,2025
5498,2,train,2025
5499,8,train,2025
5500,7,train,2025
5501,7,train,2025
5502,5,train,2025
5503,6,train,2025
5504,7,validation,2025
5505,3,train,2025
5506,8,train,2025
5507,5,validation,2025
5508,1,validation,2025
5509,6,train,2025
5510,6,train,2025
5511,6,validation,2025
5512,1,train,2025
5513,6,train,2025
5514,5,train,2025
5515,9,train,2025
5516,8,train,2025
5517,5,train,2025
5518,1,train,2025
5519,5,train,2025
5520,8,train,2025
5521,0,train,2025
5522,2,train,2025
5523,4,train,2025
5524,6,train,2025
5525,1,train,2025
5526,4,validation,2025
5527,1,train,2025
5528,4,train,2025
5529,5,train,2025
5530,9,validation,2025
5531,5,train,2025
5532,4,validation,2025
5533,0,train,2025
5534,0,train,2025
5535,0,train,2025
5536,1,train,2025
5537,8,train,2025
5538,1,validation,2025
5539,8,train,2025
5540,3,train,2025
5541,1,train,2025
5542,5,train,2025
5543,8,train,2025
5544,3,validation,2025
5545,0,train,2025
5546,1,train,2025
5547,3,train,2025
5548,5,train,2025
5549,8,train,2025
5550,3,validation,2025
5551,3,validation,2025
5552,0,train,2025
5553,2,train,2025
5554,2,train,2025
5555,9,train,2025
5556,9,validation,2025
5557,1,validation,2025
5558,8,train,2025
5559,5,train,2025
5560,4,train,2025
5561,6,train,2025
5562,1,train,2025
5563,2,train,2025
5564,4,train,2025
5565,6,train,2025
5566,9,train,2025
5567,5,train,2025
5568,8,validation,2025
5569,9,train,2025
5570,2,train,2025
5571,8,train,2025
5572,6,validation,2025
5573,8,train,2025
5574,1,train,2025
5575,0,train,2025
5576,7,train,2025
5577,0,train,2025
5578,3,validation,2025
5579,8,validation,2025
5580,5,train,2025
5581,9,train,2025
5582,8,train,2025
5583,5,validation,2025
5584,0,validation,2025
5585,9,validation,2025
5586,6,train,2025
5587,6,train,2025
5588,0,train,2025
5589,3,validation,2025
5590,2,train,2025
5591,2,train,2025
5592,9,validation,2025
5593,7,train,2025
5594,6,train,2025
5595,0,train,2025
5596,5,train,2025
5597,5,train,2025
5598,1,train,2025
5599,9,validation,2025
5600,1,train,2025
5601,8,validation,2025
5602,9,train,2025
5603,4,train,2025
5604,5,train,2025
5605,3,train,2025
5606,2,validation,2025
5607,8,train,2025
5608,9,train,2025
5609,1,train,2025
5610,0,train,2025
5611,2,train,2025
5612,5,train,2025
5613,0,train,2025
5614,8,train,2025
5615,1,train,2025
5616,9,train,2025
5617,8,train,2025
5618,7,train,2025
5619,0,train,2025
5620,4,train,2025
5621,5,train,2025
5622,9,train,2025
5623,1,train,2025
5624,8,validation,2025
5625,3,validation,2025
5626,7,validation,2025
5627,2,train,2025
5628,8,train,2025
5629,5,validation,2025
5630,1,train,2025
5631,2,train,2025
5632,6,train,2025
5633,1,train,2025
5634,2,train,2025
5635,9,train,2025
5636,0,train,2025
5637,0,train,2025
5638,6,train,2025
5639,8,validation,2025
5640,7,validation,2025
5641,6,validation,2025
5642,0,train,2025
5643,2,train,2025
5644,2,train,2025
5645,5,train,2025
5646,2,validation,2025
5647,4,train,2025
5648,5,train,2025
5649,9,train,2025
5650,3,train,2025
5651,1,validation,2025
5652,2,train,2025
5653,0,validation,2025
5654,9,train,2025
5655,0,validation,2025
5656,4,train,2025
5657,2,train,2025
5658,9,train,2025
5659,0,train,2025
5660,5,validation,2025
5661,8,train,2025
5662,2,train,2025
5663,4,train,2025
5664,8,train,2025
5665,4,train,2025
5666,7,train,2025
5667,3,train,2025
5668,7,train,2025
5669,5,train,2025
5670,6,train,2025
5671,6,train,2025
5672,6,train,2025
5673,8,train,2025
5674,1,train,2025
5675,3,train,2025
5676,4,train,2025
5677,8,validation,2025
5678,3,train,2025
5679,6,train,2025
5680,1,train,2025
5681,6,train,2025
5682,9,train,2025
5683,7,train,2025
5684,4,train,2025
5685,6,train,2025
5686,8,train,2025
5687,4,train,2025
5688,5,train,2025
5689,2,train,2025
5690,7,validation,2025
5691,3,train,2025
5692,7,validation,2025
5693,6,train,2025
5694,6,train,2025
5695,7,train,2025
5696,0,train,2025
5697,5,train,2025
5698,7,train,2025
5699,7,train,2025
5700,0,train,2025
5701,1,train,2025
5702,5,train,2025
5703,1,train,2025
5704,1,train,2025
5705,0,train,2025
5706,2,train,2025
5707,9,train,2025
5708,6,train,2025
5709,9,train,2025
5710,4,train,2025
5711,3,train,2025
5712,1,train,2025
5713,7,train,2025
5714,1,validation,2025
5715,0,train,2025
5716,6,train,2025
5717,3,validation,2025
5718,4,validation,2025
5719,7,validation,2025
5720,4,train,2025
5721,2,train,2025
5722,0,train,2025
5723,4,train,2025
5724,2,validation,2025
5725,8,train,2025
5726,0,train,2025
5727,4,train,2025
5728,8,validation,2025
5729,5,train,2025
5730,0,train,2025
5731,9,train,2025
5732,7,train,2025
5733,8,train,2025
5734,5,train,2025
5735,7,train,2025
5736,7,train,2025
5737,9,train,2025
5738,8,train,2025
5739,9,train,2025
5740,7,train,2025
5741,9,validation,2025
5742,4,train,2025
5743,5,train,2025
5744,6,validation,2025
5745,8,validation,2025
5746,8,train,2025
5747,1,train,2025
5748,5,train,2025
5749,4,train,2025
5750,0,train,2025
5751,2,train,2025
5752,4,train,2025
5753,5,train,2025
5754,8,train,2025
5755,3,train,2025
5756,6,train,2025
5757,2,train,2025
5758,9,train,2025
5759,2,train,2025
5760,8,train,2025
5761,1,train,2025
5762,2,validation,2025
5763,8,validation,2025
5764,8,validation,2025
5765,9,validation,2025
5766,7,train,2025
5767,1,train,2025
5768,6,train,2025
5769,8,train,2025
5770,8,train,2025
5771,6,train,2025
5772,7,validation,2025
5773,5,train,2025
5774,4,train,2025
5775,5,train,2025
5776,5,train,2025
5777,1,train,2025
5778,5,train,2025
5779,9,validation,2025
5780,4,train,2025
5781,6,train,2025
5782,0,validation,2025
5783,0,validation,2025
5784,0,train,2025
5785,1,train,2025
5786,7,train,2025
5787,2,train,2025
5788,2,train,2025
5789,3,train,2025
5790,1,validation,2025
5791,3,validation,2025
5792,3,validation,2025
5793,8,validation,2025
5794,5,train,2025
5795,7,train,2025
5796,0,validation,2025
5797,4,train,2025
5798,7,train,2025
5799,7,train,2025
5800,0,validation,2025
5801,1,train,2025
5802,5,train,2025
5803,2,train,2025
5804,4,validation,2025
5805,5,train,2025
5806,4,validation,2025
5807,0,train,2025
5808,1,train,2025
5809,8,train,2025
5810,6,train,2025
5811,1,train,2025
5812,7,train,2025
5813,0,train,2025
5814,1,train,2025
5815,7,train,2025
5816,2,train,2025
5817,1,validation,2025
5818,0,validation,2025
5819,1,train,2025
5820,9,train,2025
5821,3,train,2025
5822,0,train,2025
5823,9,train,2025
5824,0,train,2025
5825,5,train,2025
5826,7,train,2025
5827,0,train,2025
5828,7,train,2025
5829,3,train,2025
5830,5,train,2025
5831,8,train,2025
5832,7,train,2025
5833,1,train,2025
5834,4,train,2025
5835,8,train,2025
5836,1,train,2025
5837,8,validation,2025
5838,7,train,2025
5839,8,train,2025
5840,0,validation,2025
5841,5,train,2025
5842,0,train,2025
5843,2,validation,2025
5844,4,train,2025
5845,0,validation,2025
5846,0,train,2025
5847,3,validation,2025
5848,7,validation,2025
5849,0,validation,2025
5850,6,train,2025
5851,2,validation,2025
5852,1,validation,2025
5853,8,train,2025
5854,0,validation,2025
5855,0,train,2025
5856,8,train,2025
5857,7,train,2025
5858,6,train,2025
5859,3,train,2025
5860,3,validation,2025
5861,1,train,2025
5862,8,validation,2025
5863,3,train,2025
5864,1,train,2025
5865,8,train,2025
5866,7,train,2025
5867,4,validation,2025
5868,0,train,2025
5869,6,train,2025
5870,8,train,2025
5871,7,train,2025
5872,8,train,2025
5873,6,train,2025
5874,6,train,2025
5875,2,train,2025
5876,2,train,2025
5877,3,train,2025
5878,0,train,2025
5879,8,train,2025
5880,6,train,2025
5881,1,validation,2025
5882,4,train,2025
5883,9,train,2025
5884,0,validation,2025
5885,8,train,2025
5886,6,train,2025
5887,8,train,2025
5888,6,train,2025
5889,4,train,2025
5890,7,train,2025
5891,8,validation,2025
5892,3,train,2025
5893,1,train,2025
5894,1,train,2025
5895,1,train,2025
5896,9,train,2025
5897,9,train,2025
5898,9,train,2025
5899,3,train,2025
5900,8,train,2025
5901,2,train,2025
5902,3,train,2025
5903,6,train,2025
5904,5,train,2025
5905,6,validation,2025
5906,4,train,2025
5907,7,train,2025
5908,5,train,2025
5909,7,validation,2025
5910,1,train,2025
5911,9,train,2025
5912,9,train,2025
5913,5,validation,2025
5914,7,validation,2025
5915,7,train,2025
5916,1,train,2025
5917,4,train,2025
5918,2,train,2025
5919,0,train,2025
5920,5,train,2025
5921,1,train,2025
5922,0,train,2025
5923,7,train,2025
5924,8,train,2025
5925,9,train,2025
5926,4,validation,2025
5927,5,train,2025
5928,5,train,2025
5929,2,train,2025
5930,6,train,2025
5931,9,validation,2025
5932,6,train,2025
5933,3,train,2025
5934,4,train,2025
5935,4,validation,2025
5936,1,train,2025
5937,4,train,2025
5938,7,train,2025
5939,3,train,2025
5940,0,train,2025
5941,0,train,2025
5942,1,train,2025
5943,2,train,2025
5944,6,train,2025
5945,4,train,2025
5946,0,train,2025
5947,5,train,2025
5948,9,train,2025
5949,6,validation,2025
5950,5,train,2025
5951,5,validation,2025
5952,5,train,2025
5953,7,train,2025
5954,7,train,2025
5955,9,train,2025
5956,1,train,2025
5957,2,train,2025
5958,2,train,2025
5959,6,train,2025
5960,3,train,2025
5961,9,validation,2025
5962,1,train,2025
5963,0,validation,2025
5964,0,train,2025
5965,5,train,2025
5966,9,validation,2025
5967,3,train,2025
5968,3,train,2025
5969,4,train,2025
5970,6,train,2025
5971,4,train,2025
5972,7,train,2025
5973,1,train,2025
5974,1,train,2025
5975,8,train,2025
5976,9,validation,2025
5977,7,train,2025
5978,4,train,2025
5979,0,train,2025
5980,4,validation,2025
5981,0,validation,2025
5982,7,train,2025
5983,1,validation,2025
5984,0,train,2025
5985,6,train,2025
5986,4,train,2025
5987,6,validation,2025
5988,2,train,2025
5989,1,train,2025
5990,4,train,2025
5991,9,train,2025
5992,9,train,2025
5993,3,train,2025
5994,0,train,2025
5995,3,train,2025
5996,8,train,2025
5997,4,train,2025
5998,8,train,2025
5999,4,train,2025
6000,6,validation,2025
6001,3,train,2025
6002,4,train,2025
6003,8,validation,2025
6004,0,train,2025
6005,1,train,2025
6006,2,train,2025
6007,5,train,2025
6008,9,validation,2025
6009,1,train,2025
6010,2,train,2025
6011,2,train,2025
6012,4,train,2025
6013,8,train,2025
6014,4,train,2025
6015,2,train,2025
6016,2,train,2025
6017,9,train,2025
6018,5,validation,2025
6019,6,train,2025
6020,9,train,2025
6021,0,train,2025
6022,7,validation,2025
6023,6,train,2025
6024,5,train,2025
6025,8,train,2025
6026,3,train,2025
6027,1,train,2025
6028,2,validation,2025
6029,6,train,2025
6030,3,train,2025
6031,8,train,2025
6032,1,train,2025
6033,4,train,2025
6034,2,train,2025
6035,2,validation,2025
6036,4,train,2025
6037,3,train,2025
6038,9,train,2025
6039,1,train,2025
6040,4,train,2025
6041,7,train,2025
6042,4,train,2025
6043,6,train,2025
6044,6,train,2025
6045,6,train,2025
6046,3,train,2025
6047,4,train,2025
6048,7,train,2025
6049,2,validation,2025
6050,4,train,2025
6051,6,train,2025
6052,2,validation,2025
6053,5,validation,2025
6054,2,validation,2025
6055,5,train,2025
6056,4,train,2025
6057,8,train,2025
6058,5,train,2025
6059,8,train,2025
6060,3,train,2025
6061,9,validation,2025
6062,5,train,2025
6063,9,train,2025
6064,4,train,2025
6065,4,validation,2025
6066,2,train,2025
6067,3,train,2025
6068,6,train,2025
6069,5,train,2025
6070,4,train,2025
6071,6,train,2025
6072,8,train,2025
6073,6,train,2025
6074,7,train,2025
6075,1,train,2025
6076,6,train,2025
6077,1,train,2025
6078,7,validation,2025
6079,0,train,2025
6080,4,train,2025
6081,5,train,2025
6082,6,train,2025
6083,2,validation,2025
6084,9,train,2025
6085,3,train,2025
6086,2,validation,2025
6087,8,train,2025
6088,1,train,2025
6089,4,train,2025
6090,1,validation,2025
6091,1,validation,2025
6092,9,train,2025
6093,0,train,2025
6094,3,validation,2025
6095,8,train,2025
6096,9,train,2025
6097,7,train,2025
6098,6,train,2025
6099,1,validation,2025
6100,9,train,2025
6101,2,train,2025
6102,0,train,2025
6103,1,train,2025
6104,5,validation,2025
6105,5,validation,2025
6106,9,train,2025
6107,5,validation,2025
6108,8,train,2025
6109,0,train,2025
6110,4,train,2025
6111,7,train,2025
6112,3,train,2025
6113,5,validation,2025
6114,0,train,2025
6115,4,train,2025
6116,4,train,2025
6117,3,train,2025
6118,5,train,2025
6119,3,train,2025
6120,5,train,2025
6121,3,train,2025
6122,3,validation,2025
6123,4,train,2025
6124,8,train,2025
6125,0,train,2025
6126,9,validation,2025
6127,1,train,2025
6128,4,train,2025
6129,7,train,2025
6130,6,train,2025
6131,4,train,2025
6132,3,train,2025
6133,3,train,2025
6134,5,train,2025
6135,2,validation,2025
6136,3,train,2025
6137,4,train,2025
6138,9,validation,2025
6139,0,train,2025
6140,1,train,2025
6141,8,train,2025
6142,3,train,2025
6143,5,validation,2025
6144,6,train,2025
6145,9,train,2025
6146,7,validation,2025
6147,9,train,2025
6148,2,train,2025
6149,3,train,2025
6150,5,validation,2025
6151,5,train,2025
6152,6,validation,2025
6153,0,train,2025
6154,3,train,2025
6155,3,train,2025
6156,1,train,2025
6157,8,validation,2025
6158,6,train,2025
6159,9,train,2025
6160,8,train,2025
6161,3,train,2025
6162,2,train,2025
6163,8,validation,2025
6164,3,train,2025
6165,0,train,2025
6166,5,train,2025
6167,1,train,2025
6168,3,train,2025
6169,3,train,2025
6170,2,validation,2025
6171,5,train,2025
6172,4,train,2025
6173,2,train,2025
6174,5,train,2025
6175,1,train,2025
6176,1,train,2025
6177,9,validation,2025
6178,7,train,2025
6179,4,train,2025
6180,1,validation,2025
6181,1,train,2025
6182,3,train,2025
6183,9,train,2025
6184,5,train,2025
6185,5,train,2025
6186,7,train,2025
6187,2,validation,2025
6188,0,train,2025
6189,8,train,2025
6190,6,validation,2025
6191,7,validation,2025
6192,3,validation,2025
6193,5,train,2025
6194,0,train,2025
6195,1,train,2025
6196,7,train,2025
6197,4,validation,2025
6198,6,train,2025
6199,9,train,2025
6200,3,train,2025
6201,1,train,2025
6202,0,train,2025
6203,9,train,2025
6204,3,train,2025
6205,5,train,2025
6206,2,validation,2025
6207,8,train,2025
6208,0,train,2025
6209,8,train,2025
6210,8,train,2025
6211,5,train,2025
6212,3,train,2025
6213,3,train,2025
6214,6,validation,2025
6215,5,validation,2025
6216,2,train,2025
6217,1,train,2025
6218,4,validation,2025
6219,7,train,2025
6220,1,train,2025
6221,1,train,2025
6222,4,train,2025
6223,9,train,2025
6224,2,train,2025
6225,1,train,2025
6226,0,validation,2025
6227,2,train,2025
6228,9,train,2025
6229,1,train,2025
6230,6,train,2025
6231,3,validation,2025
6232,3,train,2025
6233,6,train,2025
6234,2,validation,2025
6235,7,validation,2025
6236,6,validation,2025
6237,8,train,2025
6238,1,train,2025
6239,5,train,2025
6240,8,train,2025
6241,2,train,2025
6242,9,train,2025
6243,8,train,2025
6244,7,train,2025
6245,4,train,2025
6246,1,validation,2025
6247,2,train,2025
6248,5,train,2025
6249,2,train,2025
6250,0,train,2025
6251,3,validation,2025
6252,4,train,2025
6253,0,train,2025
6254,7,validation,2025
6255,4,train,2025
6256,9,train,2025
6257,2,train,2025
6258,1,train,2025
6259,7,train,2025
6260,0,validation,2025
6261,6,validation,2025
6262,4,train,2025
6263,4,train,2025
6264,5,validation,2025
6265,6,train,2025
6266,2,train,2025
6267,9,train,2025
6268,1,train,2025
6269,6,train,2025
6270,2,train,2025
6271,7,validation,2025
6272,8,train,2025
6273,0,train,2025
6274,7,train,2025
6275,1,train,2025
6276,6,train,2025
6277,5,validation,2025
6278,7,train,2025
6279,9,train,2025
6280,3,train,2025
6281,5,train,2025
6282,8,train,2025
6283,1,train,2025
6284,3,train,2025
6285,9,train,2025
6286,5,train,2025
6287,1,train,2025
6288,8,validation,2025
6289,5,train,2025
6290,5,train,2025
6291,5,train,2025
6292,8,train,2025
6293,8,validation,2025
6294,3,train,2025
6295,3,validation,2025
6296,5,train,2025
6297,5,train,2025
6298,4,train,2025
6299,4,train,2025
6300,4,train,2025
6301,2,train,2025
6302,4,train,2025
6303,8,validation,2025
6304,2,train,2025
6305,9,train,2025
6306,3,validation,2025
6307,8,train,2025
6308,4,validation,2025
6309,6,train,2025
6310,7,train,2025
6311,9,train,2025
6312,4,train,2025
6313,5,train,2025
6314,2,train,2025
6315,3,train,2025
6316,0,train,2025
6317,1,train,2025
6318,2,train,2025
6319,6,train,2025
6320,3,train,2025
6321,3,train,2025
6322,9,train,2025
6323,8,train,2025
6324,7,validation,2025
6325,6,train,2025
6326,2,train,2025
6327,1,train,2025
6328,5,train,2025
6329,7,train,2025
6330,7,train,2025
6331,0,train,2025
6332,3,train,2025
6333,8,train,2025
6334,6,train,2025
6335,3,train,2025
6336,7,train,2025
6337,6,train,2025
6338,3,train,2025
6339,0,train,2025
6340,2,train,2025
6341,9,train,2025
6342,2,train,2025
6343,1,train,2025
6344,8,train,2025
6345,1,train,2025
6346,3,train,2025
6347,2,train,2025
6348,6,train,2025
6349,1,validation,2025
6350,2,train,2025
6351,9,validation,2025
6352,8,train,2025
6353,8,train,2025
6354,7,train,2025
6355,9,train,2025
6356,2,train,2025
6357,4,train,2025
6358,3,train,2025
6359,6,train,2025
6360,1,train,2025
6361,8,train,2025
6362,8,train,2025
6363,9,train,2025
6364,5,train,2025
6365,1,train,2025
6366,1,train,2025
6367,0,validation,2025
6368,7,train,2025
6369,8,validation,2025
6370,3,train,2025
6371,4,train,2025
6372,0,train,2025
6373,5,train,2025
6374,8,train,2025
6375,1,train,2025
6376,4,validation,2025
6377,0,validation,2025
6378,4,train,2025
6379,5,train,2025
6380,6,validation,2025
6381,7,train,2025
6382,1,train,2025
6383,1,train,2025
6384,3,train,2025
6385,1,train,2025
6386,8,train,2025
6387,0,train,2025
6388,5,validation,2025
6389,7,validation,2025
6390,3,validation,2025
6391,7,validation,2025
6392,1,validation,2025
6393,5,validation,2025
6394,2,validation,2025
6395,2,train,2025
6396,9,train,2025
6397,8,train,2025
6398,0,train,2025
6399,3,train,2025
6400,2,train,2025
6401,5,train,2025
6402,4,validation,2025
6403,1,train,2025
6404,6,train,2025
6405,5,train,2025
6406,3,train,2025
6407,6,train,2025
6408,1,validation,2025
6409,9,train,2025
6410,4,validation,2025
6411,2,train,2025
6412,5,validation,2025
6413,7,train,2025
6414,3,train,2025
6415,6,train,2025
6416,3,train,2025
6417,3,train,2025
6418,8,train,2025
6419,6,train,2025
6420,2,train,2025
6421,4,train,2025
6422,9,train,2025
6423,5,validation,2025
6424,1,train,2025
6425,6,train,2025
6426,6,train,2025
6427,5,train,2025
6428,8,train,2025
6429,2,train,2025
6430,3,train,2025
6431,2,train,2025
6432,8,train,2025
6433,3,train,2025
6434,7,train,2025
6435,0,train,2025
6436,3,validation,2025
6437,1,validation,2025
6438,1,train,2025
6439,9,train,2025
6440,1,train,2025
6441,0,train,2025
6442,7,train,2025
6443,8,train,2025
6444,7,validation,2025
6445,1,validation,2025
6446,1,train,2025
6447,1,train,2025
6448,4,train,2025
6449,4,train,2025
6450,3,train,2025
6451,9,validation,2025
6452,6,train,2025
6453,8,train,2025
6454,4,train,2025
6455,3,train,2025
6456,9,train,2025
6457,3,train,2025
6458,0,train,2025
6459,5,validation,2025
6460,5,train,2025
6461,5,train,2025
6462,9,train,2025
6463,9,train,2025
6464,5,train,2025
6465,1,validation,2025
6466,6,validation,2025
6467,9,train,2025
6468,2,train,2025
6469,7,train,2025
6470,2,train,2025
6471,1,train,2025
6472,2,train,2025
6473,5,train,2025
6474,2,train,2025
6475,2,train,2025
6476,8,train,2025
6477,6,train,2025
6478,5,train,2025
6479,0,train,2025
6480,7,train,2025
6481,2,train,2025
6482,9,train,2025
6483,4,train,2025
6484,5,train,2025
6485,5,train,2025
6486,6,train,2025
6487,4,train,2025
6488,6,train,2025
6489,7,train,2025
6490,7,validation,2025
6491,3,train,2025
6492,5,train,2025
6493,7,train,2025
6494,5,train,2025
6495,5,train,2025
6496,6,validation,2025
6497,7,validation,2025
6498,8,train,2025
6499,4,train,2025
6500,2,validation,2025
6501,1,validation,2025
6502,4,train,2025
6503,9,validation,2025
6504,2,train,2025
6505,8,train,2025
6506,5,train,2025
6507,9,validation,2025
6508,5,train,2025
6509,4,train,2025
6510,7,train,2025
6511,6,train,2025
6512,7,validation,2025
6513,8,train,2025
6514,7,train,2025
6515,7,validation,2025
6516,0,train,2025
6517,4,train,2025
6518,5,train,2025
6519,8,validation,2025
6520,6,validation,2025
6521,3,train,2025
6522,5,train,2025
6523,0,validation,2025
6524,1,train,2025
6525,5,train,2025
6526,4,train,2025
6527,0,train,2025
6528,8,train,2025
6529,6,train,2025
6530,9,train,2025
6531,4,train,2025
6532,1,validation,2025
6533,0,train,2025
6534,4,validation,2025
6535,1,train,2025
6536,6,train,2025
6537,9,train,2025
6538,7,train,2025
6539,9,validation,2025
6540,4,validation,2025
6541,7,train,2025
6542,6,train,2025
6543,2,train,2025
6544,5,train,2025
6545,9,train,2025
6546,6,train,2025
6547,1,validation,2025
6548,8,train,2025
6549,4,train,2025
6550,2,train,2025
6551,5,train,2025
6552,8,train,2025
6553,6,train,2025
6554,3,train,2025
6555,5,train,2025
6556,2,validation,2025
6557,2,train,2025
6558,5,train,2025
6559,0,train,2025
6560,0,train,2025
6561,8,train,2025
6562,3,validation,2025
6563,7,train,2025
6564,6,train,2025
6565,2,train,2025
6566,2,train,2025
6567,8,train,2025
6568,8,train,2025
6569,5,train,2025
6570,0,train,2025
6571,9,train,2025
6572,6,train,2025
6573,9,train,2025
6574,2,train,2025
6575,6,validation,2025
6576,8,train,2025
6577,1,train,2025
6578,0,validation,2025
6579,6,train,2025
6580,2,validation,2025
6581,0,train,2025
6582,9,train,2025
6583,0,validation,2025
6584,9,train,2025
6585,8,validation,2025
6586,5,train,2025
6587,6,train,2025
6588,0,train,2025
6589,0,validation,2025
6590,4,train,2025
6591,6,train,2025
6592,7,validation,2025
6593,5,train,2025
6594,3,train,2025
6595,6,train,2025
6596,9,train,2025
6597,5,train,2025
6598,5,train,2025
6599,7,train,2025
6600,0,train,2025
6601,6,validation,2025
6602,8,train,2025
6603,1,train,2025
6604,7,train,2025
6605,6,train,2025
6606,6,train,2025
6607,0,train,2025
6608,2,train,2025
6609,9,validation,2025
6610,3,train,2025
6611,9,train,2025
6612,6,train,2025
6613,5,train,2025
6614,3,train,2025
6615,0,train,2025
6616,5,validation,2025
6617,3,train,2025
6618,0,train,2025
6619,6,train,2025
6620,3,train,2025
6621,7,train,2025
6622,5,train,2025
6623,4,train,2025
6624,2,train,2025
6625,0,train,2025
6626,7,train,2025
6627,6,train,2025
6628,8,validation,2025
6629,2,train,2025
6630,9,train,2025
6631,7,train,2025
6632,1,train,2025
6633,6,train,2025
6634,8,train,2025
6635,1,train,2025
6636,5,train,2025
6637,4,validation,2025
6638,8,train,2025
6639,0,train,2025
6640,3,train,2025
6641,6,train,2025
6642,2,train,2025
6643,5,validation,2025
6644,0,train,2025
6645,7,train,2025
6646,9,train,2025
6647,2,train,2025
6648,6,train,2025
6649,6,train,2025
6650,7,train,2025
6651,0,train,2025
6652,3,validation,2025
6653,3,validation,2025
6654,2,train,2025
6655,7,train,2025
6656,4,train,2025
6657,7,train,2025
6658,4,train,2025
6659,5,train,2025
6660,4,train,2025
6661,8,train,2025
6662,8,train,2025
6663,3,train,2025
6664,5,train,2025
6665,1,train,2025
6666,7,train,2025
6667,9,train,2025
6668,7,train,2025
6669,4,train,2025
6670,9,validation,2025
6671,7,train,2025
6672,1,train,2025
6673,1,train,2025
6674,4,train,2025
6675,1,validation,2025
6676,4,train,2025
6677,1,train,2025
6678,5,train,2025
6679,3,validation,2025
6680,0,train,2025
6681,5,train,2025
6682,9,train,2025
6683,8,train,2025
6684,9,train,2025
6685,3,validation,2025
6686,2,train,2025
6687,0,train,2025
6688,6,train,2025
6689,9,train,2025
6690,7,train,2025
6691,4,train,2025
6692,9,train,2025
6693,2,train,2025
6694,7,validation,2025
6695,5,validation,2025
6696,3,train,2025
6697,7,train,2025
6698,7,train,2025
6699,1,train,2025
6700,1,train,2025
6701,6,train,2025
6702,1,train,2025
6703,4,train,2025
6704,2,train,2025
6705,7,train,2025
6706,7,train,2025
6707,7,train,2025
6708,6,validation,2025
6709,5,validation,2025
6710,9,train,2025
6711,7,validation,2025
6712,0,train,2025
6713,9,train,2025
6714,0,train,2025
6715,6,train,2025
6716,7,validation,2025
6717,4,validation,2025
6718,1,train,2025
6719,7,train,2025
6720,5,validation,2025
6721,2,train,2025
6722,3,train,2025
6723,3,train,2025
6724,0,train,2025
6725,6,train,2025
6726,6,train,2025
6727,8,train,2025
6728,4,train,2025
6729,8,train,2025
6730,3,train,2025
6731,4,train,2025
6732,8,train,2025
6733,6,train,2025
6734,4,train,2025
6735,3,train,2025
6736,6,train,2025
6737,5,validation,2025
6738,7,train,2025
6739,4,train,2025
6740,2,train,2025
6741,7,train,2025
6742,1,validation,2025
6743,8,train,2025
6744,9,validation,2025
6745,6,train,2025
6746,5,train,2025
6747,3,train,2025
6748,4,train,2025
6749,1,train,2025
6750,5,train,2025
6751,9,train,2025
6752,7,train,2025
6753,2,train,2025
6754,2,validation,2025
6755,0,train,2025
6756,1,train,2025
6757,1,train,2025
6758,1,train,2025
6759,3,train,2025
6760,5,train,2025
6761,7,train,2025
6762,2,train,2025
6763,6,train,2025
6764,2,validation,2025
6765,7,train,2025
6766,5,validation,2025
6767,5,train,2025
6768,4,validation,2025
6769,2,train,2025
6770,2,train,2025
6771,7,train,2025
6772,5,validation,2025
6773,4,train,2025
6774,7,train,2025
6775,0,train,2025
6776,7,train,2025
6777,2,train,2025
6778,4,train,2025
6779,1,train,2025
6780,6,validation,2025
6781,3,train,2025
6782,0,train,2025
6783,8,train,2025
6784,6,train,2025
6785,9,validation,2025
6786,0,train,2025
6787,3,train,2025
6788,9,train,2025
6789,5,train,2025
6790,0,train,2025
6791,0,train,2025
6792,4,train,2025
6793,6,train,2025
6794,6,train,2025
6795,7,train,2025
6796,7,train,2025
6797,0,train,2025
6798,6,train,2025
6799,6,train,2025
6800,1,train,2025
6801,5,train,2025
6802,9,train,2025
6803,1,validation,2025
6804,5,validation,2025
6805,7,train,2025
6806,5,train,2025
6807,0,train,2025
6808,6,train,2025
6809,8,train,2025
6810,3,train,2025
6811,3,train,2025
6812,2,train,2025
6813,6,train,2025
6814,1,train,2025
6815,8,validation,2025
6816,7,validation,2025
6817,2,train,2025
6818,0,train,2025
6819,8,train,2025
6820,1,validation,2025
6821,8,validation,2025
6822,8,validation,2025
6823,8,train,2025
6824,0,train,2025
6825,7,train,2025
6826,3,train,2025
6827,1,train,2025
6828,3,train,2025
6829,3,train,2025
6830,6,train,2025
6831,6,train,2025
6832,4,validation,2025
6833,0,validation,2025
6834,7,train,2025
6835,3,validation,2025
6836,1,validation,2025
6837,8,train,2025
6838,6,train,2025
6839,7,validation,2025
6840,8,train,2025
6841,5,train,2025
6842,8,train,2025
6843,4,train,2025
6844,5,train,2025
6845,0,train,2025
6846,0,train,2025
6847,0,train,2025
6848,9,train,2025
6849,6,train,2025
6850,5,train,2025
6851,8,train,2025
6852,2,train,2025
6853,8,validation,2025
6854,4,train,2025
6855,5,train,2025
6856,8,train,2025
6857,7,train,2025
6858,4,train,2025
6859,5,train,2025
6860,7,train,2025
6861,4,train,2025
6862,9,train,2025
6863,6,train,2025
6864,1,validation,2025
6865,9,train,2025
6866,5,train,2025
6867,5,train,2025
6868,4,train,2025
6869,0,train,2025
6870,4,validation,2025
6871,1,train,2025
6872,6,train,2025
6873,4,train,2025
6874,9,validation,2025
6875,4,train,2025
6876,2,train,2025
6877,7,train,2025
6878,1,train,2025
6879,9,train,2025
6880,5,train,2025
6881,9,train,2025
6882,4,train,2025
6883,7,train,2025
6884,6,train,2025
6885,4,train,2025
6886,2,train,2025
6887,9,validation,2025
6888,7,train,2025
6889,7,train,2025
6890,4,train,2025
6891,9,train,2025
6892,1,train,2025
6893,6,train,2025
6894,4,train,2025
6895,8,train,2025
6896,3,validation,2025
6897,1,train,2025
6898,9,train,2025
6899,8,train,2025
6900,0,train,2025
6901,3,train,2025
6902,7,train,2025
6903,0,train,2025
6904,1,train,2025
6905,1,validation,2025
6906,4,train,2025
6907,1,train,2025
6908,1,train,2025
6909,6,train,2025
6910,2,train,2025
6911,2,train,2025
6912,1,train,2025
6913,5,validation,2025
6914,3,validation,2025
6915,3,validation,2025
6916,6,train,2025
6917,6,train,2025
6918,3,validation,2025
6919,0,train,2025
6920,1,train,2025
6921,8,train,2025
6922,6,validation,2025
6923,0,validation,2025
6924,1,validation,2025
6925,9,train,2025
6926,4,train,2025
6927,6,train,2025
6928,4,train,2025
6929,0,train,2025
6930,7,train,2025
6931,3,train,2025
6932,2,train,2025
6933,1,train,2025
6934,5,train,2025
6935,5,train,2025
6936,4,validation,2025
6937,7,train,2025
6938,9,train,2025
6939,4,train,2025
6940,1,train,2025
6941,5,train,2025
6942,6,validation,2025
6943,1,train,2025
6944,4,validation,2025
6945,6,train,2025
6946,7,validation,2025
6947,1,train,2025
6948,2,train,2025
6949,0,train,2025
6950,0,train,2025
6951,1,train,2025
6952,0,train,2025
6953,8,train,2025
6954,8,train,2025
6955,4,validation,2025
6956,6,validation,2025
6957,6,validation,2025
6958,0,train,2025
6959,0,train,2025
6960,6,train,2025
6961,6,train,2025
6962,2,train,2025
6963,6,validation,2025
6964,5,train,2025
6965,1,train,2025
6966,1,train,2025
6967,6,train,2025
6968,7,validation,2025
6969,3,validation,2025
6970,1,train,2025
6971,9,train,2025
6972,8,train,2025
6973,5,validation,2025
6974,7,train,2025
6975,6,train,2025
6976,9,validation,2025
6977,7,train,2025
6978,0,validation,2025
6979,9,train,2025
6980,5,train,2025
6981,7,train,2025
6982,5,validation,2025
6983,8,train,2025
6984,7,train,2025
6985,3,train,2025
6986,0,train,2025
6987,7,train,2025
6988,8,train,2025
6989,1,train,2025
6990,4,validation,2025
6991,2,train,2025
6992,5,validation,2025
6993,1,validation,2025
6994,4,train,2025
6995,5,train,2025
6996,7,train,2025
6997,4,train,2025
6998,6,train,2025
6999,6,train,2025
7000,3,validation,2025
7001,2,train,2025
7002,8,train,2025
7003,5,train,2025
7004,0,train,2025
7005,7,train,2025
7006,0,train,2025
7007,4,train,2025
7008,4,train,2025
7009,7,train,2025
7010,4,train,2025
7011,4,train,2025
7012,9,train,2025
7013,7,train,2025
7014,8,validation,2025
7015,4,validation,2025
7016,6,train,2025
7017,0,train,2025
7018,8,validation,2025
7019,4,train,2025
7020,3,validation,2025
7021,3,train,2025
7022,3,validation,2025
7023,3,validation,2025
7024,4,train,2025
7025,7,train,2025
7026,5,train,2025
7027,8,train,2025
7028,5,validation,2025
7029,2,validation,2025
7030,8,validation,2025
7031,4,train,2025
7032,4,validation,2025
7033,5,train,2025
7034,9,train,2025
7035,3,train,2025
7036,2,train,2025
7037,2,train,2025
7038,5,validation,2025
7039,3,train,2025
7040,6,train,2025
7041,8,train,2025
7042,2,train,2025
7043,4,train,2025
7044,5,train,2025
7045,2,train,2025
7046,6,train,2025
7047,1,validation,2025
7048,7,validation,2025
7049,9,validation,2025
7050,7,train,2025
7051,5,train,2025
7052,0,train,2025
7053,9,train,2025
7054,0,train,2025
7055,4,train,2025
7056,8,train,2025
7057,2,validation,2025
7058,7,validation,2025
7059,5,train,2025
7060,5,train,2025
7061,7,train,2025
7062,1,train,2025
7063,3,train,2025
7064,3,train,2025
7065,7,validation,2025
7066,4,train,2025
7067,9,train,2025
7068,5,validation,2025
7069,7,train,2025
7070,8,train,2025
7071,0,validation,2025
7072,2,train,2025
7073,5,train,2025
7074,0,validation,2025
7075,4,train,2025
7076,1,train,2025
7077,4,train,2025
7078,9,validation,2025
7079,8,train,2025
7080,8,train,2025
7081,9,train,2025
7082,7,train,2025
7083,0,train,2025
7084,0,train,2025
7085,4,validation,2025
7086,8,train,2025
7087,1,train,2025
7088,5,train,2025
7089,2,train,2025
7090,1,train,2025
7091,2,validation,2025
7092,9,validation,2025
7093,8,train,2025
7094,2,train,2025
7095,1,train,2025
7096,7,train,2025
7097,3,validation,2025
7098,5,train,2025
7099,1,validation,2025
7100,4,train,2025
7101,8,train,2025
7102,0,train,2025
7103,1,train,2025
7104,5,train,2025
7105,7,train,2025
7106,4,train,2025
7107,7,validation,2025
7108,3,train,2025
7109,9,validation,2025
7110,6,train,2025
7111,2,validation,2025
7112,2,train,2025
7113,7,train,2025
7114,3,train,2025
7115,7,train,2025
7116,9,validation,2025
7117,7,train,2025
7118,4,train,2025
7119,4,train,2025
7120,2,train,2025
7121,1,train,2025
7122,1,validation,2025
7123,0,train,2025
7124,1,train,2025
7125,2,train,2025
7126,3,train,2025
7127,6,validation,2025
7128,6,train,2025
7129,7,train,2025
7130,2,train,2025
7131,6,train,2025
7132,3,train,2025
7133,9,train,2025
7134,7,validation,2025
7135,3,train,2025
7136,8,train,2025
7137,0,train,2025
7138,6,train,2025
7139,4,train,2025
7140,6,train,2025
7141,4,train,2025
7142,3,train,2025
7143,2,train,2025
7144,2,train,2025
7145,4,train,2025
7146,6,train,2025
7147,3,train,2025
7148,7,train,2025
7149,1,train,2025
7150,0,train,2025
7151,5,train,2025
7152,7,validation,2025
7153,9,train,2025
7154,9,train,2025
7155,1,train,2025
7156,5,train,2025
7157,3,train,2025
7158,0,train,2025
7159,3,train,2025
7160,1,validation,2025
7161,9,train,2025
7162,4,validation,2025
7163,9,train,2025
7164,7,train,2025
7165,8,train,2025
7166,4,train,2025
7167,3,train,2025
7168,9,validation,2025
7169,5,validation,2025
7170,0,train,2025
7171,4,train,2025
7172,8,validation,2025
7173,1,train,2025
7174,1,train,2025
7175,0,train,2025
7176,7,train,2025
7177,4,train,2025
7178,4,train,2025
7179,8,train,2025
7180,5,train,2025
7181,9,train,2025
7182,9,train,2025
7183,8,train,2025
7184,6,train,2025
7185,0,train,2025
7186,3,validation,2025
7187,2,validation,2025
7188,6,train,2025
7189,4,train,2025
7190,0,train,2025
7191,9,train,2025
7192,1,train,2025
7193,5,train,2025
7194,3,train,2025
7195,5,train,2025
7196,9,validation,2025
7197,9,train,2025
7198,1,train,2025
7199,6,validation,2025
7200,4,train,2025
7201,5,train,2025
7202,1,train,2025
7203,3,validation,2025
7204,1,validation,2025
7205,7,train,2025
7206,8,train,2025
7207,9,train,2025
7208,2,train,2025
7209,9,train,2025
7210,3,validation,2025
7211,6,train,2025
7212,7,train,2025
7213,9,train,2025
7214,5,train,2025
7215,7,train,2025
7216,6,train,2025
7217,1,train,2025
7218,0,train,2025
7219,0,train,2025
7220,7,train,2025
7221,3,train,2025
7222,0,validation,2025
7223,0,train,2025
7224,5,train,2025
7225,4,train,2025
7226,1,train,2025
7227,1,train,2025
7228,4,train,2025
7229,5,train,2025
7230,9,validation,2025
7231,2,train,2025
7232,4,train,2025
7233,3,train,2025
7234,1,train,2025
7235,8,train,2025
7236,8,train,2025
7237,7,train,2025
7238,7,validation,2025
7239,8,validation,2025
7240,1,train,2025
7241,0,train,2025
7242,3,train,2025
7243,9,train,2025
7244,6,validation,2025
7245,4,train,2025
7246,3,train,2025
7247,6,train,2025
7248,9,train,2025
7249,2,train,2025
7250,6,validation,2025
7251,2,train,2025
7252,1,train,2025
7253,3,train,2025
7254,0,train,2025
7255,2,train,2025
7256,2,train,2025
7257,2,train,2025
7258,8,train,2025
7259,4,train,2025
7260,8,train,2025
7261,9,train,2025
7262,4,validation,2025
7263,4,train,2025
7264,7,train,2025
7265,5,train,2025
7266,4,train,2025
7267,5,train,2025
7268,6,train,2025
7269,3,train,2025
7270,3,train,2025
7271,9,train,2025
7272,3,train,2025
7273,2,train,2025
7274,3,train,2025
7275,1,train,2025
7276,9,validation,2025
7277,2,train,2025
7278,0,train,2025
7279,2,train,2025
7280,2,train,2025
7281,6,train,2025
7282,9,train,2025
7283,6,train,2025
7284,2,train,2025
7285,0,train,2025
7286,7,train,2025
7287,8,train,2025
7288,6,train,2025
7289,4,train,2025
7290,7,train,2025
7291,6,train,2025
7292,9,train,2025
7293,2,train,2025
7294,7,train,2025
7295,1,train,2025
7296,4,train,2025
7297,5,train,2025
7298,2,validation,2025
7299,8,validation,2025
7300,8,validation,2025
7301,2,train,2025
7302,9,train,2025
7303,7,validation,2025
7304,3,validation,2025
7305,3,validation,2025
7306,5,train,2025
7307,1,train,2025
7308,2,train,2025
7309,7,train,2025
7310,9,train,2025
7311,3,train,2025
7312,3,train,2025
7313,4,train,2025
7314,9,validation,2025
7315,2,validation,2025
7316,5,train,2025
7317,7,train,2025
7318,1,train,2025
7319,4,train,2025
7320,2,train,2025
7321,7,train,2025
7322,1,train,2025
7323,3,train,2025
7324,8,train,2025
7325,6,train,2025
7326,1,validation,2025
7327,2,train,2025
7328,4,validation,2025
7329,0,train,2025
7330,9,train,2025
7331,1,train,2025
7332,7,train,2025
7333,8,train,2025
7334,2,train,2025
7335,4,validation,2025
7336,7,train,2025
7337,4,train,2025
7338,9,train,2025
7339,9,train,2025
7340,8,train,2025
7341,8,train,2025
7342,4,train,2025
7343,6,train,2025
7344,0,train,2025
7345,2,train,2025
7346,8,train,2025
7347,5,train,2025
7348,4,train,2025
7349,1,train,2025
7350,2,train,2025
7351,0,validation,2025
7352,4,train,2025
7353,2,validation,2025
7354,4,train,2025
7355,9,train,2025
7356,7,validation,2025
7357,0,validation,2025
7358,1,train,2025
7359,4,validation,2025
7360,4,train,2025
7361,1,validation,2025
7362,8,validation,2025
7363,4,validation,2025
7364,1,train,2025
7365,1,train,2025
7366,6,validation,2025
7367,8,train,2025
